_id,officialCode,name,nameNormalized,province,city,educationLevel,authority,officialStatus,platformStatus,dataSource,sourceYear,sourceVersion,sourceRow,remark
s_ba0447637af6c95bd318ed6e6fd58ffa,4134010378,安徽财经大学,安徽财经大学,安徽省,蚌埠市,本科,安徽省,valid,pending,MOE,2026,截至2026年6月17日,1072,
s_3d65e7448fa95c01347c1d26d4294c95,4134013845,安徽财贸职业学院,安徽财贸职业学院,安徽省,合肥市,专科,安徽省,valid,pending,MOE,2026,截至2026年6月17日,1140,
s_c3ab0abb5f90c24785008e8827492a1b,4134013338,安徽城市管理职业学院,安徽城市管理职业学院,安徽省,合肥市,专科,安徽省,valid,pending,MOE,2026,截至2026年6月17日,1131,
s_09b02f5acddd62f7da00fc90444c7a8e,4134010357,安徽大学,安徽大学,安徽省,合肥市,本科,安徽省,valid,pending,MOE,2026,截至2026年6月17日,1054,
s_d9defe9a011edf3cee0cfd0ceb0555b0,4134012925,安徽第二医学院,安徽第二医学院,安徽省,合肥市,本科,安徽省,valid,pending,MOE,2026,截至2026年6月17日,1103,
s_58f0c6331e7888fd20d3e653de5ebb61,4134013336,安徽电气工程职业技术学院,安徽电气工程职业技术学院,安徽省,合肥市,专科,安徽省,valid,pending,MOE,2026,截至2026年6月17日,1129,
s_d6c009801ce80684e0db6f21d0619f90,4134012814,安徽电子信息职业技术学院,安徽电子信息职业技术学院,安徽省,蚌埠市,专科,安徽省,valid,pending,MOE,2026,截至2026年6月17日,1118,
s_19bee8bd95c706390bd9335fef7f3edc,4134010363,安徽工程大学,安徽工程大学,安徽省,芜湖市,本科,安徽省,valid,pending,MOE,2026,截至2026年6月17日,1059,
s_cecd6bfe665faaf8d168ddc531baf2d2,4134012811,安徽工贸职业技术学院,安徽工贸职业技术学院,安徽省,淮南市,专科,安徽省,valid,pending,MOE,2026,截至2026年6月17日,1115,
s_dc0636c3d3be32468f9b2827e5707595,4134013340,安徽工商职业学院,安徽工商职业学院,安徽省,合肥市,专科,安徽省,valid,pending,MOE,2026,截至2026年6月17日,1132,
s_979983e4833b2193e1b16e9d944598f8,4134010360,安徽工业大学,安徽工业大学,安徽省,马鞍山市,本科,安徽省,valid,pending,MOE,2026,截至2026年6月17日,1057,
s_2257e027f9b10e66ba2e87721893f8c1,4134012334,安徽工业经济职业技术学院,安徽工业经济职业技术学院,安徽省,合肥市,专科,安徽省,valid,pending,MOE,2026,截至2026年6月17日,1113,
s_ab962992fcfd4a3c4a94e627c4df52af,4134013852,安徽工业职业技术学院,安徽工业职业技术学院,安徽省,铜陵市,专科,安徽省,valid,pending,MOE,2026,截至2026年6月17日,1147,
s_0d4adc05103f3d6aa8772fe99cb6a2c2,4134014840,安徽公安学院,安徽公安学院,安徽省,合肥市,本科,安徽省,valid,pending,MOE,2026,截至2026年6月17日,1100,
s_4052e8f52178d9c4b57b65714ce94647,4134013847,安徽公安职业学院,安徽公安职业学院,安徽省,合肥市,专科,安徽省,valid,pending,MOE,2026,截至2026年6月17日,1142,
s_8fd058af81d17966f85cc272b9b608e5,4134013062,安徽广播影视职业技术学院,安徽广播影视职业技术学院,安徽省,合肥市,专科,安徽省,valid,pending,MOE,2026,截至2026年6月17日,1127,
s_dfc1f0d9a249a0e3744d35a51ed4ba86,4134013344,安徽国防科技职业学院,安徽国防科技职业学院,安徽省,六安市,专科,安徽省,valid,pending,MOE,2026,截至2026年6月17日,1136,
s_59d2d4d8df2c1c8bd893ef230183d780,4134013846,安徽国际商务职业学院,安徽国际商务职业学院,安徽省,合肥市,专科,安徽省,valid,pending,MOE,2026,截至2026年6月17日,1141,
s_7a2054d26573b40a4df0e24a0d884b95,4134014378,安徽黄梅戏艺术职业学院,安徽黄梅戏艺术职业学院,安徽省,安庆市,专科,安徽省,valid,pending,MOE,2026,截至2026年6月17日,1167,
s_8227dc85ea6fb2085baae304947e74b4,4134010878,安徽建筑大学,安徽建筑大学,安徽省,合肥市,本科,安徽省,valid,pending,MOE,2026,截至2026年6月17日,1077,
s_b5a5bbc570113ce1ee7518f813825dc4,4134012816,安徽交通职业技术学院,安徽交通职业技术学院,安徽省,合肥市,专科,安徽省,valid,pending,MOE,2026,截至2026年6月17日,1120,
s_58fdc7d7b8fa1e398f1c66c5c98647c1,4134012219,安徽警官职业学院,安徽警官职业学院,安徽省,合肥市,专科,安徽省,valid,pending,MOE,2026,截至2026年6月17日,1111,
s_f4ff6a7ea258897829273db8b57c725f,4134010879,安徽科技工程大学,安徽科技工程大学,安徽省,滁州市,本科,安徽省,valid,pending,MOE,2026,截至2026年6月17日,1078,
s_c3cdd62fed56660663e3bebce26125ef,4134014229,安徽矿业职业技术学院,安徽矿业职业技术学院,安徽省,淮北市,专科,安徽省教育厅,valid,pending,MOE,2026,截至2026年6月17日,1158,民办
s_f4223b93af1765a7523b2ec938edec44,4134010361,安徽理工大学,安徽理工大学,安徽省,淮南市,本科,安徽省,valid,pending,MOE,2026,截至2026年6月17日,1058,
s_7c527fbc74072da751c4fd33ea9b98c5,4134014418,安徽粮食工程职业学院,安徽粮食工程职业学院,安徽省,合肥市,专科,安徽省,valid,pending,MOE,2026,截至2026年6月17日,1168,
s_00b95cf4731a50ec58df5b918a21f243,4134013848,安徽林业职业技术学院,安徽林业职业技术学院,安徽省,合肥市,专科,安徽省,valid,pending,MOE,2026,截至2026年6月17日,1143,
s_4d41893a662b7e163c18f2a6c954cd98,4134014133,安徽绿海商务职业学院,安徽绿海商务职业学院,安徽省,合肥市,专科,安徽省教育厅,valid,pending,MOE,2026,截至2026年6月17日,1151,民办
s_a19f43bc3517850e5891242d25aa5c5c,4134010364,安徽农业大学,安徽农业大学,安徽省,合肥市,本科,安徽省,valid,pending,MOE,2026,截至2026年6月17日,1060,
s_974db486aa68c31b85bfd3cc3cf60dd6,4134014298,安徽汽车职业技术学院,安徽汽车职业技术学院,安徽省,合肥市,专科,安徽省,valid,pending,MOE,2026,截至2026年6月17日,1163,
s_8a0cf3340832d5e020db561359c01026,4134010959,安徽三联学院,安徽三联学院,安徽省,合肥市,本科,安徽省教育厅,valid,pending,MOE,2026,截至2026年6月17日,1079,民办
s_fda5fe5565af68c6f802e4ae4b0268e4,4134014132,安徽涉外经济职业学院,安徽涉外经济职业学院,安徽省,合肥市,专科,安徽省教育厅,valid,pending,MOE,2026,截至2026年6月17日,1150,民办
s_055cac4dfc33961a2b28c628119995d9,4134013849,安徽审计职业学院,安徽审计职业学院,安徽省,合肥市,专科,安徽省,valid,pending,MOE,2026,截至2026年6月17日,1144,
s_3f2ad3058bb3c7935b10e987d96598ac,4134010370,安徽师范大学,安徽师范大学,安徽省,芜湖市,本科,安徽省,valid,pending,MOE,2026,截至2026年6月17日,1065,
s_c86f50152a09f4292ba866d2d3118685,4134012073,安徽水利水电职业技术学院,安徽水利水电职业技术学院,安徽省,合肥市,专科,安徽省,valid,pending,MOE,2026,截至2026年6月17日,1107,
s_af3ee24ca170869e26a9cfa0721e219f,4134014957,安徽特殊教育职业学院,安徽特殊教育职业学院,安徽省,合肥市,专科,安徽省,valid,pending,MOE,2026,截至2026年6月17日,1179,
s_56779bd69f82e99fa0e4bc5a070ed4fd,4134012817,安徽体育运动职业技术学院,安徽体育运动职业技术学院,安徽省,合肥市,专科,安徽省,valid,pending,MOE,2026,截至2026年6月17日,1121,
s_9fdc1a4234949f311d30a4589022e98f,4134013065,安徽外国语学院,安徽外国语学院,安徽省,合肥市,本科,安徽省教育厅,valid,pending,MOE,2026,截至2026年6月17日,1086,民办
s_785fb7f04f1a77ab08d3e2e628929580,4134014419,安徽卫生健康职业学院,安徽卫生健康职业学院,安徽省,池州市,专科,安徽省,valid,pending,MOE,2026,截至2026年6月17日,1169,
s_7faff039d6bd6caa3e913cf7b4cd38f8,4134012810,安徽文达信息工程学院,安徽文达信息工程学院,安徽省,合肥市,本科,安徽省教育厅,valid,pending,MOE,2026,截至2026年6月17日,1084,民办
s_880d3acd09ce1185769e8e85e79c0bf4,4134014210,安徽现代信息工程职业学院,安徽现代信息工程职业学院,安徽省,淮南市,专科,安徽省教育厅,valid,pending,MOE,2026,截至2026年6月17日,1157,民办
s_d0c77064369e61c7f9516c50bd13b8df,4134012216,安徽新华学院,安徽新华学院,安徽省,合肥市,本科,安徽省教育厅,valid,pending,MOE,2026,截至2026年6月17日,1083,民办
s_2e7947eb91ad9d139891c87be1ffa228,4134013850,安徽新闻出版职业技术学院,安徽新闻出版职业技术学院,安徽省,合肥市,专科,安徽省,valid,pending,MOE,2026,截至2026年6月17日,1145,
s_74913be03d4750b1460cf707834f5dd5,4134013613,安徽信息工程学院,安徽信息工程学院,安徽省,芜湖市,本科,安徽省教育厅,valid,pending,MOE,2026,截至2026年6月17日,1089,民办
s_1e50ff750a69ee126bfaacc6f63a056d,4134014342,安徽扬子职业技术学院,安徽扬子职业技术学院,安徽省,芜湖市,专科,安徽省教育厅,valid,pending,MOE,2026,截至2026年6月17日,1166,民办
s_c53c1060c872f0488f0970c983c19779,4134013337,安徽冶金科技职业学院,安徽冶金科技职业学院,安徽省,马鞍山市,专科,安徽省,valid,pending,MOE,2026,截至2026年6月17日,1130,
s_275769b1e9e387b9e70732ebb7d66160,4134010366,安徽医科大学,安徽医科大学,安徽省,合肥市,本科,安徽省,valid,pending,MOE,2026,截至2026年6月17日,1061,
s_a05245225231acf5d58f13a6821c1acc,4134013618,安徽医科大学临床医学院,安徽医科大学临床医学院,安徽省,合肥市,本科,安徽省教育厅,valid,pending,MOE,2026,截至2026年6月17日,1094,民办
s_b167471d343d56653df86929e43efe67,4134014682,安徽艺术学院,安徽艺术学院,安徽省,合肥市,本科,安徽省,valid,pending,MOE,2026,截至2026年6月17日,1099,
s_f91813619b4c20e7bc4d21acb1c5c2c8,4134013346,安徽艺术职业学院,安徽艺术职业学院,安徽省,合肥市,专科,安徽省,valid,pending,MOE,2026,截至2026年6月17日,1138,
s_9d3444f29b31e63ec42997c083994a29,4134012072,安徽应用技术职业大学,安徽应用技术职业大学,安徽省,芜湖市,本科,安徽省,valid,pending,MOE,2026,截至2026年6月17日,1104,
s_c83f6eb15f25e22bc2919d5eefefd1e1,4134013851,安徽邮电职业技术学院,安徽邮电职业技术学院,安徽省,合肥市,专科,安徽省,valid,pending,MOE,2026,截至2026年6月17日,1146,
s_e0c9a1ae83ad47a857b79568cd915e50,4134010869,安徽职业技术大学,安徽职业技术大学,安徽省,合肥市,本科,安徽省,valid,pending,MOE,2026,截至2026年6月17日,1101,
s_281da6cdd368c7b4020cc48c86752b7a,4134013341,安徽中澳科技职业学院,安徽中澳科技职业学院,安徽省,合肥市,专科,安徽省,valid,pending,MOE,2026,截至2026年6月17日,1133,
s_7cd6a7c355e93c02f72834f77bd379bc,4134010369,安徽中医药大学,安徽中医药大学,安徽省,合肥市,本科,安徽省,valid,pending,MOE,2026,截至2026年6月17日,1064,
s_a8ad0924f672e7675dd6ad5de6f64d7a,4134012924,安徽中医药高等专科学校,安徽中医药高等专科学校,安徽省,芜湖市,专科,安徽省,valid,pending,MOE,2026,截至2026年6月17日,1122,
s_527f4669e7584665aac4608cac3facdb,4134010372,安庆师范大学,安庆师范大学,安徽省,安庆市,本科,安徽省,valid,pending,MOE,2026,截至2026年6月17日,1067,
s_323928bb474dcc722bd415033eb93e1f,4134014096,安庆医药高等专科学校,安庆医药高等专科学校,安徽省,安庆市,专科,安徽省,valid,pending,MOE,2026,截至2026年6月17日,1149,
s_88e769b569f01c09a45e7227a42cc208,4134013345,安庆职业技术学院,安庆职业技术学院,安徽省,安庆市,专科,安徽省,valid,pending,MOE,2026,截至2026年6月17日,1137,
s_2db6f2f3c837d594fe941ab985e2f985,4134014844,蚌埠城市轨道交通职业学院,蚌埠城市轨道交通职业学院,安徽省,蚌埠市,专科,安徽省教育厅,valid,pending,MOE,2026,截至2026年6月17日,1177,民办
s_006055c95b394724598fb9ca93cc3383,4134013611,蚌埠工商学院,蚌埠工商学院,安徽省,蚌埠市,本科,安徽省教育厅,valid,pending,MOE,2026,截至2026年6月17日,1087,民办
s_da1819689291f97bcd174455ae6d14cf,4134014137,蚌埠经济技术职业学院,蚌埠经济技术职业学院,安徽省,蚌埠市,专科,安徽省教育厅,valid,pending,MOE,2026,截至2026年6月17日,1153,民办
s_2e8c8efd581f4dc483cb046ae462e68f,4134011305,蚌埠学院,蚌埠学院,安徽省,蚌埠市,本科,安徽省,valid,pending,MOE,2026,截至2026年6月17日,1081,
s_168404ed439434b563febe82d12b7d50,4134010367,蚌埠医科大学,蚌埠医科大学,安徽省,蚌埠市,本科,安徽省,valid,pending,MOE,2026,截至2026年6月17日,1062,
s_0a7953681db0f329df5378d2b885f2f3,4134012926,亳州学院,亳州学院,安徽省,亳州市,本科,安徽省,valid,pending,MOE,2026,截至2026年6月17日,1085,
s_50c11f2d17a36b187283c2b83ccbd122,4134013343,亳州职业技术学院,亳州职业技术学院,安徽省,亳州市,专科,安徽省,valid,pending,MOE,2026,截至2026年6月17日,1135,
s_105c957663a347298c83e47794b69413,4134010380,巢湖学院,巢湖学院,安徽省,合肥市,本科,安徽省,valid,pending,MOE,2026,截至2026年6月17日,1074,
s_a369762147e64ce58031ad4a6bf3751d,4134011306,池州学院,池州学院,安徽省,池州市,本科,安徽省,valid,pending,MOE,2026,截至2026年6月17日,1082,
s_1b5db719f840780a4a17708a919be8f2,4134013060,池州职业技术学院,池州职业技术学院,安徽省,池州市,专科,安徽省,valid,pending,MOE,2026,截至2026年6月17日,1125,
s_17e08584757c56f765141b3d5bf71f18,4134014297,滁州城市职业学院,滁州城市职业学院,安徽省,滁州市,专科,安徽省,valid,pending,MOE,2026,截至2026年6月17日,1162,
s_0692909bf0458f1d250cefc43249753b,4134010377,滁州学院,滁州学院,安徽省,滁州市,本科,安徽省,valid,pending,MOE,2026,截至2026年6月17日,1071,
s_9e0550c401c76066c1ef7f981af03806,4134013059,滁州职业技术学院,滁州职业技术学院,安徽省,滁州市,专科,安徽省,valid,pending,MOE,2026,截至2026年6月17日,1124,
s_0373afbe70d25a2971fbbaee2352aa42,4134013342,阜阳科技职业学院,阜阳科技职业学院,安徽省,阜阳市,专科,安徽省教育厅,valid,pending,MOE,2026,截至2026年6月17日,1134,民办
s_62eb3dd8d136bcbbfe6b76e802ff28b1,4134013619,阜阳理工学院,阜阳理工学院,安徽省,阜阳市,本科,安徽省教育厅,valid,pending,MOE,2026,截至2026年6月17日,1095,民办
s_2ff8c6b3f89bbbe94ca6de9fb3a563f2,4134010371,阜阳师范大学,阜阳师范大学,安徽省,阜阳市,本科,安徽省,valid,pending,MOE,2026,截至2026年6月17日,1066,
s_93fe1b57d8e72adcfcb8aa0e046ef1c6,4134014536,阜阳幼儿师范高等专科学校,阜阳幼儿师范高等专科学校,安徽省,阜阳市,专科,安徽省,valid,pending,MOE,2026,截至2026年6月17日,1172,
s_206ee33884ff0219ec88c3d3c2e4ee10,4134012074,阜阳职业技术学院,阜阳职业技术学院,安徽省,阜阳市,专科,安徽省,valid,pending,MOE,2026,截至2026年6月17日,1108,
s_358414a4c1103c13ce1c1225a67e3baf,4134013615,合肥城市学院,合肥城市学院,安徽省,合肥市,本科,安徽省教育厅,valid,pending,MOE,2026,截至2026年6月17日,1091,民办
s_4f034c221463b75aa105d98f118e33e6,4134011059,合肥大学,合肥大学,安徽省,合肥市,本科,安徽省,valid,pending,MOE,2026,截至2026年6月17日,1080,
s_749a4be23a8af9408e0662cce9aabf58,4134010359,合肥工业大学,合肥工业大学,安徽省,合肥市,本科,教育部,valid,pending,MOE,2026,截至2026年6月17日,1056,
s_356aec6cb812205e3dcf63897bab678c,4134014135,合肥共达职业技术学院,合肥共达职业技术学院,安徽省,合肥市,专科,安徽省教育厅,valid,pending,MOE,2026,截至2026年6月17日,1152,民办
s_22010974e9885f0d662decfb9491389b,4134013616,合肥经济学院,合肥经济学院,安徽省,合肥市,本科,安徽省教育厅,valid,pending,MOE,2026,截至2026年6月17日,1092,民办
s_0e560ac37cd19da33aa99a7738a47f15,4134014420,合肥科技职业学院,合肥科技职业学院,安徽省,合肥市,专科,安徽省教育厅,valid,pending,MOE,2026,截至2026年6月17日,1170,民办
s_cbfa38ed746a20eaffd9352414165018,4134013612,合肥理工学院,合肥理工学院,安徽省,合肥市,本科,安徽省,valid,pending,MOE,2026,截至2026年6月17日,1088,
s_d8fe836db01933e0d8276025e215b136,4134014098,合肥师范学院,合肥师范学院,安徽省,合肥市,本科,安徽省,valid,pending,MOE,2026,截至2026年6月17日,1097,
s_25ce040be6defab060a8b111ffa6e126,4134012410,合肥通用职业技术学院,合肥通用职业技术学院,安徽省,合肥市,专科,安徽省,valid,pending,MOE,2026,截至2026年6月17日,1114,
s_058b9823f1d0deb8299ae5b15d06bf71,4134014230,合肥信息技术职业学院,合肥信息技术职业学院,安徽省,合肥市,专科,安徽省教育厅,valid,pending,MOE,2026,截至2026年6月17日,1159,民办
s_e99e2285482fdc6182bceb0768c436af,4134014330,合肥幼儿师范高等专科学校,合肥幼儿师范高等专科学校,安徽省,合肥市,专科,安徽省,valid,pending,MOE,2026,截至2026年6月17日,1165,
s_683d534d6c1e639c81f93c453e058b39,4134013058,合肥职业技术学院,合肥职业技术学院,安徽省,合肥市,专科,安徽省,valid,pending,MOE,2026,截至2026年6月17日,1123,
s_2fc6d5a2b73367445104d937192ea3c3,4134013620,淮北理工学院,淮北理工学院,安徽省,淮北市,本科,安徽省教育厅,valid,pending,MOE,2026,截至2026年6月17日,1096,民办
s_ceb842be4439267a320e598e639e52fb,4134010373,淮北师范大学,淮北师范大学,安徽省,淮北市,本科,安徽省,valid,pending,MOE,2026,截至2026年6月17日,1068,
s_b955bcb09444523dd9980246aa929828,4134010963,淮北职业技术学院,淮北职业技术学院,安徽省,淮北市,专科,安徽省,valid,pending,MOE,2026,截至2026年6月17日,1105,
s_41a08d1b368653540e12a17d8618961b,4134011308,淮南联合大学,淮南联合大学,安徽省,淮南市,专科,安徽省,valid,pending,MOE,2026,截至2026年6月17日,1106,
s_3aa99350514ad31e468c560c55cde1ab,4134010381,淮南师范学院,淮南师范学院,安徽省,淮南市,本科,安徽省,valid,pending,MOE,2026,截至2026年6月17日,1075,
s_bb940fb35505d5620c5c3cb460fdcfbb,4134012220,淮南职业技术学院,淮南职业技术学院,安徽省,淮南市,专科,安徽省,valid,pending,MOE,2026,截至2026年6月17日,1112,
s_91190f6cfd659e72a7891d577617d4d2,4134014704,黄山健康职业学院,黄山健康职业学院,安徽省,黄山市,专科,安徽省教育厅,valid,pending,MOE,2026,截至2026年6月17日,1173,民办
s_c3a0a9144af3731def87ab6a2dd50822,4134010375,黄山学院,黄山学院,安徽省,黄山市,本科,安徽省,valid,pending,MOE,2026,截至2026年6月17日,1069,
s_1036d742468ab225d91440b83cec9cf3,4134014296,黄山职业技术学院,黄山职业技术学院,安徽省,黄山市,专科,安徽省,valid,pending,MOE,2026,截至2026年6月17日,1161,
s_97a1c17fb0addbe5bdee85d9e6e8bb4e,4134014191,徽商职业学院,徽商职业学院,安徽省,合肥市,专科,安徽省,valid,pending,MOE,2026,截至2026年6月17日,1155,
s_43472ac9918e16ce5459fdcbb57f75e6,4134014917,六安应用科技职业学院,六安应用科技职业学院,安徽省,六安市,专科,安徽省,valid,pending,MOE,2026,截至2026年6月17日,1178,
s_a04cff56830b9008f2d3aeed04c3fdd7,4134012813,六安职业技术学院,六安职业技术学院,安徽省,六安市,专科,安徽省,valid,pending,MOE,2026,截至2026年6月17日,1117,
s_6a68fb48a2366fcd646a8759639ec96f,4134013760,马鞍山师范高等专科学校,马鞍山师范高等专科学校,安徽省,马鞍山市,专科,安徽省,valid,pending,MOE,2026,截至2026年6月17日,1139,
s_e2162e4c83a178523c1021c50dfe2b7e,4134013614,马鞍山学院,马鞍山学院,安徽省,马鞍山市,本科,安徽省教育厅,valid,pending,MOE,2026,截至2026年6月17日,1090,民办
s_d6c25b2be21fdcbec45bf0f33b93564a,4134014192,马鞍山职业技术学院,马鞍山职业技术学院,安徽省,马鞍山市,专科,安徽省,valid,pending,MOE,2026,截至2026年6月17日,1156,
s_105fff482eb8f46d169c57e666663b72,4134014165,民办安徽旅游职业学院,民办安徽旅游职业学院,安徽省,阜阳市,专科,安徽省教育厅,valid,pending,MOE,2026,截至2026年6月17日,1154,民办
s_ff36eece60c2d9055f097b3b02ddf42e,4134013064,民办合肥滨湖职业技术学院,民办合肥滨湖职业技术学院,安徽省,合肥市,专科,安徽省教育厅,valid,pending,MOE,2026,截至2026年6月17日,1128,民办
s_66c726f8fbadf653b9694f418102e4ac,4134014058,民办合肥财经职业学院,民办合肥财经职业学院,安徽省,合肥市,专科,安徽省教育厅,valid,pending,MOE,2026,截至2026年6月17日,1148,民办
s_145a190e1aab3ec1226406ae0ac354f2,4134012815,民办合肥经济技术职业学院,民办合肥经济技术职业学院,安徽省,合肥市,专科,安徽省教育厅,valid,pending,MOE,2026,截至2026年6月17日,1119,民办
s_b4587899456ecd0ee4dacc7ec5b6fcc6,4134012218,民办万博科技职业学院,民办万博科技职业学院,安徽省,合肥市,专科,安徽省教育厅,valid,pending,MOE,2026,截至2026年6月17日,1110,民办
s_ec1324d52568aab41e6651273e7d1c1a,4134014747,宿州航空职业学院,宿州航空职业学院,安徽省,宿州市,专科,安徽省教育厅,valid,pending,MOE,2026,截至2026年6月17日,1174,民办
s_5d47111a527e5653c7e06bb60c7dfca4,4134010379,宿州学院,宿州学院,安徽省,宿州市,本科,安徽省,valid,pending,MOE,2026,截至2026年6月17日,1073,
s_799d5da0429744b9618d82e4c3ca5a03,4134012812,宿州职业技术学院,宿州职业技术学院,安徽省,宿州市,专科,安徽省,valid,pending,MOE,2026,截至2026年6月17日,1116,
s_1d131d23ab34b91a165356c8999d4242,4134014273,桐城师范高等专科学校,桐城师范高等专科学校,安徽省,安庆市,专科,安徽省,valid,pending,MOE,2026,截至2026年6月17日,1160,
s_c2da96e2175a699076900e4bb171b0b8,4134010383,铜陵学院,铜陵学院,安徽省,铜陵市,本科,安徽省,valid,pending,MOE,2026,截至2026年6月17日,1076,
s_d173fd56b74daa1019b36f4fedfaf81f,4134012217,铜陵职业技术学院,铜陵职业技术学院,安徽省,铜陵市,专科,安徽省,valid,pending,MOE,2026,截至2026年6月17日,1109,
s_863992108079eff3350a6f9b87b9480a,4134014502,皖北卫生职业学院,皖北卫生职业学院,安徽省,宿州市,专科,安徽省,valid,pending,MOE,2026,截至2026年6月17日,1171,
s_cbfaf6830f50f6a48ce9c9738445c8ba,4134014203,皖江工学院,皖江工学院,安徽省,马鞍山市,本科,安徽省教育厅,valid,pending,MOE,2026,截至2026年6月17日,1098,民办
s_73005b562aa3e1d763efb1f779fd2c0a,4134010368,皖南医科大学,皖南医科大学,安徽省,芜湖市,本科,安徽省,valid,pending,MOE,2026,截至2026年6月17日,1063,
s_04931186d7a3b8f5b9d5a1c2a56a916d,4134014299,皖西卫生职业学院,皖西卫生职业学院,安徽省,六安市,专科,安徽省,valid,pending,MOE,2026,截至2026年6月17日,1164,
s_64f54254227c962be7e41e07315803d4,4134010376,皖西学院,皖西学院,安徽省,六安市,本科,安徽省,valid,pending,MOE,2026,截至2026年6月17日,1070,
s_967382b6d3fa4ad05e3dcb5fb262b1c4,4134014843,芜湖航空职业学院,芜湖航空职业学院,安徽省,芜湖市,专科,安徽省教育厅,valid,pending,MOE,2026,截至2026年6月17日,1176,民办
s_d5582914190bec645a1658bc9ba59e7a,4134013617,芜湖学院,芜湖学院,安徽省,芜湖市,本科,安徽省教育厅,valid,pending,MOE,2026,截至2026年6月17日,1093,民办
s_1738814b1f1e76f99215d46c3422669e,4134014842,芜湖医药健康职业学院,芜湖医药健康职业学院,安徽省,芜湖市,专科,安徽省教育厅,valid,pending,MOE,2026,截至2026年6月17日,1175,民办
s_a1f39929631615e90c4a94d76a799a1a,4134011061,芜湖职业技术大学,芜湖职业技术大学,安徽省,芜湖市,本科,安徽省,valid,pending,MOE,2026,截至2026年6月17日,1102,
s_536e4a16593f995ebd8b8f8e34ce1428,4134013061,宣城职业技术学院,宣城职业技术学院,安徽省,宣城市,专科,安徽省,valid,pending,MOE,2026,截至2026年6月17日,1126,
s_4dfc73f66ec9d41387c031803469cc89,4134010358,中国科学技术大学,中国科学技术大学,安徽省,合肥市,本科,中国科学院,valid,pending,MOE,2026,截至2026年6月17日,1055,
s_0b67df67f5d7f3a43f4acb81f3b9c203,4111010009,北方工业大学,北方工业大学,北京市,北京市,本科,北京市,valid,pending,MOE,2026,截至2026年6月17日,13,
s_d5db5126f44d901c6312bd59e82ec3ed,4111012564,北京北大方正软件职业技术学院,北京北大方正软件职业技术学院,北京市,北京市,专科,北京市教委,valid,pending,MOE,2026,截至2026年6月17日,82,民办
s_eb5e811c6dbeca97e98b749697d30130,4111012561,北京财贸职业学院,北京财贸职业学院,北京市,北京市,专科,北京市,valid,pending,MOE,2026,截至2026年6月17日,81,
s_91ff5b8988ad476943f1a8de88ca1cd3,4111011418,北京城市学院,北京城市学院,北京市,北京市,本科,北京市教委,valid,pending,MOE,2026,截至2026年6月17日,60,民办
s_80c554ff9139e7bbf0068b2b72625bec,4111010001,北京大学,北京大学,北京市,北京市,本科,教育部,valid,pending,MOE,2026,截至2026年6月17日,5,
s_ab487b3bf671e97426f22e040920e154,4111010031,北京第二外国语学院,北京第二外国语学院,北京市,北京市,本科,北京市,valid,pending,MOE,2026,截至2026年6月17日,32,
s_ed6cf2a097b0bfaec905009b856705e0,4111014201,北京第二外国语学院中瑞酒店管理学院,北京第二外国语学院中瑞酒店管理学院,北京市,北京市,本科,北京市教委,valid,pending,MOE,2026,截至2026年6月17日,69,民办
s_aea9a912078f7f1fea2bbf066abddce7,4111010050,北京电影学院,北京电影学院,北京市,北京市,本科,北京市,valid,pending,MOE,2026,截至2026年6月17日,49,
s_084d2ea2ec3bd078bcc8224f9b19a799,4111010018,北京电子科技学院,北京电子科技学院,北京市,北京市,本科,中央办公厅,valid,pending,MOE,2026,截至2026年6月17日,21,
s_587be40a8e1895e22b62723b6fae39f1,4111010012,北京服装学院,北京服装学院,北京市,北京市,本科,北京市,valid,pending,MOE,2026,截至2026年6月17日,16,
s_81a97f26221be87726a23638438587e9,4111010011,北京工商大学,北京工商大学,北京市,北京市,本科,北京市,valid,pending,MOE,2026,截至2026年6月17日,15,
s_547e9c0b5b56393929d65150e03d7525,4111010005,北京工业大学,北京工业大学,北京市,北京市,本科,北京市,valid,pending,MOE,2026,截至2026年6月17日,9,
s_185f910f93237ae1709559ef8ae0c641,4111013904,北京工业大学耿丹学院,北京工业大学耿丹学院,北京市,北京市,本科,北京市教委,valid,pending,MOE,2026,截至2026年6月17日,67,民办
s_cb816ea3d16be63e99f477cca40b8df2,4111010853,北京工业职业技术学院,北京工业职业技术学院,北京市,北京市,专科,北京市,valid,pending,MOE,2026,截至2026年6月17日,74,
s_10d4898fc5c4617c40beacf9abd0cab7,4111010006,北京航空航天大学,北京航空航天大学,北京市,北京市,本科,工业和信息化部,valid,pending,MOE,2026,截至2026年6月17日,10,
s_10cd740cba2586384cf239004b97b008,4111010010,北京化工大学,北京化工大学,北京市,北京市,本科,教育部,valid,pending,MOE,2026,截至2026年6月17日,14,
s_bb027017e4049e277f70328d4879bb7b,4111012568,北京汇佳职业学院,北京汇佳职业学院,北京市,北京市,专科,北京市教委,valid,pending,MOE,2026,截至2026年6月17日,86,民办
s_7975e76eabd207483adf543e583cb69c,4111010016,北京建筑大学,北京建筑大学,北京市,北京市,本科,北京市,valid,pending,MOE,2026,截至2026年6月17日,19,
s_50a808cf5ab706cf523be0a076edc15a,4111010004,北京交通大学,北京交通大学,北京市,北京市,本科,教育部,valid,pending,MOE,2026,截至2026年6月17日,8,
s_6139ded5b6c6a5ffc53ae924cde503f5,4111014279,北京交通运输职业学院,北京交通运输职业学院,北京市,北京市,专科,北京市,valid,pending,MOE,2026,截至2026年6月17日,94,
s_1b5585c650e31f6423403e82651d3686,4111011092,北京交通职业技术学院,北京交通职业技术学院,北京市,北京市,专科,北京市,valid,pending,MOE,2026,截至2026年6月17日,77,
s_0fa1314c26a311396aca22ff1f4d03e0,4111013630,北京金融科技学院,北京金融科技学院,北京市,北京市,本科,北京市教委,valid,pending,MOE,2026,截至2026年6月17日,65,民办
s_ddce1ebc0ccb6cb5c361c0ed22bef6f6,4111011090,北京京北职业技术学院,北京京北职业技术学院,北京市,北京市,专科,北京市,valid,pending,MOE,2026,截至2026年6月17日,76,
s_e44ef871e41b6b133fbc3e698c38e71d,4111014073,北京经济管理职业学院,北京经济管理职业学院,北京市,北京市,专科,北京市,valid,pending,MOE,2026,截至2026年6月17日,90,
s_350c4054d5ee4808998b7644a1402071,4111012566,北京经济技术职业学院,北京经济技术职业学院,北京市,北京市,专科,北京市教委,valid,pending,MOE,2026,截至2026年6月17日,84,民办
s_f5010d36b2577bfaedad7c749de46d30,4111012565,北京经贸职业学院,北京经贸职业学院,北京市,北京市,专科,北京市教委,valid,pending,MOE,2026,截至2026年6月17日,83,民办
s_3c1095418799585f752618260ca74d23,4111014019,北京警察学院,北京警察学院,北京市,北京市,本科,北京市,valid,pending,MOE,2026,截至2026年6月17日,68,
s_603e0df08849a8ee1d94aa3a8c3d6c81,4111010008,北京科技大学,北京科技大学,北京市,北京市,本科,教育部,valid,pending,MOE,2026,截至2026年6月17日,12,
s_5507d471abd01bfbcb818db525f97b21,4111012733,北京科技经营管理学院,北京科技经营管理学院,北京市,北京市,专科,北京市教委,valid,pending,MOE,2026,截至2026年6月17日,87,民办
s_13cc9ccbce87794484e9238d97505338,4111010858,北京科技职业大学,北京科技职业大学,北京市,北京市,本科,北京市,valid,pending,MOE,2026,截至2026年6月17日,73,
s_c0d3a51c5ffa17f1ebe2a90cdb4e3ca3,4111013703,北京科技职业学院,北京科技职业学院,北京市,北京市,专科,北京市教委,valid,pending,MOE,2026,截至2026年6月17日,88,民办
s_d44b29dcba7bd778307ac17254f53073,4111014075,北京劳动保障职业学院,北京劳动保障职业学院,北京市,北京市,专科,北京市,valid,pending,MOE,2026,截至2026年6月17日,91,
s_53f704f446e760256477226620f058ab,4111010007,北京理工大学,北京理工大学,北京市,北京市,本科,工业和信息化部,valid,pending,MOE,2026,截至2026年6月17日,11,
s_54058ef49b01b3db1fd6d76f9664b645,4111011417,北京联合大学,北京联合大学,北京市,北京市,本科,北京市,valid,pending,MOE,2026,截至2026年6月17日,59,
s_cf27429ee552e3ebd8c4df8fb0c6420b,4111010022,北京林业大学,北京林业大学,北京市,北京市,本科,教育部,valid,pending,MOE,2026,截至2026年6月17日,24,
s_169de0c65c9359b96d9578519d3448a1,4111010020,北京农学院,北京农学院,北京市,北京市,本科,北京市,valid,pending,MOE,2026,截至2026年6月17日,23,
s_7bdb6db8e9d4a3e8f2c0eaf95d93c80c,4111012448,北京农业职业学院,北京农业职业学院,北京市,北京市,专科,北京市,valid,pending,MOE,2026,截至2026年6月17日,79,
s_d4b879183a21e96c56fdbafdec4c2ae4,4111013728,北京培黎职业学院,北京培黎职业学院,北京市,北京市,专科,北京市教委,valid,pending,MOE,2026,截至2026年6月17日,89,民办
s_469431c516a80b4662a8b7b64eb00bac,4111011626,北京青年政治学院,北京青年政治学院,北京市,北京市,专科,北京市,valid,pending,MOE,2026,截至2026年6月17日,78,
s_8d314f56fc2a5bf8d5d58c1588671083,4111010027,北京师范大学,北京师范大学,北京市,北京市,本科,教育部,valid,pending,MOE,2026,截至2026年6月17日,28,
s_09031914ba713e8ea0fd2434e3e6b100,4111010017,北京石油化工学院,北京石油化工学院,北京市,北京市,本科,北京市,valid,pending,MOE,2026,截至2026年6月17日,20,
s_16af993f836ff9957146c63c51c7bd67,4111010043,北京体育大学,北京体育大学,北京市,北京市,本科,国家体育总局,valid,pending,MOE,2026,截至2026年6月17日,43,
s_2c84c4cae4abbd5e3eff7b0b21e03fc8,4111014215,北京体育职业学院,北京体育职业学院,北京市,北京市,专科,北京市,valid,pending,MOE,2026,截至2026年6月17日,93,
s_0a77d59a544fbddb23a3515316795d38,4111010030,北京外国语大学,北京外国语大学,北京市,北京市,本科,教育部,valid,pending,MOE,2026,截至2026年6月17日,31,
s_eccf3c0e1835ccb82e25be47aa358884,4111014588,北京网络职业学院,北京网络职业学院,北京市,北京市,专科,北京市教委,valid,pending,MOE,2026,截至2026年6月17日,96,民办
s_343f2bd2a283e7a9bcd8506feee9ad2c,4111014395,北京卫生职业学院,北京卫生职业学院,北京市,北京市,专科,北京市,valid,pending,MOE,2026,截至2026年6月17日,95,
s_d02282a7986d669c8f4379efc8eb47cd,4111010051,北京舞蹈学院,北京舞蹈学院,北京市,北京市,本科,北京市,valid,pending,MOE,2026,截至2026年6月17日,50,
s_de9e1bf658d49e0d27eb3d9471c96356,4111010037,北京物资学院,北京物资学院,北京市,北京市,本科,北京市,valid,pending,MOE,2026,截至2026年6月17日,37,
s_ee7bb815da61f49ad774d0dd11ea98c6,4111012567,北京戏曲艺术职业学院,北京戏曲艺术职业学院,北京市,北京市,专科,北京市,valid,pending,MOE,2026,截至2026年6月17日,85,
s_611a93bd994d0d934583c4b386c1eb2e,4111010023,北京协和医学院,北京协和医学院,北京市,北京市,本科,国家卫生健康委员会,valid,pending,MOE,2026,截至2026年6月17日,25,
s_706c6ac5dd44a05bda8401428e0f1304,4111011232,北京信息科技大学,北京信息科技大学,北京市,北京市,本科,北京市,valid,pending,MOE,2026,截至2026年6月17日,55,
s_b44f1f99a6c3093545db9b7de0534661,4111010857,北京信息职业技术学院,北京信息职业技术学院,北京市,北京市,专科,北京市,valid,pending,MOE,2026,截至2026年6月17日,75,
s_5e62ce07fb3ff4f5c864bdfbe75bdd3e,4111014140,北京艺术传媒职业学院,北京艺术传媒职业学院,北京市,北京市,专科,北京市教委,valid,pending,MOE,2026,截至2026年6月17日,92,民办
s_29917cebca660cb8b6fb2c7ba0588b92,4111010015,北京印刷学院,北京印刷学院,北京市,北京市,本科,北京市,valid,pending,MOE,2026,截至2026年6月17日,18,
s_d821cfaa75256072645d52f296c14d8b,4111010013,北京邮电大学,北京邮电大学,北京市,北京市,本科,教育部,valid,pending,MOE,2026,截至2026年6月17日,17,
s_3784f1c9ac00f7d78274bc96e6e35db6,4111013901,北京邮电大学世纪学院,北京邮电大学世纪学院,北京市,北京市,本科,北京市教委,valid,pending,MOE,2026,截至2026年6月17日,66,民办
s_ac81f6e506e0242b0c1b69d5ccf30bf7,4111010032,北京语言大学,北京语言大学,北京市,北京市,本科,教育部,valid,pending,MOE,2026,截至2026年6月17日,33,
s_ad21d1da8b196a88de0d3f75bd5022f2,4111012451,北京政法职业学院,北京政法职业学院,北京市,北京市,专科,北京市,valid,pending,MOE,2026,截至2026年6月17日,80,
s_eff1f301c1b846aaced6fd025bd99899,4111010026,北京中医药大学,北京中医药大学,北京市,北京市,本科,教育部,valid,pending,MOE,2026,截至2026年6月17日,27,
s_88463c374a7a405dc6d5cd82234c4544,4111010036,对外经济贸易大学,对外经济贸易大学,北京市,北京市,本科,教育部,valid,pending,MOE,2026,截至2026年6月17日,36,
s_e46e11b85687e7834f15252d0bf82420,4111010042,国际关系学院,国际关系学院,北京市,北京市,本科,教育部,valid,pending,MOE,2026,截至2026年6月17日,42,
s_50bd1360b2c4796511db8cc0d1885f11,4111010054,华北电力大学,华北电力大学,北京市,北京市,本科,教育部,valid,pending,MOE,2026,截至2026年6月17日,53,
s_689c645bbdf8c21a95d94169ffd9de8b,4111014139,民政职业大学,民政职业大学,北京市,北京市,本科,民政部,valid,pending,MOE,2026,截至2026年6月17日,72,
s_a561d60afb12e5c55996ee2bc08590a2,4111010003,清华大学,清华大学,北京市,北京市,本科,教育部,valid,pending,MOE,2026,截至2026年6月17日,7,
s_24440e53903ec07696ba40a21323c238,4111010038,首都经济贸易大学,首都经济贸易大学,北京市,北京市,本科,北京市,valid,pending,MOE,2026,截至2026年6月17日,38,
s_2051ca64136c0b101bb77a7c9551747d,4111010028,首都师范大学,首都师范大学,北京市,北京市,本科,北京市,valid,pending,MOE,2026,截至2026年6月17日,29,
s_4ce58a134c491317eb14dd149f0c7d8f,4111013629,首都师范大学科德学院,首都师范大学科德学院,北京市,北京市,本科,北京市教委,valid,pending,MOE,2026,截至2026年6月17日,64,民办
s_81c4b8a09c9081eba58c41148cca07be,4111010029,首都体育学院,首都体育学院,北京市,北京市,本科,北京市,valid,pending,MOE,2026,截至2026年6月17日,30,
s_be40d0ba189c5d4bcf607982ec8f85d6,4111010025,首都医科大学,首都医科大学,北京市,北京市,本科,北京市,valid,pending,MOE,2026,截至2026年6月17日,26,
s_bf17a6c0cc973202d1d51904eacfa55c,4111011831,首钢工学院,首钢工学院,北京市,北京市,本科,北京市,valid,pending,MOE,2026,截至2026年6月17日,62,
s_66323045ea02107c8d828d3ec612c8f9,4111010040,外交学院,外交学院,北京市,北京市,本科,外交部,valid,pending,MOE,2026,截至2026年6月17日,40,
s_1acf7da6704ad182aca96c746f7b3a75,4111010033,中国传媒大学,中国传媒大学,北京市,北京市,本科,教育部,valid,pending,MOE,2026,截至2026年6月17日,34,
s_63ee2aa710105e2a17da00af9fc3d1f4,4111011415,中国地质大学(北京),中国地质大学(北京),北京市,北京市,本科,教育部,valid,pending,MOE,2026,截至2026年6月17日,58,
s_77d1a431272260ba47fe0911c5af7381,4111014430,中国科学院大学,中国科学院大学,北京市,北京市,本科,中国科学院,valid,pending,MOE,2026,截至2026年6月17日,70,
s_18904d800d5ec5d45dd3944ecb857cef,4111011413,中国矿业大学(北京),中国矿业大学(北京),北京市,北京市,本科,教育部,valid,pending,MOE,2026,截至2026年6月17日,56,
s_09fe299c1ff0de0cfd8e56e3bc46ecb3,4111012453,中国劳动关系学院,中国劳动关系学院,北京市,北京市,本科,中华全国总工会,valid,pending,MOE,2026,截至2026年6月17日,63,
s_6e93f3ab9ce8f2489149069efdd27192,4111010019,中国农业大学,中国农业大学,北京市,北京市,本科,教育部,valid,pending,MOE,2026,截至2026年6月17日,22,
s_a9472be3a2b0b46d3cc000e1f4c7a1fe,4111011625,中国青年政治学院,中国青年政治学院,北京市,北京市,本科,共青团中央,valid,pending,MOE,2026,截至2026年6月17日,61,
s_fc0523204cf88cfd32d4bd128d56294e,4111010002,中国人民大学,中国人民大学,北京市,北京市,本科,教育部,valid,pending,MOE,2026,截至2026年6月17日,6,
s_cd66abb9181d25fbb5501333ab342bfb,4111010041,中国人民公安大学,中国人民公安大学,北京市,北京市,本科,公安部,valid,pending,MOE,2026,截至2026年6月17日,41,
s_c88fd38a5356b11d77107b04e26ee9f2,4111014596,中国社会科学院大学,中国社会科学院大学,北京市,北京市,本科,中国社会科学院,valid,pending,MOE,2026,截至2026年6月17日,71,
s_932505d45cedfcee10870aa7022ca256,4111011414,中国石油大学(北京),中国石油大学(北京),北京市,北京市,本科,教育部,valid,pending,MOE,2026,截至2026年6月17日,57,
s_32175db861904f1f5df63d30ead850a3,4111010049,中国戏曲学院,中国戏曲学院,北京市,北京市,本科,北京市,valid,pending,MOE,2026,截至2026年6月17日,48,
s_bf465cf5471dbf8b61cbe2d0333b9ddd,4111010039,中国消防救援学院,中国消防救援学院,北京市,北京市,本科,国家消防救援局,valid,pending,MOE,2026,截至2026年6月17日,39,
s_8f7e1fffcc50a50aa05473f38cacd428,4111010046,中国音乐学院,中国音乐学院,北京市,北京市,本科,北京市,valid,pending,MOE,2026,截至2026年6月17日,45,
s_d59347f40e8b2c07a7d1fa4121f99675,4111010053,中国政法大学,中国政法大学,北京市,北京市,本科,教育部,valid,pending,MOE,2026,截至2026年6月17日,52,
s_cf407ed8ab97ec1ba52f247dd91f1519,4111011149,中华女子学院,中华女子学院,北京市,北京市,本科,中华妇女联合会,valid,pending,MOE,2026,截至2026年6月17日,54,
s_57745c38fd74b2aafee60b0e731d2aea,4111010034,中央财经大学,中央财经大学,北京市,北京市,本科,教育部,valid,pending,MOE,2026,截至2026年6月17日,35,
s_c64b89bfdc88fe6794e81baf7a12c4e9,4111010047,中央美术学院,中央美术学院,北京市,北京市,本科,教育部,valid,pending,MOE,2026,截至2026年6月17日,46,
s_c2015a0ec327fa6ab5f7ed58afbdcb76,4111010052,中央民族大学,中央民族大学,北京市,北京市,本科,国家民委,valid,pending,MOE,2026,截至2026年6月17日,51,
s_bdd192651c73dcd14d6f01d0e00a72ea,4111010048,中央戏剧学院,中央戏剧学院,北京市,北京市,本科,教育部,valid,pending,MOE,2026,截至2026年6月17日,47,
s_2bc038fc90e7842a84ea1fc65c815309,4111010045,中央音乐学院,中央音乐学院,北京市,北京市,本科,教育部,valid,pending,MOE,2026,截至2026年6月17日,44,
s_844e4ffc0da2d8f647c4a04763578fd7,4150014936,重庆安防职业学院,重庆安防职业学院,重庆市,重庆市,专科,重庆市教委,valid,pending,MOE,2026,截至2026年6月17日,2398,民办
s_b10a327428ed53f02717d6c30b8eb711,4150014365,重庆安全技术职业学院,重庆安全技术职业学院,重庆市,重庆市,专科,重庆市,valid,pending,MOE,2026,截至2026年6月17日,2379,
s_21e99d6a56efde836a5ae0fd8a675941,4150013590,重庆财经学院,重庆财经学院,重庆市,重庆市,本科,重庆市教委,valid,pending,MOE,2026,截至2026年6月17日,2346,民办
s_5d46eca5c5f6622c8d369888caaf1a68,4150014128,重庆财经职业学院,重庆财经职业学院,重庆市,重庆市,专科,重庆市,valid,pending,MOE,2026,截至2026年6月17日,2370,
s_a6076b2236a44a57110d55adcd685004,4150012758,重庆城市管理职业大学,重庆城市管理职业大学,重庆市,重庆市,本科,重庆市,valid,pending,MOE,2026,截至2026年6月17日,2354,
s_334804fbc9def3bb38a6012212386472,4150012616,重庆城市科技学院,重庆城市科技学院,重庆市,重庆市,本科,重庆市教委,valid,pending,MOE,2026,截至2026年6月17日,2341,民办
s_1c7643d8a387d80a8cf86f7f7d48a7aa,4150013734,重庆城市职业学院,重庆城市职业学院,重庆市,重庆市,专科,重庆市,valid,pending,MOE,2026,截至2026年6月17日,2363,
s_9f2a3a04c19081f67565d5876ad689b2,4150014971,重庆城乡发展职业学院,重庆城乡发展职业学院,重庆市,重庆市,专科,重庆市,valid,pending,MOE,2026,截至2026年6月17日,2399,
s_986353ed944ff30910667f0ca3bafcd5,4150012756,重庆传媒职业学院,重庆传媒职业学院,重庆市,重庆市,专科,重庆市教委,valid,pending,MOE,2026,截至2026年6月17日,2361,民办
s_bf189bf2c649de34987a4f3992fd6918,4150010611,重庆大学,重庆大学,重庆市,重庆市,本科,教育部,valid,pending,MOE,2026,截至2026年6月17日,2324,
s_5b3c6efb10d85c24074de0ff31f8cfa4,4150014388,重庆第二师范学院,重庆第二师范学院,重庆市,重庆市,本科,重庆市,valid,pending,MOE,2026,截至2026年6月17日,2349,
s_a92bfcd477b8944f226e8a5d37d8db08,4150011848,重庆电力高等专科学校,重庆电力高等专科学校,重庆市,重庆市,专科,重庆市,valid,pending,MOE,2026,截至2026年6月17日,2356,
s_ac82d62449cdbfd4509dfcd81ee47007,4150014369,重庆电信职业学院,重庆电信职业学院,重庆市,重庆市,专科,重庆市教委,valid,pending,MOE,2026,截至2026年6月17日,2383,民办
s_726e7f588a6a854bc8499ad80c22c736,4150014237,重庆电讯职业学院,重庆电讯职业学院,重庆市,重庆市,专科,重庆市教委,valid,pending,MOE,2026,截至2026年6月17日,2373,民办
s_d83ec362672d1a7577c974a0e8d8cfad,4150012609,重庆电子科技职业大学,重庆电子科技职业大学,重庆市,重庆市,本科,重庆市,valid,pending,MOE,2026,截至2026年6月17日,2351,
s_2f1239c57c61a15f1cfb1feaf3f6712d,4150013589,重庆对外经贸学院,重庆对外经贸学院,重庆市,重庆市,本科,重庆市教委,valid,pending,MOE,2026,截至2026年6月17日,2345,民办
s_d3edab47dde22a1e11b63e22316db5cd,4150012608,重庆工程学院,重庆工程学院,重庆市,重庆市,本科,重庆市教委,valid,pending,MOE,2026,截至2026年6月17日,2340,民办
s_63c3c352b34e77bfd4cf0466d7b279b5,4150012759,重庆工程职业技术大学,重庆工程职业技术大学,重庆市,重庆市,本科,重庆市,valid,pending,MOE,2026,截至2026年6月17日,2353,
s_1234cb69fa10876aaae134c1ec776d00,4150012606,重庆工贸职业技术学院,重庆工贸职业技术学院,重庆市,重庆市,专科,重庆市,valid,pending,MOE,2026,截至2026年6月17日,2358,
s_2b482f8bfe340c7d74ddd46bbedcfaa3,4150011799,重庆工商大学,重庆工商大学,重庆市,重庆市,本科,重庆市,valid,pending,MOE,2026,截至2026年6月17日,2338,
s_0ae6792c5fa22a96180d10a762ff6609,4150013591,重庆工商大学派斯学院,重庆工商大学派斯学院,重庆市,重庆市,本科,重庆市教委,valid,pending,MOE,2026,截至2026年6月17日,2347,民办
s_6e8df8d7db293bc40d4f1f6cb53a6d2e,4150013967,重庆工商职业学院,重庆工商职业学院,重庆市,重庆市,专科,重庆市,valid,pending,MOE,2026,截至2026年6月17日,2365,
s_6a68b214e8d7f57ac98f98a97dbce3d6,4150014766,重庆工信职业学院,重庆工信职业学院,重庆市,重庆市,专科,重庆市,valid,pending,MOE,2026,截至2026年6月17日,2393,
s_bb061b1932c34caf25723269eddeb8c0,4150012215,重庆工业职业技术大学,重庆工业职业技术大学,重庆市,重庆市,本科,重庆市,valid,pending,MOE,2026,截至2026年6月17日,2352,
s_b6c9a69d6f14bcffd5dcfb44c7ccbd8d,4150014366,重庆公共运输职业学院,重庆公共运输职业学院,重庆市,重庆市,专科,重庆市教委,valid,pending,MOE,2026,截至2026年6月17日,2380,民办
s_7dda24b500d43df18ef39f03d0a93b03,4150012754,重庆海联职业技术学院,重庆海联职业技术学院,重庆市,重庆市,专科,重庆市教委,valid,pending,MOE,2026,截至2026年6月17日,2359,民办
s_14211b8f846abdb41d1fbc2bd24334f6,4150010870,重庆航天职业技术学院,重庆航天职业技术学院,重庆市,重庆市,专科,重庆市,valid,pending,MOE,2026,截至2026年6月17日,2355,
s_09330e7b0fda687c4378671b6335402a,4150014576,重庆护理职业学院,重庆护理职业学院,重庆市,重庆市,专科,重庆市教委,valid,pending,MOE,2026,截至2026年6月17日,2389,民办
s_77482e1d3672eb89414ae156918e4c56,4150014315,重庆化工职业学院,重庆化工职业学院,重庆市,重庆市,专科,重庆市,valid,pending,MOE,2026,截至2026年6月17日,2377,
s_a65db82b557087173fa3a1552ab0f08e,4150012607,重庆机电职业技术大学,重庆机电职业技术大学,重庆市,重庆市,本科,重庆市教委,valid,pending,MOE,2026,截至2026年6月17日,2339,民办
s_d62e0814e4204c34e5be437c1d8ee200,4150014183,重庆建筑工程职业学院,重庆建筑工程职业学院,重庆市,重庆市,专科,重庆市,valid,pending,MOE,2026,截至2026年6月17日,2372,
s_d95e4b3dbbc9a7d21faecf6e51fe945d,4150012820,重庆建筑科技职业学院,重庆建筑科技职业学院,重庆市,重庆市,专科,重庆市教委,valid,pending,MOE,2026,截至2026年6月17日,2362,民办
s_085dbd898622f52458347651f71cf8b0,4150014727,重庆健康职业学院,重庆健康职业学院,重庆市,重庆市,专科,重庆市教委,valid,pending,MOE,2026,截至2026年6月17日,2392,民办
s_82329fb1ca8ad6bfcfbd19392b01fb9d,4150010618,重庆交通大学,重庆交通大学,重庆市,重庆市,本科,重庆市,valid,pending,MOE,2026,截至2026年6月17日,2326,
s_5e3341351f5c56751a79e4b2d5ac2abc,4150014267,重庆交通职业学院,重庆交通职业学院,重庆市,重庆市,专科,重庆市教委,valid,pending,MOE,2026,截至2026年6月17日,2376,民办
s_bdf42398986c916d445e27c4f9676c36,4150014370,重庆经贸职业学院,重庆经贸职业学院,重庆市,重庆市,专科,重庆市教委,valid,pending,MOE,2026,截至2026年6月17日,2384,民办
s_66f311edda18c0c84e6a5fb49f11c785,4150012757,重庆警察学院,重庆警察学院,重庆市,重庆市,本科,重庆市,valid,pending,MOE,2026,截至2026年6月17日,2342,
s_ee92bfa612b775f87e54f685f2c02d9a,4150014173,重庆科创职业学院,重庆科创职业学院,重庆市,重庆市,专科,重庆市教委,valid,pending,MOE,2026,截至2026年6月17日,2371,民办
s_9100f7dfae5a2365ab3ab3065f7239c1,4150011551,重庆科技大学,重庆科技大学,重庆市,重庆市,本科,重庆市,valid,pending,MOE,2026,截至2026年6月17日,2336,
s_68370832b1dfc0dd13ea63965079e207,4150014491,重庆科技职业学院,重庆科技职业学院,重庆市,重庆市,专科,重庆市教委,valid,pending,MOE,2026,截至2026年6月17日,2387,民办
s_b50b1dd559ab1cc75885304f44316dfc,4150011660,重庆理工大学,重庆理工大学,重庆市,重庆市,本科,重庆市,valid,pending,MOE,2026,截至2026年6月17日,2337,
s_52f137553811cd646b7754c494fe56ab,4150014725,重庆理工职业学院,重庆理工职业学院,重庆市,重庆市,专科,重庆市教委,valid,pending,MOE,2026,截至2026年6月17日,2390,民办
s_9bd1be4695b64dcd7d8d56fe437fa31a,4150014316,重庆旅游职业学院,重庆旅游职业学院,重庆市,重庆市,专科,重庆市,valid,pending,MOE,2026,截至2026年6月17日,2378,
s_04e280c717eadc7f1541cd385e5b5e64,4150014238,重庆能源职业学院,重庆能源职业学院,重庆市,重庆市,专科,重庆市教委,valid,pending,MOE,2026,截至2026年6月17日,2374,民办
s_4e23f02f8cbeb2eeffba4781c153945a,4150014935,重庆农业职业学院,重庆农业职业学院,重庆市,重庆市,专科,重庆市,valid,pending,MOE,2026,截至2026年6月17日,2397,
s_0d07817a6b80caae5affe4a2a1cf5197,4150014069,重庆青年职业技术学院,重庆青年职业技术学院,重庆市,重庆市,专科,重庆市,valid,pending,MOE,2026,截至2026年6月17日,2369,
s_a8c110d42c9863d3d2ed7cbd1016b2d6,4150014368,重庆轻工职业学院,重庆轻工职业学院,重庆市,重庆市,专科,重庆市教委,valid,pending,MOE,2026,截至2026年6月17日,2382,民办
s_15de1540eb599ad1554a725c7e41f752,4150013548,重庆人文科技学院,重庆人文科技学院,重庆市,重庆市,本科,重庆市教委,valid,pending,MOE,2026,截至2026年6月17日,2343,民办
s_a5b91d20e261dfd5bdbae66766e0ff15,4150010643,重庆三峡科技大学,重庆三峡科技大学,重庆市,重庆市,本科,重庆市,valid,pending,MOE,2026,截至2026年6月17日,2331,
s_51c90c896f82dcd83df5b47e96454779,4150014008,重庆三峡医药高等专科学校,重庆三峡医药高等专科学校,重庆市,重庆市,专科,重庆市,valid,pending,MOE,2026,截至2026年6月17日,2367,
s_31c7280ec834175ede94f03fb0c2c76f,4150012605,重庆三峡职业学院,重庆三峡职业学院,重庆市,重庆市,专科,重庆市,valid,pending,MOE,2026,截至2026年6月17日,2357,
s_4eb64ffd31d58bf2be4e12bf6e60528d,4150014246,重庆商务职业学院,重庆商务职业学院,重庆市,重庆市,专科,重庆市,valid,pending,MOE,2026,截至2026年6月17日,2375,
s_88365b30b29a1d976108b001094bc109,4150010637,重庆师范大学,重庆师范大学,重庆市,重庆市,本科,重庆市,valid,pending,MOE,2026,截至2026年6月17日,2329,
s_fdaf9dd5331ba0364b4702af5accf891,4150014838,重庆数字产业职业技术学院,重庆数字产业职业技术学院,重庆市,重庆市,专科,重庆市教委,valid,pending,MOE,2026,截至2026年6月17日,2395,民办
s_dbc499a1179595ce6d65c27fcfbe5b96,4150013735,重庆水利电力职业技术学院,重庆水利电力职业技术学院,重庆市,重庆市,专科,重庆市,valid,pending,MOE,2026,截至2026年6月17日,2364,
s_51e0f04dfa23ae0bae7808e1860c9177,4150013588,重庆外语外事学院,重庆外语外事学院,重庆市,重庆市,本科,重庆市教委,valid,pending,MOE,2026,截至2026年6月17日,2344,民办
s_cd21e4a2d82922755ed00f9a3670374e,4150014482,重庆文化艺术职业学院,重庆文化艺术职业学院,重庆市,重庆市,专科,重庆市,valid,pending,MOE,2026,截至2026年6月17日,2386,
s_f37622dae3dbe01b1ef35d63cca5dfd2,4150010642,重庆文理学院,重庆文理学院,重庆市,重庆市,本科,重庆市,valid,pending,MOE,2026,截至2026年6月17日,2330,
s_cf78a32d0bd352761fac6a199f0936f3,4150014776,重庆五一职业技术学院,重庆五一职业技术学院,重庆市,重庆市,专科,重庆市,valid,pending,MOE,2026,截至2026年6月17日,2394,
s_7edeb8d9cf3f25261b3b2422931dd946,4150014870,重庆现代制造职业学院,重庆现代制造职业学院,重庆市,重庆市,专科,重庆市教委,valid,pending,MOE,2026,截至2026年6月17日,2396,民办
s_b533769f88a3feac41e86ef79f37a8e3,4150012755,重庆信息技术职业学院,重庆信息技术职业学院,重庆市,重庆市,专科,重庆市教委,valid,pending,MOE,2026,截至2026年6月17日,2360,民办
s_c18da111cf3807cb1f91a81a945d2378,4150010631,重庆医科大学,重庆医科大学,重庆市,重庆市,本科,重庆市,valid,pending,MOE,2026,截至2026年6月17日,2327,
s_3c014ba9dd09caaca528aa1c1e53a898,4150014009,重庆医药高等专科学校,重庆医药高等专科学校,重庆市,重庆市,专科,重庆市,valid,pending,MOE,2026,截至2026年6月17日,2368,
s_a4f62aa7c222ffb397dfa4faefdf76c1,4150013627,重庆移通学院,重庆移通学院,重庆市,重庆市,本科,重庆市教委,valid,pending,MOE,2026,截至2026年6月17日,2348,民办
s_d7511ef45ac1d5b2b4a9cbd71caf1a78,4150014367,重庆艺术工程职业学院,重庆艺术工程职业学院,重庆市,重庆市,专科,重庆市教委,valid,pending,MOE,2026,截至2026年6月17日,2381,民办
s_4df946eab706a3d5b0ecc9a1557be521,4150013968,重庆应用技术职业学院,重庆应用技术职业学院,重庆市,重庆市,专科,重庆市教委,valid,pending,MOE,2026,截至2026年6月17日,2366,民办
s_1971bfb16c59d34e6207d5a6b8f5ccc0,4150010617,重庆邮电大学,重庆邮电大学,重庆市,重庆市,本科,重庆市,valid,pending,MOE,2026,截至2026年6月17日,2325,
s_fa97eeec8129cc331e3cd01228d4fcd2,4150014428,重庆幼儿师范高等专科学校,重庆幼儿师范高等专科学校,重庆市,重庆市,专科,重庆市,valid,pending,MOE,2026,截至2026年6月17日,2385,
s_35759f4a6fa2f9036e8819a57f3aa3a0,4150014726,重庆智能工程职业学院,重庆智能工程职业学院,重庆市,重庆市,专科,重庆市教委,valid,pending,MOE,2026,截至2026年6月17日,2391,民办
s_8bb48ef2c6c37e3267f75612cf63e29e,4150014972,重庆中药职业学院,重庆中药职业学院,重庆市,重庆市,专科,重庆市教委,valid,pending,MOE,2026,截至2026年6月17日,2400,民办
s_96a23eba3a54a1e4d422c39929b22d57,4150014830,重庆中医药学院,重庆中医药学院,重庆市,重庆市,本科,重庆市,valid,pending,MOE,2026,截至2026年6月17日,2350,
s_d84df38fdb8bbd07a911155bbc27a7d8,4150014557,重庆资源与环境保护职业学院,重庆资源与环境保护职业学院,重庆市,重庆市,专科,重庆市教委,valid,pending,MOE,2026,截至2026年6月17日,2388,民办
s_3405f9b8374cabfe59f0a1643d6b1dfc,4150010655,四川美术学院,四川美术学院,重庆市,重庆市,本科,重庆市,valid,pending,MOE,2026,截至2026年6月17日,2335,
s_5c22f7c7ac4246ba55a13460443e3921,4150010650,四川外国语大学,四川外国语大学,重庆市,重庆市,本科,重庆市,valid,pending,MOE,2026,截至2026年6月17日,2333,
s_3976bba8922ea2a75bfef4e619ab1523,4150010635,西南大学,西南大学,重庆市,重庆市,本科,教育部,valid,pending,MOE,2026,截至2026年6月17日,2328,
s_8a81906b52335dfe5f3e1457bf7f9619,4150010652,西南政法大学,西南政法大学,重庆市,重庆市,本科,重庆市,valid,pending,MOE,2026,截至2026年6月17日,2334,
s_c254f0b4fe4244a44921c5f413557103,4150010647,长江师范学院,长江师范学院,重庆市,重庆市,本科,重庆市,valid,pending,MOE,2026,截至2026年6月17日,2332,
s_57d0ce3c0df9178fd6fd663d29a7a66d,4135010866,福建船政交通职业学院,福建船政交通职业学院,福建省,福州市,专科,福建省,valid,pending,MOE,2026,截至2026年6月17日,1223,
s_501586ab3c87db0575cb710ac8e26090,4135012628,福建电力职业技术学院,福建电力职业技术学院,福建省,泉州市,专科,福建省,valid,pending,MOE,2026,截至2026年6月17日,1230,
s_d53f6415fc6803f4e5e7627a1f2ae842,4135014896,福建福耀科技大学,福建福耀科技大学,福建省,福州市,本科,福建省教育厅,valid,pending,MOE,2026,截至2026年6月17日,1220,民办
s_0762656a268c86abaa00280d02687cb7,4135011499,福建华南女子职业学院,福建华南女子职业学院,福建省,福州市,专科,福建省教育厅,valid,pending,MOE,2026,截至2026年6月17日,1226,民办
s_d0b150769212f1facdbc3e8779e51db9,4135014683,福建技术师范学院,福建技术师范学院,福建省,福州市,本科,福建省,valid,pending,MOE,2026,截至2026年6月17日,1219,
s_e5ba3523a5fd14af142dd284d2270e3d,4135013763,福建江夏学院,福建江夏学院,福建省,福州市,本科,福建省,valid,pending,MOE,2026,截至2026年6月17日,1215,
s_4024d868723f574a5d7e00bb4a8b3a3b,4135011495,福建警察学院,福建警察学院,福建省,福州市,本科,福建省,valid,pending,MOE,2026,截至2026年6月17日,1199,
s_b2bfcb3fa6423c08b9ffe22fea1a642a,4135010388,福建理工大学,福建理工大学,福建省,福州市,本科,福建省,valid,pending,MOE,2026,截至2026年6月17日,1184,
s_a238659ab288c7d73264d6f9593d314e,4135012625,福建林业职业技术学院,福建林业职业技术学院,福建省,南平市,专科,福建省,valid,pending,MOE,2026,截至2026年6月17日,1227,
s_14eb063a4c534d276e49a170e4966b40,4135010389,福建农林大学,福建农林大学,福建省,福州市,本科,福建省,valid,pending,MOE,2026,截至2026年6月17日,1185,
s_1ff747b63dc745c2092ede19cbce8a10,4135014046,福建农林大学金山学院,福建农林大学金山学院,福建省,福州市,本科,福建省教育厅,valid,pending,MOE,2026,截至2026年6月17日,1218,民办
s_2866ad20104fc7d664a464ab88805195,4135012630,福建农业职业技术学院,福建农业职业技术学院,福建省,福州市,专科,福建省,valid,pending,MOE,2026,截至2026年6月17日,1232,
s_7489611cfe474899b41a0ff925261375,4135011313,福建商学院,福建商学院,福建省,福州市,本科,福建省,valid,pending,MOE,2026,截至2026年6月17日,1198,
s_6dd2f5fcefe64ffbf9e14ca66ff210e9,4135013969,福建生物工程职业技术学院,福建生物工程职业技术学院,福建省,福州市,专科,福建省,valid,pending,MOE,2026,截至2026年6月17日,1245,
s_11bad73fa44ddbe143fb86fc2cc1b082,4135010394,福建师范大学,福建师范大学,福建省,福州市,本科,福建省,valid,pending,MOE,2026,截至2026年6月17日,1189,
s_f7e6530703461ac15490140c4660a9dd,4135013472,福建师范大学协和学院,福建师范大学协和学院,福建省,福州市,本科,福建省教育厅,valid,pending,MOE,2026,截至2026年6月17日,1213,民办
s_bc2612bbacbab6519d09c8ba5c600cef,4135012627,福建水利电力职业技术学院,福建水利电力职业技术学院,福建省,三明市,专科,福建省,valid,pending,MOE,2026,截至2026年6月17日,1229,
s_1c7436a71e81b5b00980b1215722d480,4135014060,福建体育职业技术学院,福建体育职业技术学院,福建省,福州市,专科,福建省,valid,pending,MOE,2026,截至2026年6月17日,1255,
s_c324811daa80fd9e90fb3b58b92e973c,4135012633,福建卫生职业技术学院,福建卫生职业技术学院,福建省,福州市,专科,福建省,valid,pending,MOE,2026,截至2026年6月17日,1233,
s_b0c9cefbc0efa9096425d5d613917ae3,4135012626,福建信息职业技术学院,福建信息职业技术学院,福建省,福州市,专科,福建省,valid,pending,MOE,2026,截至2026年6月17日,1228,
s_c3ff194facf43b47a592309fdef0fd95,4135010392,福建医科大学,福建医科大学,福建省,福州市,本科,福建省,valid,pending,MOE,2026,截至2026年6月17日,1187,
s_2d4ed09bfb58950368aa326f99b20a42,4135013970,福建艺术职业学院,福建艺术职业学院,福建省,福州市,专科,福建省,valid,pending,MOE,2026,截至2026年6月17日,1246,
s_46f276e497b5bf4485fc428e4ef26c73,4135013972,福建幼儿师范高等专科学校,福建幼儿师范高等专科学校,福建省,福州市,专科,福建省,valid,pending,MOE,2026,截至2026年6月17日,1247,
s_38e52e7a0b35c7feb52f167b0a2dce14,4135010393,福建中医药大学,福建中医药大学,福建省,福州市,本科,福建省,valid,pending,MOE,2026,截至2026年6月17日,1188,
s_0ab9a77c1924e6d306da550e237a369a,4135010386,福州大学,福州大学,福建省,福州市,本科,福建省,valid,pending,MOE,2026,截至2026年6月17日,1183,
s_c856585e467f5e11adea853ed9451e63,4135013470,福州大学至诚学院,福州大学至诚学院,福建省,福州市,本科,福建省教育厅,valid,pending,MOE,2026,截至2026年6月17日,1211,民办
s_9453df842841d70c88ad6f8c4c237e7a,4135012993,福州工商学院,福州工商学院,福建省,福州市,本科,福建省教育厅,valid,pending,MOE,2026,截至2026年6月17日,1207,民办
s_655f25b3660125a399fa1c732f753627,4135013769,福州科技职业技术学院,福州科技职业技术学院,福建省,福州市,专科,福建省教育厅,valid,pending,MOE,2026,截至2026年6月17日,1242,民办
s_a6a5ea223f874a52cb69055023f2b99f,4135013765,福州黎明职业技术学院,福州黎明职业技术学院,福建省,福州市,专科,福建省教育厅,valid,pending,MOE,2026,截至2026年6月17日,1239,民办
s_545c1904008356bee75282936480321a,4135013773,福州理工学院,福州理工学院,福建省,福州市,本科,福建省教育厅,valid,pending,MOE,2026,截至2026年6月17日,1217,民办
s_e7e4c06ecf71a7d065b0010f287c52c8,4135016411,福州墨尔本理工职业学院,福州墨尔本理工职业学院,福建省,福州市,专科,福建省教育厅,valid,pending,MOE,2026,截至2026年6月17日,1269,中外合作办学及内地与港澳合作办学
s_abe20240dec279534d0f911bec0b45f8,4135013978,福州软件职业技术学院,福州软件职业技术学院,福建省,福州市,专科,福建省教育厅,valid,pending,MOE,2026,截至2026年6月17日,1252,民办
s_81be0273fdecc720eff67f457dda0a18,4135013762,福州外语外贸学院,福州外语外贸学院,福建省,福州市,本科,福建省教育厅,valid,pending,MOE,2026,截至2026年6月17日,1214,民办
s_48eb5703e386b2a805069c51f72c2561,4135012708,福州英华职业学院,福州英华职业学院,福建省,福州市,专科,福建省教育厅,valid,pending,MOE,2026,截至2026年6月17日,1235,民办
s_65c478baf8a4ee57dbab64ce0ed573b1,4135011502,福州职业技术大学,福州职业技术大学,福建省,福州市,本科,福建省,valid,pending,MOE,2026,截至2026年6月17日,1222,
s_37f4dccf6225d65bec9c87c444419825,4135010385,华侨大学,华侨大学,福建省,泉州市,本科,中央统战部,valid,pending,MOE,2026,截至2026年6月17日,1182,
s_b85f9dc72333803511280a4077f99fe9,4135010390,集美大学,集美大学,福建省,厦门市,本科,福建省,valid,pending,MOE,2026,截至2026年6月17日,1186,
s_b2fcbf5304f08c1036e86919f7511d73,4135013471,集美大学诚毅学院,集美大学诚毅学院,福建省,厦门市,本科,福建省教育厅,valid,pending,MOE,2026,截至2026年6月17日,1212,民办
s_1107d8a25dbfba5217efbfe8e1f75cb8,4135014918,集美工业职业学院,集美工业职业学院,福建省,厦门市,专科,福建省,valid,pending,MOE,2026,截至2026年6月17日,1270,
s_d27c7455bb277d133670daf0d09e3d9b,4135011317,黎明职业大学,黎明职业大学,福建省,泉州市,本科,福建省,valid,pending,MOE,2026,截至2026年6月17日,1221,
s_c3148966622125641b50a73362be7513,4135011312,龙岩学院,龙岩学院,福建省,龙岩市,本科,福建省,valid,pending,MOE,2026,截至2026年6月17日,1197,
s_2e02fad7ca86255bac027b59788eed2c,4135013772,湄洲湾职业技术学院,湄洲湾职业技术学院,福建省,莆田市,专科,福建省,valid,pending,MOE,2026,截至2026年6月17日,1244,
s_0fa1d3b42ab690b88ce86fbccaf14840,4135013764,闽北职业技术学院,闽北职业技术学院,福建省,南平市,专科,福建省,valid,pending,MOE,2026,截至2026年6月17日,1238,
s_12cc970dda721d64b16419308cffdc13,4135010395,闽江大学,闽江大学,福建省,福州市,本科,福建省,valid,pending,MOE,2026,截至2026年6月17日,1190,
s_6cef099f64daf737588d8e6bc54f3407,4135014490,闽江师范高等专科学校,闽江师范高等专科学校,福建省,福州市,专科,福建省,valid,pending,MOE,2026,截至2026年6月17日,1267,
s_f82a602ff40cc2f25c36df30c180fb71,4135012992,闽南科技学院,闽南科技学院,福建省,泉州市,本科,福建省教育厅,valid,pending,MOE,2026,截至2026年6月17日,1206,民办
s_7611396439c73f3b0fa0faca5a040400,4135012710,闽南理工学院,闽南理工学院,福建省,泉州市,本科,福建省教育厅,valid,pending,MOE,2026,截至2026年6月17日,1204,民办
s_e555ea0c665141bc606918e285f12574,4135010402,闽南师范大学,闽南师范大学,福建省,漳州市,本科,福建省,valid,pending,MOE,2026,截至2026年6月17日,1194,
s_f8e00bf227df7da00a5ddf9538a0093b,4135011315,闽西职业技术学院,闽西职业技术学院,福建省,龙岩市,专科,福建省,valid,pending,MOE,2026,截至2026年6月17日,1225,
s_4802a93021502cd8154f2ed93ef71a96,4135010398,宁德师范学院,宁德师范学院,福建省,宁德市,本科,福建省,valid,pending,MOE,2026,截至2026年6月17日,1192,
s_4f74b1ddb343c249e91649768beb10e8,4135013977,宁德职业技术学院,宁德职业技术学院,福建省,宁德市,专科,福建省,valid,pending,MOE,2026,截至2026年6月17日,1251,
s_2ee6c83e69868977b5c988aa2b34b04e,4135011498,莆田学院,莆田学院,福建省,莆田市,本科,福建省,valid,pending,MOE,2026,截至2026年6月17日,1200,
s_57b4602f9a265ee805ec0d6ecd4724e8,4135012711,泉州纺织服装职业学院,泉州纺织服装职业学院,福建省,泉州市,专科,福建省教育厅,valid,pending,MOE,2026,截至2026年6月17日,1236,民办
s_44ecfd63788ad82e003e9853130aa866,4135014503,泉州工程职业技术学院,泉州工程职业技术学院,福建省,泉州市,专科,福建省教育厅,valid,pending,MOE,2026,截至2026年6月17日,1268,民办
s_f6593b82057e9ffd4c053d280a7d0e9f,4135013975,泉州工艺美术职业学院,泉州工艺美术职业学院,福建省,泉州市,专科,福建省,valid,pending,MOE,2026,截至2026年6月17日,1249,
s_89688d867b6371de8e1039844ffd64e5,4135014231,泉州海洋职业学院,泉州海洋职业学院,福建省,泉州市,专科,福建省教育厅,valid,pending,MOE,2026,截至2026年6月17日,1263,民办
s_f8c456e7e1ab0c1039156879a45bbfb6,4135012927,泉州华光职业学院,泉州华光职业学院,福建省,泉州市,专科,福建省教育厅,valid,pending,MOE,2026,截至2026年6月17日,1237,民办
s_4c388666de5efed82abf21b33391eaa8,4135013770,泉州经贸职业技术学院,泉州经贸职业技术学院,福建省,泉州市,专科,福建省,valid,pending,MOE,2026,截至2026年6月17日,1243,
s_e686e91dc5e2c6225f37ea8d449b521e,4135014232,泉州轻工职业学院,泉州轻工职业学院,福建省,泉州市,专科,福建省教育厅,valid,pending,MOE,2026,截至2026年6月17日,1264,民办
s_bbd49d08a18e2ea044abc37f8f4b8417,4135010399,泉州师范学院,泉州师范学院,福建省,泉州市,本科,福建省,valid,pending,MOE,2026,截至2026年6月17日,1193,
s_d69496cc8cf97b590aa39b63d07ed2af,4135013766,泉州信息工程学院,泉州信息工程学院,福建省,泉州市,本科,福建省教育厅,valid,pending,MOE,2026,截至2026年6月17日,1216,民办
s_43298570ec0598b881d7c1c85aa70055,4135012634,泉州医学高等专科学校,泉州医学高等专科学校,福建省,泉州市,专科,福建省,valid,pending,MOE,2026,截至2026年6月17日,1234,
s_40e2fcfbfa140102574db8264e5b6833,4135014331,泉州幼儿师范高等专科学校,泉州幼儿师范高等专科学校,福建省,泉州市,专科,福建省,valid,pending,MOE,2026,截至2026年6月17日,1266,
s_a0f363f3c5264c86fb3676c7b156f16f,4135012928,泉州职业技术大学,泉州职业技术大学,福建省,泉州市,本科,福建省教育厅,valid,pending,MOE,2026,截至2026年6月17日,1205,民办
s_47e3c3a8802c91b66484a03748a7b8f1,4135011311,三明学院,三明学院,福建省,三明市,本科,福建省,valid,pending,MOE,2026,截至2026年6月17日,1196,
s_7ed44b62c538503df3439d40ff1726f5,4135013976,三明医学科技职业学院,三明医学科技职业学院,福建省,三明市,专科,福建省,valid,pending,MOE,2026,截至2026年6月17日,1250,
s_6e3dfad497e44b3d320a0a3ee3536979,4135014257,厦门安防科技职业学院,厦门安防科技职业学院,福建省,厦门市,专科,福建省教育厅,valid,pending,MOE,2026,截至2026年6月17日,1265,民办
s_2f33b4df04e503406fa6d6cc89ed9287,4135013973,厦门城市职业学院,厦门城市职业学院,福建省,厦门市,专科,福建省,valid,pending,MOE,2026,截至2026年6月17日,1248,
s_c2f504862470bea1ccbce9fb34f943e7,4135010384,厦门大学,厦门大学,福建省,厦门市,本科,教育部,valid,pending,MOE,2026,截至2026年6月17日,1181,
s_db5920dbe52ec12af278faa776bab37f,4135013469,厦门大学嘉庚学院,厦门大学嘉庚学院,福建省,漳州市,本科,福建省教育厅,valid,pending,MOE,2026,截至2026年6月17日,1210,民办
s_0c0df0e784c2a9f5c2b206b881686f29,4135014112,厦门东海职业技术学院,厦门东海职业技术学院,福建省,厦门市,专科,福建省教育厅,valid,pending,MOE,2026,截至2026年6月17日,1258,民办
s_0bf3e2d599b864cc3174a55f0114b9f1,4135013115,厦门工学院,厦门工学院,福建省,厦门市,本科,福建省教育厅,valid,pending,MOE,2026,截至2026年6月17日,1208,民办
s_78579ad426e220ca74224176537b8e45,4135012629,厦门海洋职业技术学院,厦门海洋职业技术学院,福建省,厦门市,专科,福建省,valid,pending,MOE,2026,截至2026年6月17日,1231,
s_3b37a3ce32bbc473a3a6406332c20157,4135012709,厦门华厦学院,厦门华厦学院,福建省,厦门市,本科,福建省教育厅,valid,pending,MOE,2026,截至2026年6月17日,1203,民办
s_1831bc20ada58bf21bb192cb2f27c0cd,4135013768,厦门华天涉外职业技术学院,厦门华天涉外职业技术学院,福建省,厦门市,专科,福建省教育厅,valid,pending,MOE,2026,截至2026年6月17日,1241,民办
s_90d4b1aa4ece2e464fd6bacac1f2f3fb,4135011062,厦门理工学院,厦门理工学院,福建省,厦门市,本科,福建省,valid,pending,MOE,2026,截至2026年6月17日,1195,
s_ef422138bedcc79eebe1067809d17545,4135014111,厦门南洋职业学院,厦门南洋职业学院,福建省,厦门市,专科,福建省教育厅,valid,pending,MOE,2026,截至2026年6月17日,1257,民办
s_9ed36bf4d035b2f9aa9a6bda9ef61f76,4135014059,厦门软件职业技术学院,厦门软件职业技术学院,福建省,厦门市,专科,福建省教育厅,valid,pending,MOE,2026,截至2026年6月17日,1254,民办
s_b5ad9d52b6b5514048e665cc078530ac,4135013979,厦门兴才职业技术学院,厦门兴才职业技术学院,福建省,厦门市,专科,福建省教育厅,valid,pending,MOE,2026,截至2026年6月17日,1253,民办
s_b10185b8188510f28c0e3a85ab304d15,4135013767,厦门演艺职业学院,厦门演艺职业学院,福建省,厦门市,专科,福建省教育厅,valid,pending,MOE,2026,截至2026年6月17日,1240,民办
s_2506f11e065a81027de837738297dbdc,4135012631,厦门医学院,厦门医学院,福建省,厦门市,本科,福建省,valid,pending,MOE,2026,截至2026年6月17日,1202,
s_1594698aed93e82092ee54125c5eaa95,4135014116,武夷山职业学院,武夷山职业学院,福建省,南平市,专科,福建省教育厅,valid,pending,MOE,2026,截至2026年6月17日,1261,民办
s_7f0af64f0c92a24eeb8405d016f17af7,4135010397,武夷学院,武夷学院,福建省,南平市,本科,福建省,valid,pending,MOE,2026,截至2026年6月17日,1191,
s_2374f6359ec4cfdd3fa54ae5588323da,4135013468,阳光学院,阳光学院,福建省,福州市,本科,福建省教育厅,valid,pending,MOE,2026,截至2026年6月17日,1209,民办
s_debd9e2ab48db7dc5e21ef9fc7032b19,4135011784,仰恩大学,仰恩大学,福建省,泉州市,本科,福建省教育厅,valid,pending,MOE,2026,截至2026年6月17日,1201,民办
s_486de3862798b81b7ee5739506375db0,4135014110,漳州城市职业学院,漳州城市职业学院,福建省,漳州市,专科,福建省,valid,pending,MOE,2026,截至2026年6月17日,1256,
s_363bc67ddb48249561b50392912fecb5,4135014113,漳州科技职业学院,漳州科技职业学院,福建省,漳州市,专科,福建省教育厅,valid,pending,MOE,2026,截至2026年6月17日,1259,民办
s_c4bbc7c0814e03e0f0aeeca26337e72e,4135014115,漳州理工职业学院,漳州理工职业学院,福建省,漳州市,专科,福建省教育厅,valid,pending,MOE,2026,截至2026年6月17日,1260,民办
s_8ae8c4ccbeda9ba5aff8ab8a623f6940,4135014117,漳州卫生职业学院,漳州卫生职业学院,福建省,漳州市,专科,福建省,valid,pending,MOE,2026,截至2026年6月17日,1262,
s_4bd1cea4232ae5696b3a0dd1f7563fdb,4135011314,漳州职业技术学院,漳州职业技术学院,福建省,漳州市,专科,福建省,valid,pending,MOE,2026,截至2026年6月17日,1224,
s_f2007b1efd92f6024e74313ff6b243ab,4162014376,白银矿冶职业技术学院,白银矿冶职业技术学院,甘肃省,白银市,专科,甘肃省,valid,pending,MOE,2026,截至2026年6月17日,2867,
s_6f53b67d86fba26f48df961dbb319f72,4162014772,白银希望职业技术学院,白银希望职业技术学院,甘肃省,白银市,专科,甘肃省教育厅,valid,pending,MOE,2026,截至2026年6月17日,2876,民办
s_d4d268c421fe65ecc3091511ea3c8f0a,4162011808,定西师范高等专科学校,定西师范高等专科学校,甘肃省,定西市,专科,甘肃省,valid,pending,MOE,2026,截至2026年6月17日,2858,
s_18758dcae9b26a6e2e3548dc5cd98529,4162014823,定西职业技术学院,定西职业技术学院,甘肃省,定西市,专科,甘肃省,valid,pending,MOE,2026,截至2026年6月17日,2878,
s_e0f6e3a831a7c747b4740baa0fd25685,4262051378,甘肃财贸职业学院,甘肃财贸职业学院,甘肃省,兰州市,专科,甘肃省,valid,pending,MOE,2026,截至2026年6月17日,2877,
s_7a5bc3ef9a81fb1ba375c5f156e12de6,4162013955,甘肃畜牧工程职业技术学院,甘肃畜牧工程职业技术学院,甘肃省,武威市,专科,甘肃省,valid,pending,MOE,2026,截至2026年6月17日,2864,
s_92ab5d190ecda143f5bf661b89dd5ef9,4162014131,甘肃钢铁职业技术学院,甘肃钢铁职业技术学院,甘肃省,嘉峪关市,专科,甘肃省,valid,pending,MOE,2026,截至2026年6月17日,2865,
s_6bcc18422d0403edea7899bcf6f3228e,4162012836,甘肃工业职业技术大学,甘肃工业职业技术大学,甘肃省,天水市,本科,甘肃省,valid,pending,MOE,2026,截至2026年6月17日,2856,
s_b94360c3cbaa1622012ef1397587aaad,4162012511,甘肃建筑职业技术学院,甘肃建筑职业技术学院,甘肃省,兰州市,专科,甘肃省,valid,pending,MOE,2026,截至2026年6月17日,2859,
s_e93c044e879b83e2cd6c7a514d5d7f40,4162013519,甘肃交通职业技术学院,甘肃交通职业技术学院,甘肃省,兰州市,专科,甘肃省,valid,pending,MOE,2026,截至2026年6月17日,2862,
s_864b654eeeece0540cf04dd59cc94f2a,4162012834,甘肃警察学院,甘肃警察学院,甘肃省,兰州市,本科,甘肃省,valid,pending,MOE,2026,截至2026年6月17日,2853,
s_b1b3b56f48b5e5f0ecfcf5c8330a74c6,4162012835,甘肃林业职业技术大学,甘肃林业职业技术大学,甘肃省,天水市,本科,甘肃省,valid,pending,MOE,2026,截至2026年6月17日,2854,
s_56c9a257a93b6b84ea48481f6ff7cd72,4162011561,甘肃民族师范学院,甘肃民族师范学院,甘肃省,甘南藏族自治州,本科,甘肃省,valid,pending,MOE,2026,截至2026年6月17日,2843,
s_ea25d467bd7b21f8894cde78bfa19d62,4162010733,甘肃农业大学,甘肃农业大学,甘肃省,兰州市,本科,甘肃省,valid,pending,MOE,2026,截至2026年6月17日,2833,
s_0812f3527c4dc06ba5a79264df0d5069,4162013954,甘肃农业职业技术学院,甘肃农业职业技术学院,甘肃省,兰州市,专科,甘肃省,valid,pending,MOE,2026,截至2026年6月17日,2863,
s_ee72fd916c7cdbbb0ffcca5e356531bf,4162014517,甘肃卫生职业学院,甘肃卫生职业学院,甘肃省,兰州市,专科,甘肃省,valid,pending,MOE,2026,截至2026年6月17日,2868,
s_aa0f864c24b6da387e3e412773f71ff7,4162011805,甘肃医学院,甘肃医学院,甘肃省,平凉市,本科,甘肃省,valid,pending,MOE,2026,截至2026年6月17日,2845,
s_ad64bec5036ff31be4b0cfe22d9d526b,4162014375,甘肃有色冶金职业技术学院,甘肃有色冶金职业技术学院,甘肃省,金昌市,专科,甘肃省,valid,pending,MOE,2026,截至2026年6月17日,2866,
s_b83f191c669096feac7e0f6753ffca40,4162011406,甘肃政法大学,甘肃政法大学,甘肃省,兰州市,本科,甘肃省,valid,pending,MOE,2026,截至2026年6月17日,2842,
s_0ca1960836ef908e9e9c4469df6a4778,4162010735,甘肃中医药大学,甘肃中医药大学,甘肃省,兰州市,本科,甘肃省,valid,pending,MOE,2026,截至2026年6月17日,2834,
s_e6b0108a743f3e1dd3bf68c08e91d4d3,4162010740,河西学院,河西学院,甘肃省,张掖市,本科,甘肃省,valid,pending,MOE,2026,截至2026年6月17日,2839,
s_99ed96477231ccbaa22e2d5f5a537a15,4162012539,酒泉职业技术大学,酒泉职业技术大学,甘肃省,酒泉市,本科,甘肃省,valid,pending,MOE,2026,截至2026年6月17日,2855,
s_8e33af4fcb70813176b2c931900b54b2,4162013514,兰州博文科技学院,兰州博文科技学院,甘肃省,兰州市,本科,甘肃省教育厅,valid,pending,MOE,2026,截至2026年6月17日,2850,民办
s_d78cf3c20037e8570b40fe7ea301c602,4162010741,兰州财经大学,兰州财经大学,甘肃省,兰州市,本科,甘肃省,valid,pending,MOE,2026,截至2026年6月17日,2840,
s_2781237cdd587b973de67f38cf3686a1,4162010737,兰州城市学院,兰州城市学院,甘肃省,兰州市,本科,甘肃省,valid,pending,MOE,2026,截至2026年6月17日,2836,
s_e4fe4cf55c96d4914fb5ec5d37a3152b,4162010730,兰州大学,兰州大学,甘肃省,兰州市,本科,教育部,valid,pending,MOE,2026,截至2026年6月17日,2830,
s_2815e814a1be6eb8f662b9f3ce6cb9de,4162013511,兰州工商学院,兰州工商学院,甘肃省,兰州市,本科,甘肃省教育厅,valid,pending,MOE,2026,截至2026年6月17日,2848,民办
s_37a253cf3d0a037a8a4c3f7ef9a0253a,4162011807,兰州工业学院,兰州工业学院,甘肃省,兰州市,本科,甘肃省,valid,pending,MOE,2026,截至2026年6月17日,2846,
s_dd409dba15856ea6229acb9e626e5913,4162014771,兰州航空职业技术学院,兰州航空职业技术学院,甘肃省,兰州市,专科,甘肃省,valid,pending,MOE,2026,截至2026年6月17日,2875,
s_78602464fd75cf213b6e40a1f53889ec,4162010732,兰州交通大学,兰州交通大学,甘肃省,兰州市,本科,甘肃省,valid,pending,MOE,2026,截至2026年6月17日,2832,
s_294c770c67cf5a05c70632ff30105ccf,4162014518,兰州科技职业学院,兰州科技职业学院,甘肃省,兰州市,专科,甘肃省教育厅,valid,pending,MOE,2026,截至2026年6月17日,2869,民办
s_134bcd551291102faedc4153ef3e1025,4162010731,兰州理工大学,兰州理工大学,甘肃省,兰州市,本科,甘肃省,valid,pending,MOE,2026,截至2026年6月17日,2831,
s_511042c2b852d538b4e2adb487e733d4,4162016209,兰州石化职业技术大学,兰州石化职业技术大学,甘肃省,兰州市,本科,甘肃省,valid,pending,MOE,2026,截至2026年6月17日,2847,
s_e22f1721f0e78ccbd8a81aa70938d93b,4162012832,兰州外语职业学院,兰州外语职业学院,甘肃省,兰州市,专科,甘肃省教育厅,valid,pending,MOE,2026,截至2026年6月17日,2860,民办
s_3644265b9277b806064ef685f3795581,4162011562,兰州文理学院,兰州文理学院,甘肃省,兰州市,本科,甘肃省,valid,pending,MOE,2026,截至2026年6月17日,2844,
s_ce78439637d34c5b01879c644eb74339,4162014594,兰州现代职业学院,兰州现代职业学院,甘肃省,兰州市,专科,甘肃省,valid,pending,MOE,2026,截至2026年6月17日,2872,
s_057c23798096f285df3b1a8eb9b137fa,4162013515,兰州信息科技学院,兰州信息科技学院,甘肃省,兰州市,本科,甘肃省教育厅,valid,pending,MOE,2026,截至2026年6月17日,2851,民办
s_35886618a245328f2dba4417029ae374,4162012833,兰州职业技术学院,兰州职业技术学院,甘肃省,兰州市,专科,甘肃省,valid,pending,MOE,2026,截至2026年6月17日,2861,
s_af7cb05ea6a6a524f027f0cc53e00052,4162016208,兰州资源环境职业技术大学,兰州资源环境职业技术大学,甘肃省,兰州市,本科,甘肃省,valid,pending,MOE,2026,截至2026年6月17日,2849,
s_0522141d0b7d937aaac4b52b87cd94ba,4162014552,临夏现代职业学院,临夏现代职业学院,甘肃省,临夏州,专科,甘肃省,valid,pending,MOE,2026,截至2026年6月17日,2871,
s_c6041cf8718e1e80e5b3bdfd177664b3,4162010738,陇东学院,陇东学院,甘肃省,庆阳市,本科,甘肃省,valid,pending,MOE,2026,截至2026年6月17日,2837,
s_7d41e62ba56ff758b321c4daba3c31a2,4162011806,陇南师范学院,陇南师范学院,甘肃省,陇南市,本科,甘肃省,valid,pending,MOE,2026,截至2026年6月17日,2852,
s_40f0d1de810d736f285fc5f135725ef8,4162014738,培黎职业学院,培黎职业学院,甘肃省,张掖市,专科,甘肃省,valid,pending,MOE,2026,截至2026年6月17日,2874,
s_80836126bebd7855a3c4af42036c9778,4162014595,平凉职业技术学院,平凉职业技术学院,甘肃省,平凉市,专科,甘肃省,valid,pending,MOE,2026,截至2026年6月17日,2873,
s_d7a8569c2289882df48945a9d5a272dc,4162014551,庆阳职业技术学院,庆阳职业技术学院,甘肃省,庆阳市,专科,甘肃省,valid,pending,MOE,2026,截至2026年6月17日,2870,
s_4d205c224dbebbc1e021a589914710e4,4162010739,天水师范大学,天水师范大学,甘肃省,天水市,本科,甘肃省,valid,pending,MOE,2026,截至2026年6月17日,2838,
s_90b157b8ed133981489526ec0ada1262,4162013518,武威职业技术大学,武威职业技术大学,甘肃省,武威市,本科,甘肃省,valid,pending,MOE,2026,截至2026年6月17日,2857,
s_2639bc8ed3cf67812b652c8a2b0dd62b,4162010742,西北民族大学,西北民族大学,甘肃省,兰州市,本科,国家民委,valid,pending,MOE,2026,截至2026年6月17日,2841,
s_4203d2bd7754999a1a5fd761842e7d74,4162010736,西北师范大学,西北师范大学,甘肃省,兰州市,本科,甘肃省,valid,pending,MOE,2026,截至2026年6月17日,2835,
s_9c8cece008c3690f3bcd7c14a37a2608,4144013177,北京师范大学珠海分校,北京师范大学珠海分校,广东省,珠海市,本科,广东省教育厅,valid,pending,MOE,2026,截至2026年6月17日,2079,民办
s_8812dbe36812ed50c2683470cf5a028e,4144016401,北师香港浸会大学,北师香港浸会大学,广东省,珠海市,本科,广东省教育厅,valid,pending,MOE,2026,截至2026年6月17日,2095,中外合作办学及内地与港澳合作办学
s_89dbe61e2c6277da8d766dff7283c134,4144010965,潮汕职业技术学院,潮汕职业技术学院,广东省,揭阳市,专科,广东省教育厅,valid,pending,MOE,2026,截至2026年6月17日,2111,民办
s_12591cdb87ff2782af715c7f5150569d,4144014942,大湾区大学,大湾区大学,广东省,东莞市,本科,广东省,valid,pending,MOE,2026,截至2026年6月17日,2108,
s_753ddfa77a96c19ef7cdf16fb89e036e,4144011545,电子科技大学中山学院,电子科技大学中山学院,广东省,中山市,本科,广东省教育厅,valid,pending,MOE,2026,截至2026年6月17日,2062,民办
s_125692f852862385d3a6796e12168686,4144013844,东莞城市学院,东莞城市学院,广东省,东莞市,本科,广东省教育厅,valid,pending,MOE,2026,截至2026年6月17日,2090,民办
s_a7694fb72e573ccfb64e84cd6bd2f415,4144011819,东莞理工学院,东莞理工学院,广东省,东莞市,本科,广东省,valid,pending,MOE,2026,截至2026年6月17日,2064,
s_012908bc4a7afd0df8508c375ac61c4f,4144014263,东莞职业技术学院,东莞职业技术学院,广东省,东莞市,专科,广东省,valid,pending,MOE,2026,截至2026年6月17日,2166,
s_fbd2d496db8b4646952a020d2a44e0f5,4144011847,佛山大学,佛山大学,广东省,佛山市,本科,广东省,valid,pending,MOE,2026,截至2026年6月17日,2067,
s_aec74f246308f2a1d7bfe572b35e28de,4144012327,佛山职业技术学院,佛山职业技术学院,广东省,佛山市,专科,广东省,valid,pending,MOE,2026,截至2026年6月17日,2118,
s_c4abaa5a3c5199e663f0d2b3855318b4,4144010822,广东白云学院,广东白云学院,广东省,广州市,本科,广东省教育厅,valid,pending,MOE,2026,截至2026年6月17日,2055,民办
s_4fb226fac3334e456523fb6669019998,4144014511,广东碧桂园职业学院,广东碧桂园职业学院,广东省,清远市,专科,广东省教育厅,valid,pending,MOE,2026,截至2026年6月17日,2179,民办
s_faf4647ea183f111f4e75f57e507bcd6,4144010592,广东财经大学,广东财经大学,广东省,广州市,本科,广东省,valid,pending,MOE,2026,截至2026年6月17日,2054,
s_3d4ee9ae252f6ee7d310c23afe3c3524,4144014667,广东财贸职业学院,广东财贸职业学院,广东省,清远市,专科,广东省,valid,pending,MOE,2026,截至2026年6月17日,2188,
s_9e525942d54a0e19257f6cac0a45503f,4144014759,广东潮州卫生健康职业学院,广东潮州卫生健康职业学院,广东省,潮州市,专科,广东省,valid,pending,MOE,2026,截至2026年6月17日,2192,
s_607995a19ebb2efba543bc7d144c71f2,4144014363,广东创新科技职业学院,广东创新科技职业学院,广东省,东莞市,专科,广东省教育厅,valid,pending,MOE,2026,截至2026年6月17日,2173,民办
s_127fa172545ee977386fa94db279eb57,4144014278,广东第二师范学院,广东第二师范学院,广东省,广州市,本科,广东省,valid,pending,MOE,2026,截至2026年6月17日,2092,
s_635f6b46348777a1fd1bc865699ac0d7,4144012574,广东东软学院,广东东软学院,广东省,佛山市,本科,广东省教育厅,valid,pending,MOE,2026,截至2026年6月17日,2070,民办
s_d3cd6b6bdc67aabcf461e5b2e8af1139,4144013930,广东工程职业技术学院,广东工程职业技术学院,广东省,广州市,专科,广东省,valid,pending,MOE,2026,截至2026年6月17日,2157,
s_8197f79ac49e90cf6956dbb44166e6ab,4144012959,广东工贸职业技术学院,广东工贸职业技术学院,广东省,广州市,专科,广东省,valid,pending,MOE,2026,截至2026年6月17日,2138,
s_2f54fdee6996981cc518886b40df1fd4,4144013721,广东工商职业技术大学,广东工商职业技术大学,广东省,肇庆市,本科,广东省教育厅,valid,pending,MOE,2026,截至2026年6月17日,2089,民办
s_b7f88433016c0202e06b18e22f3a0cca,4144011845,广东工业大学,广东工业大学,广东省,广州市,本科,广东省,valid,pending,MOE,2026,截至2026年6月17日,2065,
s_43dd709e4803adb53acfbb9067ca9050,4144010566,广东海洋大学,广东海洋大学,广东省,湛江市,本科,广东省,valid,pending,MOE,2026,截至2026年6月17日,2037,
s_01ed8adbd549a2009d3b3b0991a1cbf1,4144014311,广东环境保护工程职业学院,广东环境保护工程职业学院,广东省,佛山市,专科,广东省,valid,pending,MOE,2026,截至2026年6月17日,2170,
s_fed0c230bfc4555470ea4a5634903a1a,4144012743,广东机电职业技术学院,广东机电职业技术学院,广东省,广州市,专科,广东省,valid,pending,MOE,2026,截至2026年6月17日,2128,
s_78badba60d27735cfbcd4ea2b69795b3,4144010588,广东技术师范大学,广东技术师范大学,广东省,广州市,本科,广东省,valid,pending,MOE,2026,截至2026年6月17日,2052,
s_13eb17e40b77911ead263eb69ea92f8a,4144012741,广东建设职业技术学院,广东建设职业技术学院,广东省,广州市,专科,广东省,valid,pending,MOE,2026,截至2026年6月17日,2126,
s_413acb4d5c7351daf3770a1af6cabc03,4144013675,广东江门南粤学院,广东江门南粤学院,广东省,江门市,本科,广东省教育厅,valid,pending,MOE,2026,截至2026年6月17日,2083,民办
s_088a27b284646270f0fc2136b7f8aa5b,4144014664,广东江门幼儿师范高等专科学校,广东江门幼儿师范高等专科学校,广东省,江门市,专科,广东省,valid,pending,MOE,2026,截至2026年6月17日,2187,
s_e728100c29f1839db2542d2891e6eff4,4144014610,广东江门中医药职业学院,广东江门中医药职业学院,广东省,江门市,专科,广东省,valid,pending,MOE,2026,截至2026年6月17日,2185,
s_b52390f24848d3a8c401bb997116b465,4144010861,广东交通职业技术学院,广东交通职业技术学院,广东省,广州市,专科,广东省,valid,pending,MOE,2026,截至2026年6月17日,2109,
s_23e2c5536553ab019a5a1c05bcbba65b,4144011540,广东金融学院,广东金融学院,广东省,广州市,本科,广东省,valid,pending,MOE,2026,截至2026年6月17日,2061,
s_b41adcb8af1e8e728536709929446fc7,4144011110,广东警官学院,广东警官学院,广东省,广州市,本科,广东省,valid,pending,MOE,2026,截至2026年6月17日,2058,
s_3933962088a9a7da8481926033659d65,4144014572,广东酒店管理职业技术学院,广东酒店管理职业技术学院,广东省,东莞市,专科,广东省教育厅,valid,pending,MOE,2026,截至2026年6月17日,2181,民办
s_1290dd741dbf0ade976042e63e2f2c99,4144013719,广东科技学院,广东科技学院,广东省,东莞市,本科,广东省教育厅,valid,pending,MOE,2026,截至2026年6月17日,2087,民办
s_8eb8eaf93e8842a116c9a32c3ee11bda,4144014063,广东科贸职业学院,广东科贸职业学院,广东省,广州市,专科,广东省,valid,pending,MOE,2026,截至2026年6月17日,2159,
s_51ebcbc868564a066fc55a7298ac15a6,4144012572,广东科学技术职业学院,广东科学技术职业学院,广东省,广州市,专科,广东省,valid,pending,MOE,2026,截至2026年6月17日,2119,
s_02905b3ddbebaaa30554531d1ea567ef,4144013720,广东理工学院,广东理工学院,广东省,肇庆市,本科,广东省教育厅,valid,pending,MOE,2026,截至2026年6月17日,2088,民办
s_4c674ba76209c18a5b99d9981de450ea,4144013919,广东理工职业学院,广东理工职业学院,广东省,广州市,专科,广东省,valid,pending,MOE,2026,截至2026年6月17日,2153,
s_9d55ed92ff701e24d9d94489dd5287bd,4144012749,广东岭南职业技术学院,广东岭南职业技术学院,广东省,广州市,专科,广东省教育厅,valid,pending,MOE,2026,截至2026年6月17日,2129,民办
s_dd556a886ae6985e51143cccc8588344,4144014556,广东茂名健康职业学院,广东茂名健康职业学院,广东省,茂名市,专科,广东省,valid,pending,MOE,2026,截至2026年6月17日,2180,
s_acf0049072471631b5d471e22828b882,4144014638,广东茂名农林科技职业学院,广东茂名农林科技职业学院,广东省,茂名市,专科,广东省,valid,pending,MOE,2026,截至2026年6月17日,2186,
s_b195706457f81b99208bf41988d48851,4144014587,广东茂名幼儿师范专科学校,广东茂名幼儿师范专科学校,广东省,茂名市,专科,广东省,valid,pending,MOE,2026,截至2026年6月17日,2182,
s_07d8df624ef0a4ae44473b47425b9b0f,4144014758,广东梅州职业技术学院,广东梅州职业技术学院,广东省,梅州市,专科,广东省,valid,pending,MOE,2026,截至2026年6月17日,2191,
s_40050fe25222d7e2b7b23c91b1488d0b,4144014265,广东南方职业学院,广东南方职业学院,广东省,江门市,专科,广东省教育厅,valid,pending,MOE,2026,截至2026年6月17日,2167,民办
s_c410fd3823cc28cd9a455313cc372c97,4144011114,广东南华工商职业学院,广东南华工商职业学院,广东省,广州市,专科,广东省,valid,pending,MOE,2026,截至2026年6月17日,2112,
s_f8f2702d9f44bb37ee7ce212b5be35ee,4144012322,广东农工商职业技术学院,广东农工商职业技术学院,广东省,广州市,专科,广东省,valid,pending,MOE,2026,截至2026年6月17日,2116,
s_c895d7d585db437937da7c9d2c9bd7d7,4144012742,广东女子职业技术学院,广东女子职业技术学院,广东省,广州市,专科,广东省,valid,pending,MOE,2026,截至2026年6月17日,2127,
s_ea9f51c1520de691c2346169038903f3,4144012059,广东培正学院,广东培正学院,广东省,广州市,本科,广东省教育厅,valid,pending,MOE,2026,截至2026年6月17日,2068,民办
s_e2a54ea9cba0d0c3af3255421b7fc118,4144014361,广东青年职业学院,广东青年职业学院,广东省,广州市,专科,广东省,valid,pending,MOE,2026,截至2026年6月17日,2171,
s_a93bf9249f32ba004bf0889af95efb42,4144010833,广东轻工职业技术大学,广东轻工职业技术大学,广东省,广州市,本科,广东省,valid,pending,MOE,2026,截至2026年6月17日,2104,
s_2fb5b66ce1caacb4ae09b81b7d3595a9,4144014757,广东汕头幼儿师范高等专科学校,广东汕头幼儿师范高等专科学校,广东省,汕头市,专科,广东省,valid,pending,MOE,2026,截至2026年6月17日,2190,
s_f9c7df375542332a33e0d3ebc3365fcb,4144014509,广东生态工程职业学院,广东生态工程职业学院,广东省,广州市,专科,广东省,valid,pending,MOE,2026,截至2026年6月17日,2177,
s_406930b2a962fa9b8cc3f101d672d86a,4144012962,广东省外语艺术职业学院,广东省外语艺术职业学院,广东省,广州市,专科,广东省,valid,pending,MOE,2026,截至2026年6月17日,2141,
s_6f2e345851ebe3d24231a98a68fdf3d5,4144011656,广东石油化工学院,广东石油化工学院,广东省,茂名市,本科,广东省,valid,pending,MOE,2026,截至2026年6月17日,2063,
s_5437b1159c319e242df2732d83541fb3,4144012573,广东食品药品职业学院,广东食品药品职业学院,广东省,广州市,专科,广东省,valid,pending,MOE,2026,截至2026年6月17日,2120,
s_8789e938f6b3bff86c1f26ed68f761c1,4144010862,广东水利电力职业技术学院,广东水利电力职业技术学院,广东省,广州市,专科,广东省,valid,pending,MOE,2026,截至2026年6月17日,2110,
s_c776b07dbe84c287f623b4cd652d1b4e,4144012960,广东司法警官职业学院,广东司法警官职业学院,广东省,广州市,专科,广东省,valid,pending,MOE,2026,截至2026年6月17日,2139,
s_ff2b92107a4506c1caae73a337dd413e,4144012060,广东松山职业技术学院,广东松山职业技术学院,广东省,韶关市,专科,广东省,valid,pending,MOE,2026,截至2026年6月17日,2115,
s_69ae3b1f3e2af0ba709d945e5a2b75b0,4144012578,广东体育职业技术学院,广东体育职业技术学院,广东省,广州市,专科,广东省,valid,pending,MOE,2026,截至2026年6月17日,2124,
s_e7a925e97e8a35d3b70138ed68f4a147,4144011846,广东外语外贸大学,广东外语外贸大学,广东省,广州市,本科,广东省,valid,pending,MOE,2026,截至2026年6月17日,2066,
s_a70d9a516fc5d8416dec646d1c405ff7,4144012620,广东外语外贸大学南国商学院,广东外语外贸大学南国商学院,广东省,广州市,本科,广东省教育厅,valid,pending,MOE,2026,截至2026年6月17日,2074,民办
s_4c752ad739b34cdf7aa4fc427a540aad,4144014126,广东文理职业学院,广东文理职业学院,广东省,湛江市,专科,广东省教育厅,valid,pending,MOE,2026,截至2026年6月17日,2164,民办
s_c1c7e6ddfd1ddcfb969ce11d380b5796,4144013707,广东文艺职业学院,广东文艺职业学院,广东省,广州市,专科,广东省,valid,pending,MOE,2026,截至2026年6月17日,2142,
s_fc93867f8682789deb033177a760dd4d,4144012325,广东新安职业技术学院,广东新安职业技术学院,广东省,深圳市,专科,广东省教育厅,valid,pending,MOE,2026,截至2026年6月17日,2117,民办
s_622b36599bf01c1111a083280cfd82ad,4144014427,广东信息工程职业学院,广东信息工程职业学院,广东省,肇庆市,专科,广东省教育厅,valid,pending,MOE,2026,截至2026年6月17日,2176,民办
s_03f1f1e96e1e6b660d353e0a9579481e,4144012577,广东行政职业学院,广东行政职业学院,广东省,广州市,专科,广东省,valid,pending,MOE,2026,截至2026年6月17日,2123,
s_8c5da874a78c42e139147c9b70605039,4144012961,广东亚视演艺职业学院,广东亚视演艺职业学院,广东省,肇庆市,专科,广东省教育厅,valid,pending,MOE,2026,截至2026年6月17日,2140,民办
s_4888f82f7ec356dd77812e91fe97a035,4144010573,广东药科大学,广东药科大学,广东省,广州市,本科,广东省,valid,pending,MOE,2026,截至2026年6月17日,2041,
s_6758693cef788ee1a089b66bc052d121,4144010571,广东医科大学,广东医科大学,广东省,湛江市,本科,广东省,valid,pending,MOE,2026,截至2026年6月17日,2039,
s_5c48aa3b465288461163783e9736b945,4144016410,广东以色列理工学院,广东以色列理工学院,广东省,汕头市,本科,广东省教育厅,valid,pending,MOE,2026,截至2026年6月17日,2099,中外合作办学及内地与港澳合作办学
s_115c2f77582fb784e159a0c2ed1482c4,4144014407,广东艺术职业学院,广东艺术职业学院,广东省,广州市,专科,广东省,valid,pending,MOE,2026,截至2026年6月17日,2174,
s_59ff9fca4862420e978091431d29925e,4144012953,广东邮电职业技术学院,广东邮电职业技术学院,广东省,广州市,专科,广东省,valid,pending,MOE,2026,截至2026年6月17日,2134,
s_ed95ec24ed3064568997f509530aa630,4144014760,广东云浮中医药职业学院,广东云浮中医药职业学院,广东省,云浮市,专科,广东省,valid,pending,MOE,2026,截至2026年6月17日,2193,
s_3f74cd4f81810645918d1b9ee52353d8,4144014761,广东肇庆航空职业学院,广东肇庆航空职业学院,广东省,肇庆市,专科,广东省教育厅,valid,pending,MOE,2026,截至2026年6月17日,2194,民办
s_11c5a6d899bb7ef3cab45b5e28105dba,4144012736,广东职业技术学院,广东职业技术学院,广东省,佛山市,专科,广东省,valid,pending,MOE,2026,截至2026年6月17日,2125,
s_65590fac5219f0c1f822cec81fd81bd7,4144014965,广东制造职业技术学院,广东制造职业技术学院,广东省,广州市,专科,广东省,valid,pending,MOE,2026,截至2026年6月17日,2198,
s_11ebb7127ce96eda1bedaae6e6609f55,4144014136,广州城建职业学院,广州城建职业学院,广东省,广州市,专科,广东省教育厅,valid,pending,MOE,2026,截至2026年6月17日,2165,民办
s_26f2a381194ce78c015745b2dadd0502,4144012617,广州城市理工学院,广州城市理工学院,广东省,广州市,本科,广东省教育厅,valid,pending,MOE,2026,截至2026年6月17日,2071,民办
s_804abca8befaf2be46bcb16c1feaa2a4,4144013929,广州城市职业学院,广州城市职业学院,广东省,广州市,专科,广东省,valid,pending,MOE,2026,截至2026年6月17日,2156,
s_b71d93b14aab39c31d8b8c5b33e835fc,4144011078,广州大学,广州大学,广东省,广州市,本科,广东省,valid,pending,MOE,2026,截至2026年6月17日,2056,
s_ff6d1aac1725ff37024d33d9f0b142c9,4144014362,广州东华职业学院,广州东华职业学院,广东省,广州市,专科,广东省教育厅,valid,pending,MOE,2026,截至2026年6月17日,2172,民办
s_2164e1a19e4b77f008b80371b492dcf2,4144013709,广州工程技术职业学院,广州工程技术职业学院,广东省,广州市,专科,广东省,valid,pending,MOE,2026,截至2026年6月17日,2144,
s_e8138112a99caf2f795394f54c0d2e16,4144013714,广州工商学院,广州工商学院,广东省,广州市,本科,广东省教育厅,valid,pending,MOE,2026,截至2026年6月17日,2085,民办
s_b5ba9fa322cc81afefa21ce795ea161b,4144011106,广州航海学院,广州航海学院,广东省,广州市,本科,广东省,valid,pending,MOE,2026,截至2026年6月17日,2057,
s_363bbec7c908f231dcd41abbf5b2964e,4144013928,广州华立科技职业学院,广州华立科技职业学院,广东省,广州市,专科,广东省教育厅,valid,pending,MOE,2026,截至2026年6月17日,2155,民办
s_b43d5bfab3c0a624cf0827f33f577341,4144013656,广州华立学院,广州华立学院,广东省,广州市,本科,广东省教育厅,valid,pending,MOE,2026,截至2026年6月17日,2080,民办
s_d4460b2ad7aba1104305362e79547a75,4144013927,广州华南商贸职业学院,广州华南商贸职业学院,广东省,广州市,专科,广东省教育厅,valid,pending,MOE,2026,截至2026年6月17日,2154,民办
s_0de88616efad2654e3a29f409d5c3d76,4144012621,广州华商学院,广州华商学院,广东省,广州市,本科,广东省教育厅,valid,pending,MOE,2026,截至2026年6月17日,2075,民办
s_8b3c71af2959f7f1fee1434de2491a32,4144014266,广州华商职业学院,广州华商职业学院,广东省,广州市,专科,广东省教育厅,valid,pending,MOE,2026,截至2026年6月17日,2168,民办
s_7aa6d57e0f1d96074ec1313f17225861,4144014268,广州华夏职业学院,广州华夏职业学院,广东省,广州市,专科,广东省教育厅,valid,pending,MOE,2026,截至2026年6月17日,2169,民办
s_145359f690e1ee5afeff4d0662e0dcbe,4144012575,广州康大职业技术学院,广州康大职业技术学院,广东省,广州市,专科,广东省教育厅,valid,pending,MOE,2026,截至2026年6月17日,2121,民办
s_bd0dba9b4385046a603948a137e1f237,4144014065,广州科技贸易职业学院,广州科技贸易职业学院,广东省,广州市,专科,广东省,valid,pending,MOE,2026,截至2026年6月17日,2160,
s_69b11778de0c8e3668ff70ed711d690b,4144013717,广州科技职业技术大学,广州科技职业技术大学,广东省,广州市,本科,广东省教育厅,valid,pending,MOE,2026,截至2026年6月17日,2086,民办
s_9b5a20c9f5af67b7c10c1c0e14268493,4144012668,广州理工学院,广州理工学院,广东省,广州市,本科,广东省教育厅,valid,pending,MOE,2026,截至2026年6月17日,2078,民办
s_8b11c646c1efb2301bc4666fc152e925,4144010586,广州美术学院,广州美术学院,广东省,广州市,本科,广东省,valid,pending,MOE,2026,截至2026年6月17日,2050,
s_b9fad374eed7a1f4340d75e8efb4f62d,4144012040,广州民航职业技术学院,广州民航职业技术学院,广东省,广州市,专科,交通运输部(中国民用航空局),valid,pending,MOE,2026,截至2026年6月17日,2114,
s_a1e01c2ed278b1ce76a31a282c3ade92,4144012619,广州南方学院,广州南方学院,广东省,广州市,本科,广东省教育厅,valid,pending,MOE,2026,截至2026年6月17日,2073,民办
s_50f6904d9b32f4d0a55dd339db362013,4144013716,广州南洋理工职业学院,广州南洋理工职业学院,广东省,广州市,专科,广东省教育厅,valid,pending,MOE,2026,截至2026年6月17日,2150,民办
s_a8fc22c3938a5febc03574f0220f6f02,4144012618,广州软件学院,广州软件学院,广东省,广州市,本科,广东省教育厅,valid,pending,MOE,2026,截至2026年6月17日,2072,民办
s_a4257cf130d84cbb3bd89c2ea4b8d94c,4144013667,广州商学院,广州商学院,广东省,广州市,本科,广东省教育厅,valid,pending,MOE,2026,截至2026年6月17日,2082,民办
s_20c383987f6c48580365816d59a4818e,4144013715,广州涉外经济职业技术学院,广州涉外经济职业技术学院,广东省,广州市,专科,广东省教育厅,valid,pending,MOE,2026,截至2026年6月17日,2149,民办
s_93f4db2923cc31a84d07a27abd6c1555,4144014125,广州松田职业学院,广州松田职业学院,广东省,广州市,专科,广东省教育厅,valid,pending,MOE,2026,截至2026年6月17日,2163,民办
s_9aaeefbc27bfbf1e4bf1089e12f549fc,4144010585,广州体育学院,广州体育学院,广东省,广州市,本科,广东省,valid,pending,MOE,2026,截至2026年6月17日,2049,
s_f870405238db2c3fe7570a28df5f7589,4144013708,广州体育职业技术学院,广州体育职业技术学院,广东省,广州市,专科,广东省,valid,pending,MOE,2026,截至2026年6月17日,2143,
s_169fe080be47df1c769dbc54ab03f602,4144013943,广州铁路职业技术学院,广州铁路职业技术学院,广东省,广州市,专科,广东省,valid,pending,MOE,2026,截至2026年6月17日,2158,
s_778dc3f449848533fde3fb6256dcd923,4144014592,广州卫生职业技术学院,广州卫生职业技术学院,广东省,广州市,专科,广东省,valid,pending,MOE,2026,截至2026年6月17日,2183,
s_7bab64c888be334a92980f4d8c9fcdcd,4144013912,广州现代信息工程职业技术学院,广州现代信息工程职业技术学院,广东省,广州市,专科,广东省教育厅,valid,pending,MOE,2026,截至2026年6月17日,2152,民办
s_21dd46e8c890b89989fb2429fc966e1f,4144013902,广州新华学院,广州新华学院,广东省,广州市,本科,广东省教育厅,valid,pending,MOE,2026,截至2026年6月17日,2091,民办
s_9384f1ef1e4716bb2d28a683bc3073a0,4144010570,广州医科大学,广州医科大学,广东省,广州市,本科,广东省,valid,pending,MOE,2026,截至2026年6月17日,2038,
s_d3001ea8297d34774e9f5da9955e6c7d,4144013657,广州应用科技学院,广州应用科技学院,广东省,广州市,本科,广东省教育厅,valid,pending,MOE,2026,截至2026年6月17日,2081,民办
s_9ca1cf507dca36f4f5b49e435a17bc0e,4144014756,广州幼儿师范高等专科学校,广州幼儿师范高等专科学校,广东省,广州市,专科,广东省,valid,pending,MOE,2026,截至2026年6月17日,2189,
s_209b0260b01deb59c9b4b20bb5de80a0,4144012046,广州职业技术大学,广州职业技术大学,广东省,广州市,本科,广东省,valid,pending,MOE,2026,截至2026年6月17日,2106,
s_ef3e7ecc6b5916f077cbffcc637b72a7,4144010572,广州中医药大学,广州中医药大学,广东省,广州市,本科,广东省,valid,pending,MOE,2026,截至2026年6月17日,2040,
s_75996228f4c4fc725350f6ad435e3321,4144014123,广州珠江职业技术学院,广州珠江职业技术学院,广东省,广州市,专科,广东省教育厅,valid,pending,MOE,2026,截至2026年6月17日,2162,民办
s_c2f3556caa86c534708de7cee47f3373,4144010578,韩山师范学院,韩山师范学院,广东省,潮州市,本科,广东省,valid,pending,MOE,2026,截至2026年6月17日,2045,
s_fc9519bdd48a5ec76dc63cf8c40a1497,4144012772,河源职业技术学院,河源职业技术学院,广东省,河源市,专科,广东省,valid,pending,MOE,2026,截至2026年6月17日,2133,
s_2b986d22a8564435b7e2390a2cd683bb,4144010561,华南理工大学,华南理工大学,广东省,广州市,本科,教育部,valid,pending,MOE,2026,截至2026年6月17日,2035,
s_adc7e8a8e5df037dc965bcea0c114c4e,4144010564,华南农业大学,华南农业大学,广东省,广州市,本科,广东省,valid,pending,MOE,2026,截至2026年6月17日,2036,
s_732118eb001a7053d4ab0ebecbfbe18e,4144012623,华南农业大学珠江学院,华南农业大学珠江学院,广东省,广州市,本科,广东省教育厅,valid,pending,MOE,2026,截至2026年6月17日,2077,民办
s_11c249d7ee23de1bd7297b6e4123248a,4144010574,华南师范大学,华南师范大学,广东省,广州市,本科,广东省,valid,pending,MOE,2026,截至2026年6月17日,2042,
s_8b3e6fd4e3a1b284bfc61c0a0c0928e1,4144014510,惠州城市职业学院,惠州城市职业学院,广东省,惠州市,专科,广东省,valid,pending,MOE,2026,截至2026年6月17日,2178,
s_36fdb3d08a16846814d495b90b8830b6,4144014609,惠州工程职业学院,惠州工程职业学院,广东省,惠州市,专科,广东省,valid,pending,MOE,2026,截至2026年6月17日,2184,
s_5dd63a19345a3950b2a312173d96e289,4144013718,惠州经济职业技术学院,惠州经济职业技术学院,广东省,惠州市,专科,广东省教育厅,valid,pending,MOE,2026,截至2026年6月17日,2151,民办
s_79ee4a71ac0902a92aadf099d8d96e96,4144014408,惠州卫生职业技术学院,惠州卫生职业技术学院,广东省,惠州市,专科,广东省,valid,pending,MOE,2026,截至2026年6月17日,2175,
s_2cba919472952640df35a31dbf9afeed,4144010577,惠州学院,惠州学院,广东省,惠州市,本科,广东省,valid,pending,MOE,2026,截至2026年6月17日,2044,
s_316ab260688ae2ef60317bd6b4c3cfa2,4144010559,暨南大学,暨南大学,广东省,广州市,本科,中央统战部,valid,pending,MOE,2026,截至2026年6月17日,2033,
s_946d3e71bc1fd035db6202d4dfc99c6b,4144010582,嘉应学院,嘉应学院,广东省,梅州市,本科,广东省,valid,pending,MOE,2026,截至2026年6月17日,2048,
s_564e6ee41af563cc89a5623df6244e51,4144013711,江门职业技术学院,江门职业技术学院,广东省,江门市,专科,广东省,valid,pending,MOE,2026,截至2026年6月17日,2146,
s_f44a43944788543ffbb0930fa33307e2,4144012956,揭阳职业技术学院,揭阳职业技术学院,广东省,揭阳市,专科,广东省,valid,pending,MOE,2026,截至2026年6月17日,2136,
s_47367cd4d2b70102ded7e062322e4b82,4144010579,岭南师范学院,岭南师范学院,广东省,湛江市,本科,广东省,valid,pending,MOE,2026,截至2026年6月17日,2046,
s_e7633e8c9e999f1c90b184f4b0a8c460,4144012770,罗定职业技术学院,罗定职业技术学院,广东省,云浮市,专科,广东省,valid,pending,MOE,2026,截至2026年6月17日,2131,
s_b3e1516188e081ae0cb503f2b7e5d2c5,4144013712,茂名职业技术学院,茂名职业技术学院,广东省,茂名市,专科,广东省,valid,pending,MOE,2026,截至2026年6月17日,2147,
s_41dc6329f138eea41c3ebf3a7cc20ac5,4144014325,南方科技大学,南方科技大学,广东省,深圳市,本科,广东省,valid,pending,MOE,2026,截至2026年6月17日,2093,
s_db25135632d6ebd145bb353f8ca7678a,4144012121,南方医科大学,南方医科大学,广东省,广州市,本科,广东省,valid,pending,MOE,2026,截至2026年6月17日,2069,
s_88ecba07b1cd71b91fb1ef7be6996ff2,4144012958,清远职业技术学院,清远职业技术学院,广东省,清远市,专科,广东省,valid,pending,MOE,2026,截至2026年6月17日,2137,
s_ae5ff30ee15faf4f81f71cd980fb83c0,4144010560,汕头大学,汕头大学,广东省,汕头市,本科,广东省,valid,pending,MOE,2026,截至2026年6月17日,2034,
s_840e9f97fe70f2aa71f5393d1313379d,4144012954,汕头职业技术学院,汕头职业技术学院,广东省,汕头市,专科,广东省,valid,pending,MOE,2026,截至2026年6月17日,2135,
s_c0214de00e6145f116026cd28960f177,4144012765,汕尾职业技术学院,汕尾职业技术学院,广东省,汕尾市,专科,广东省,valid,pending,MOE,2026,截至2026年6月17日,2130,
s_30a9266652a52f252f584fb611a2e8cd,4144010576,韶关学院,韶关学院,广东省,韶关市,本科,广东省,valid,pending,MOE,2026,截至2026年6月17日,2043,
s_0e136be6fa84bf9109bf8e1c5aafb29c,4144016409,深圳北理莫斯科大学,深圳北理莫斯科大学,广东省,深圳市,本科,广东省教育厅,valid,pending,MOE,2026,截至2026年6月17日,2098,中外合作办学及内地与港澳合作办学
s_3479e565b3cddee2356f13a46de1e79d,4144014845,深圳城市职业学院,深圳城市职业学院,广东省,深圳市,专科,广东省,valid,pending,MOE,2026,截至2026年6月17日,2197,
s_c25299684d2581f695d97cc966dcc7c7,4144010590,深圳大学,深圳大学,广东省,深圳市,本科,广东省,valid,pending,MOE,2026,截至2026年6月17日,2053,
s_350b65f46ef8b01a0ff25f5e44528fe5,4144014655,深圳技术大学,深圳技术大学,广东省,深圳市,本科,广东省,valid,pending,MOE,2026,截至2026年6月17日,2094,
s_13fb7e92cd20ca4cb8c11938dacca9f6,4144014880,深圳理工大学,深圳理工大学,广东省,深圳市,本科,广东省,valid,pending,MOE,2026,截至2026年6月17日,2102,
s_c07803610104c6f412fd7029c612f6c2,4144012957,深圳信息职业技术大学,深圳信息职业技术大学,广东省,深圳市,本科,广东省,valid,pending,MOE,2026,截至2026年6月17日,2107,
s_665ef0f1f324a299b83984a8fa2d6f8a,4144011113,深圳职业技术大学,深圳职业技术大学,广东省,深圳市,本科,广东省,valid,pending,MOE,2026,截至2026年6月17日,2101,
s_8f772019ec06b6236c9032383901fd6f,4144010831,顺德职业技术大学,顺德职业技术大学,广东省,佛山市,本科,广东省,valid,pending,MOE,2026,截至2026年6月17日,2105,
s_2935aeec03c2efcf486266154da2733d,4144011121,私立华联学院,私立华联学院,广东省,广州市,专科,广东省教育厅,valid,pending,MOE,2026,截至2026年6月17日,2113,民办
s_2badaf14f987f021efeaf39878fcb377,4144011349,五邑大学,五邑大学,广东省,江门市,本科,广东省,valid,pending,MOE,2026,截至2026年6月17日,2060,
s_9cdeba6af44de4cbd98590145adbc519,4144014851,香港城市大学(东莞),香港城市大学(东莞),广东省,东莞市,本科,广东省教育厅,valid,pending,MOE,2026,截至2026年6月17日,2100,中外合作办学及内地与港澳合作办学
s_e5a409dde16f486dd060e19c36056b42,4144016412,香港科技大学(广州),香港科技大学(广州),广东省,广州市,本科,广东省教育厅,valid,pending,MOE,2026,截至2026年6月17日,2096,中外合作办学及内地与港澳合作办学
s_02b0246a7b0f7abb654b95a4bc82ffe5,4144016407,香港中文大学(深圳),香港中文大学(深圳),广东省,深圳市,本科,广东省教育厅,valid,pending,MOE,2026,截至2026年6月17日,2097,中外合作办学及内地与港澳合作办学
s_fff5f0e620eac40121d92c852ad37410,4144010587,星海音乐学院,星海音乐学院,广东省,广州市,本科,广东省,valid,pending,MOE,2026,截至2026年6月17日,2051,
s_d1521319554e4ee2acd8c052c3711d65,4144012771,阳江职业技术学院,阳江职业技术学院,广东省,阳江市,专科,广东省,valid,pending,MOE,2026,截至2026年6月17日,2132,
s_b534888f2f0ef4fc7b04bbac608b9a73,4144012622,湛江科技学院,湛江科技学院,广东省,湛江市,本科,广东省教育厅,valid,pending,MOE,2026,截至2026年6月17日,2076,民办
s_81684c8aa99116c5ea71646f6699d7dc,4244050853,湛江幼儿师范专科学校,湛江幼儿师范专科学校,广东省,湛江市,专科,广东省,valid,pending,MOE,2026,截至2026年6月17日,2195,
s_a2c88d5d3b376be266f10494c17fc96a,4144010580,肇庆学院,肇庆学院,广东省,肇庆市,本科,广东省,valid,pending,MOE,2026,截至2026年6月17日,2047,
s_627d487aa3e27537f8fb0ee61540c345,4144013810,肇庆医学院,肇庆医学院,广东省,肇庆市,本科,广东省,valid,pending,MOE,2026,截至2026年6月17日,2103,
s_06f9ef4cb267efc0ce9a79203a534368,4144010558,中山大学,中山大学,广东省,广州市,本科,教育部,valid,pending,MOE,2026,截至2026年6月17日,2032,
s_70ade57de68c578babf43b94688bb644,4144013710,中山火炬职业技术学院,中山火炬职业技术学院,广东省,中山市,专科,广东省,valid,pending,MOE,2026,截至2026年6月17日,2145,
s_8286b07249c5609942ec316e90b9fcb1,4144014066,中山职业技术学院,中山职业技术学院,广东省,中山市,专科,广东省,valid,pending,MOE,2026,截至2026年6月17日,2161,
s_3fea467aba7c00ed20b7a86c07d0ab70,4144011347,仲恺农业工程学院,仲恺农业工程学院,广东省,广州市,本科,广东省,valid,pending,MOE,2026,截至2026年6月17日,2059,
s_ec5994c8ea05d95243be2053d2a183da,4144013713,珠海城市职业技术学院,珠海城市职业技术学院,广东省,珠海市,专科,广东省,valid,pending,MOE,2026,截至2026年6月17日,2148,
s_15c5f5f7015c5fc69ccf1dea3c97f84d,4144014798,珠海格力职业学院,珠海格力职业学院,广东省,珠海市,专科,广东省教育厅,valid,pending,MOE,2026,截至2026年6月17日,2196,民办
s_af14e7460a6a44324c9fa69db0ec8a62,4144013684,珠海科技学院,珠海科技学院,广东省,珠海市,本科,广东省教育厅,valid,pending,MOE,2026,截至2026年6月17日,2084,民办
s_1581dec7754e1cc7b642022959bf4902,4144012576,珠海艺术职业学院,珠海艺术职业学院,广东省,珠海市,专科,广东省教育厅,valid,pending,MOE,2026,截至2026年6月17日,2122,民办
s_62f9416b0c301e2f4c6ae4054b9b6279,4145010609,百色学院,百色学院,广西壮族自治区,百色市,本科,广西壮族自治区,valid,pending,MOE,2026,截至2026年6月17日,2215,
s_69fe27f5aba07a05af1012d4dfaa2224,4145014068,百色职业学院,百色职业学院,广西壮族自治区,百色市,专科,广西壮族自治区,valid,pending,MOE,2026,截至2026年6月17日,2261,
s_1bc84b9f0d928db2316dfdd7d774bcbb,4145011607,北部湾大学,北部湾大学,广西壮族自治区,钦州市,本科,广西壮族自治区,valid,pending,MOE,2026,截至2026年6月17日,2220,
s_7748fc5a310723dc135c6e81c8c5af90,4145014967,北海海运职业学院,北海海运职业学院,广西壮族自治区,北海市,专科,广西壮族自治区教育厅,valid,pending,MOE,2026,截至2026年6月17日,2290,民办
s_e77fda0a3d0fb561adca839aa2280b01,4145014765,北海康养职业学院,北海康养职业学院,广西壮族自治区,北海市,专科,广西壮族自治区教育厅,valid,pending,MOE,2026,截至2026年6月17日,2283,民办
s_bc2c260639ddaa15492cbb85d3f7ef68,4145013524,北海艺术设计学院,北海艺术设计学院,广西壮族自治区,北海市,本科,广西壮族自治区教育厅,valid,pending,MOE,2026,截至2026年6月17日,2225,民办
s_5422514bd2ecd6ddb3e3301a79f7509e,4145013523,北海职业学院,北海职业学院,广西壮族自治区,北海市,专科,广西壮族自治区,valid,pending,MOE,2026,截至2026年6月17日,2253,
s_2bbdad457644e807dc1ea5422c2d59dc,4245051675,崇左幼儿师范高等专科学校,崇左幼儿师范高等专科学校,广西壮族自治区,崇左市,专科,广西壮族自治区,valid,pending,MOE,2026,截至2026年6月17日,2284,
s_c1bd55954fccb0d5b75eec953e9f852a,4145014968,防城港现代食药品职业学院,防城港现代食药品职业学院,广西壮族自治区,防城港市,专科,广西壮族自治区教育厅,valid,pending,MOE,2026,截至2026年6月17日,2291,民办
s_b116300286d598481e9da4db3d6f094a,4145014762,防城港职业技术学院,防城港职业技术学院,广西壮族自治区,防城港市,专科,广西壮族自治区,valid,pending,MOE,2026,截至2026年6月17日,2280,
s_c7d9303c49b40982ec3ce498a8fb1353,4145014611,广西安全工程职业技术学院,广西安全工程职业技术学院,广西壮族自治区,南宁市,专科,广西壮族自治区,valid,pending,MOE,2026,截至2026年6月17日,2274,
s_1296a1d19a9c48f53c9e70e8efe062fa,4145011548,广西财经学院,广西财经学院,广西壮族自治区,南宁市,本科,广西壮族自治区,valid,pending,MOE,2026,截至2026年6月17日,2218,
s_98cc30e5270e36ea61a3bf18afb6dee4,4145013920,广西城市职业大学,广西城市职业大学,广西壮族自治区,崇左市,本科,广西壮族自治区教育厅,valid,pending,MOE,2026,截至2026年6月17日,2236,民办
s_28e5cfdf383831a95c9bbcc236ec89d1,4145010593,广西大学,广西大学,广西壮族自治区,南宁市,本科,广西壮族自治区,valid,pending,MOE,2026,截至2026年6月17日,2200,
s_6d04669d3e435f5ae1c83d04e41d709b,4145013831,广西电力职业技术学院,广西电力职业技术学院,广西壮族自治区,南宁市,专科,广西壮族自治区,valid,pending,MOE,2026,截至2026年6月17日,2258,
s_756cf6ce68ec07a7c55197f06b3430a5,4145014127,广西工程职业学院,广西工程职业学院,广西壮族自治区,百色市,专科,广西壮族自治区教育厅,valid,pending,MOE,2026,截至2026年6月17日,2262,民办
s_5364b64dc606a624de4c8e6c37f6cbe8,4145013828,广西工商职业技术学院,广西工商职业技术学院,广西壮族自治区,南宁市,专科,广西壮族自治区,valid,pending,MOE,2026,截至2026年6月17日,2256,
s_9f802c6b9038a410226bef5fb4de9e78,4145013890,广西工业学院,广西工业学院,广西壮族自治区,北海市,本科,广西壮族自治区,valid,pending,MOE,2026,截至2026年6月17日,2235,
s_1273a37483ff69f997519170fcb296a1,4145012364,广西工业职业技术学院,广西工业职业技术学院,广西壮族自治区,南宁市,专科,广西壮族自治区,valid,pending,MOE,2026,截至2026年6月17日,2248,
s_ba18d1016f1f3f1d0f6a39a2b3732357,4145012379,广西国际商务职业技术学院,广西国际商务职业技术学院,广西壮族自治区,南宁市,专科,广西壮族自治区,valid,pending,MOE,2026,截至2026年6月17日,2249,
s_8cd594bb3d07b4d7913192a74b59d32d,4145010867,广西机电职业技术学院,广西机电职业技术学院,广西壮族自治区,南宁市,专科,广西壮族自治区,valid,pending,MOE,2026,截至2026年6月17日,2243,
s_bf43c9ae58dc2865e4f68ee615212237,4145013138,广西建设职业技术学院,广西建设职业技术学院,广西壮族自治区,南宁市,专科,广西壮族自治区,valid,pending,MOE,2026,截至2026年6月17日,2251,
s_94ebaea196766de818f8d1f50bbb9a33,4145012356,广西交通职业技术学院,广西交通职业技术学院,广西壮族自治区,南宁市,专科,广西壮族自治区,valid,pending,MOE,2026,截至2026年6月17日,2247,
s_1b127846816d5687f9faf4c361d962b3,4145014512,广西金融职业技术学院,广西金融职业技术学院,广西壮族自治区,南宁市,专科,广西壮族自治区,valid,pending,MOE,2026,截至2026年6月17日,2270,
s_8bb6f7c83aff5fba9799e54e44f51bc6,4145014211,广西经济职业学院,广西经济职业学院,广西壮族自治区,南宁市,专科,广西壮族自治区教育厅,valid,pending,MOE,2026,截至2026年6月17日,2265,民办
s_e736ca1d271a9748696c53d93a663d74,4145013827,广西经贸职业技术学院,广西经贸职业技术学院,广西壮族自治区,南宁市,专科,广西壮族自治区,valid,pending,MOE,2026,截至2026年6月17日,2255,
s_9e31a63384ed328aa0eb18b0fc05230e,4145013520,广西警察学院,广西警察学院,广西壮族自治区,南宁市,本科,广西壮族自治区,valid,pending,MOE,2026,截至2026年6月17日,2224,
s_c82090b4156f54ae9a3dbbdfd9be8761,4145010594,广西科技大学,广西科技大学,广西壮族自治区,柳州市,本科,广西壮族自治区,valid,pending,MOE,2026,截至2026年6月17日,2201,
s_f3637f9cc8445aec0765ed034973dc9c,4145011546,广西科技师范学院,广西科技师范学院,广西壮族自治区,来宾市,本科,广西壮族自治区,valid,pending,MOE,2026,截至2026年6月17日,2217,
s_d0bdbcf7fbb6721c4ff799e8961bc591,4145014312,广西科技职业学院,广西科技职业学院,广西壮族自治区,崇左市,专科,广西壮族自治区教育厅,valid,pending,MOE,2026,截至2026年6月17日,2267,民办
s_cc3e85dd24fb464886ef36f6440ae3b2,4145014574,广西蓝天航空职业学院,广西蓝天航空职业学院,广西壮族自治区,来宾市,专科,广西壮族自治区教育厅,valid,pending,MOE,2026,截至2026年6月17日,2273,民办
s_d57b97433b78c67033171f0f8541850e,4145014170,广西理工职业技术学院,广西理工职业技术学院,广西壮族自治区,崇左市,专科,广西壮族自治区教育厅,valid,pending,MOE,2026,截至2026年6月17日,2263,民办
s_74340d8b94a7d6240d986628c71fcb95,4145010608,广西民族大学,广西民族大学,广西壮族自治区,南宁市,本科,广西壮族自治区,valid,pending,MOE,2026,截至2026年6月17日,2214,
s_91cec4d69098eb7e793bbcb6e8ad2e13,4145013640,广西民族大学相思湖学院,广西民族大学相思湖学院,广西壮族自治区,南宁市,本科,广西壮族自治区教育厅,valid,pending,MOE,2026,截至2026年6月17日,2228,民办
s_1454aa5539c8bd7fd82afe85b25d52f9,4145010604,广西民族师范学院,广西民族师范学院,广西壮族自治区,崇左市,本科,广西壮族自治区,valid,pending,MOE,2026,截至2026年6月17日,2210,
s_9d285edcf50ad31e90ed7930b6b44fa7,4145014764,广西农业工程职业技术学院,广西农业工程职业技术学院,广西壮族自治区,崇左市,专科,广西壮族自治区,valid,pending,MOE,2026,截至2026年6月17日,2282,
s_d7f04a9c547f5de3bb5f92769fa5f811,4145016205,广西农业职业技术大学,广西农业职业技术大学,广西壮族自治区,南宁市,本科,广西壮族自治区,valid,pending,MOE,2026,截至2026年6月17日,2226,
s_17e50d77d1f023873faf317f6c8057d8,4145014481,广西培贤国际职业学院,广西培贤国际职业学院,广西壮族自治区,百色市,专科,广西壮族自治区教育厅,valid,pending,MOE,2026,截至2026年6月17日,2269,民办
s_07eaaddcfb9592c4651755caeb72e51e,4145012344,广西生态工程职业技术学院,广西生态工程职业技术学院,广西壮族自治区,柳州市,专科,广西壮族自治区,valid,pending,MOE,2026,截至2026年6月17日,2246,
s_7f6f1bbef3815ca40e0c1f2ad3d18e73,4145010602,广西师范大学,广西师范大学,广西壮族自治区,桂林市,本科,广西壮族自治区,valid,pending,MOE,2026,截至2026年6月17日,2208,
s_5f022f443c48ff6093ae190149970253,4145011608,广西水利电力职业技术学院,广西水利电力职业技术学院,广西壮族自治区,南宁市,专科,广西壮族自治区,valid,pending,MOE,2026,截至2026年6月17日,2245,
s_e98dab73ba91e9254b71995f09196ac8,4145011350,广西体育高等专科学校,广西体育高等专科学校,广西壮族自治区,南宁市,专科,广西壮族自治区,valid,pending,MOE,2026,截至2026年6月17日,2244,
s_a72575cf2b41301d68a90b111cd2a899,4145013830,广西外国语学院,广西外国语学院,广西壮族自治区,南宁市,本科,广西壮族自治区教育厅,valid,pending,MOE,2026,截至2026年6月17日,2234,民办
s_2459c030e7a400068c0709a4f67743d8,4145014313,广西卫生职业技术学院,广西卫生职业技术学院,广西壮族自治区,南宁市,专科,广西壮族自治区,valid,pending,MOE,2026,截至2026年6月17日,2268,
s_780da5a91555df576d562b8dadc43425,4145014723,广西物流职业技术学院,广西物流职业技术学院,广西壮族自治区,贵港市,专科,广西壮族自治区,valid,pending,MOE,2026,截至2026年6月17日,2279,
s_d5e596dbf0ce6a60e67ac369ed747acd,4145013522,广西现代职业技术学院,广西现代职业技术学院,广西壮族自治区,河池市,专科,广西壮族自治区,valid,pending,MOE,2026,截至2026年6月17日,2252,
s_38f823120ea59a840ded98433dfd0bd2,4145014763,广西信息职业技术学院,广西信息职业技术学院,广西壮族自治区,南宁市,专科,广西壮族自治区,valid,pending,MOE,2026,截至2026年6月17日,2281,
s_f07ed734e50e9c7ec76dd3aaabf7d7c1,4145013829,广西演艺职业学院,广西演艺职业学院,广西壮族自治区,南宁市,专科,广西壮族自治区教育厅,valid,pending,MOE,2026,截至2026年6月17日,2257,民办
s_3dcafe96a9e27bc9f2ecbe0fc3752abe,4145010598,广西医科大学,广西医科大学,广西壮族自治区,南宁市,本科,广西壮族自治区,valid,pending,MOE,2026,截至2026年6月17日,2204,
s_203fddfece447a3cd93ec585efa05be3,4145010607,广西艺术学院,广西艺术学院,广西壮族自治区,南宁市,本科,广西壮族自治区,valid,pending,MOE,2026,截至2026年6月17日,2213,
s_c1ccf212402183b1a5a2aa9585840236,4145014026,广西英华国际职业学院,广西英华国际职业学院,广西壮族自治区,钦州市,专科,广西壮族自治区教育厅,valid,pending,MOE,2026,截至2026年6月17日,2259,民办
s_1c9ec5f76c22b5ebfc138d13a4510319,4145014220,广西幼儿师范高等专科学校,广西幼儿师范高等专科学校,广西壮族自治区,南宁市,专科,广西壮族自治区,valid,pending,MOE,2026,截至2026年6月17日,2266,
s_49c855d071e5f2e95581bc2aafb1dcca,4145011773,广西职业技术大学,广西职业技术大学,广西壮族自治区,南宁市,本科,广西壮族自治区,valid,pending,MOE,2026,截至2026年6月17日,2241,
s_87d5fceb9be5b2303c60098ae9b0ccaa,4145014684,广西职业师范学院,广西职业师范学院,广西壮族自治区,南宁市,本科,广西壮族自治区,valid,pending,MOE,2026,截至2026年6月17日,2237,
s_d3dcf8cd44959ffb8ae766fba15cc807,4145014722,广西制造工程职业技术学院,广西制造工程职业技术学院,广西壮族自治区,南宁市,专科,广西壮族自治区,valid,pending,MOE,2026,截至2026年6月17日,2278,
s_6b984a08dab112d69e6eb3861c0c164b,4145014821,广西质量工程职业技术学院,广西质量工程职业技术学院,广西壮族自治区,南宁市,专科,广西壮族自治区,valid,pending,MOE,2026,截至2026年6月17日,2285,
s_09a4924d4468ec2500cbb3a9973181eb,4145014869,广西智能制造职业技术学院,广西智能制造职业技术学院,广西壮族自治区,柳州市,专科,广西壮族自治区,valid,pending,MOE,2026,截至2026年6月17日,2288,
s_20ccfbb8a4cd8e04f75d35012965c5e8,4145010600,广西中医药大学,广西中医药大学,广西壮族自治区,南宁市,本科,广西壮族自治区,valid,pending,MOE,2026,截至2026年6月17日,2206,
s_f360191a60c10446a65300adc5ab38dd,4145013643,广西中医药大学赛恩斯新医药学院,广西中医药大学赛恩斯新医药学院,广西壮族自治区,南宁市,本科,广西壮族自治区教育厅,valid,pending,MOE,2026,截至2026年6月17日,2231,民办
s_a44e922e83e94afd6425aea0b8210b0b,4145014546,广西中远职业学院,广西中远职业学院,广西壮族自治区,崇左市,专科,广西壮族自治区教育厅,valid,pending,MOE,2026,截至2026年6月17日,2271,民办
s_1eb77cf4e80af743ac59ec5f67050ecc,4145014668,广西自然资源职业技术学院,广西自然资源职业技术学院,广西壮族自治区,崇左市,专科,广西壮族自治区,valid,pending,MOE,2026,截至2026年6月17日,2275,
s_38ca7b8efd8dc856b0d26c71c6556c29,4145014969,贵港应用技术职业学院,贵港应用技术职业学院,广西壮族自治区,贵港市,专科,广西壮族自治区教育厅,valid,pending,MOE,2026,截至2026年6月17日,2292,民办
s_a63626e501afa5efbc3b57aaf1c6e1b9,4145010595,桂林电子科技大学,桂林电子科技大学,广西壮族自治区,桂林市,本科,广西壮族自治区,valid,pending,MOE,2026,截至2026年6月17日,2202,
s_a2f072c3f02bfe41a27758019c40a979,4145011825,桂林航天工业学院,桂林航天工业学院,广西壮族自治区,桂林市,本科,广西壮族自治区,valid,pending,MOE,2026,截至2026年6月17日,2221,
s_e25762bb58b981cba62b2c81fcf3a379,4145010596,桂林理工大学,桂林理工大学,广西壮族自治区,桂林市,本科,广西壮族自治区,valid,pending,MOE,2026,截至2026年6月17日,2203,
s_b9a6501c5d8500165bfbf03d048c5042,4145011837,桂林旅游学院,桂林旅游学院,广西壮族自治区,桂林市,本科,广西壮族自治区,valid,pending,MOE,2026,截至2026年6月17日,2222,
s_2a5c2fafb610723474c3eedcbf1c57f4,4145013526,桂林山水职业学院,桂林山水职业学院,广西壮族自治区,桂林市,专科,广西壮族自治区教育厅,valid,pending,MOE,2026,截至2026年6月17日,2254,民办
s_1c993378ebe64ba9e7f538a621b38666,4145010035,桂林生命与健康职业技术学院,桂林生命与健康职业技术学院,广西壮族自治区,桂林市,专科,广西壮族自治区教育厅,valid,pending,MOE,2026,截至2026年6月17日,2242,民办
s_56891f6602334d88d4e8366d13519db3,4145011671,桂林师范学院,桂林师范学院,广西壮族自治区,桂林市,本科,广西壮族自治区,valid,pending,MOE,2026,截至2026年6月17日,2240,
s_b59ea80bb9937833a4e7a0d0f3e2be05,4145014822,桂林信息工程职业学院,桂林信息工程职业学院,广西壮族自治区,桂林市,专科,广西壮族自治区教育厅,valid,pending,MOE,2026,截至2026年6月17日,2286,民办
s_8d8c179c3333057d33e14de42b018ae3,4145013644,桂林信息科技学院,桂林信息科技学院,广西壮族自治区,桂林市,本科,广西壮族自治区教育厅,valid,pending,MOE,2026,截至2026年6月17日,2232,民办
s_544f35191d528c93514ad3113df2ef34,4145013641,桂林学院,桂林学院,广西壮族自治区,桂林市,本科,广西壮族自治区教育厅,valid,pending,MOE,2026,截至2026年6月17日,2229,民办
s_85b77f5f6fd735bba8aac1c6a6fb36a4,4145010601,桂林医科大学,桂林医科大学,广西壮族自治区,桂林市,本科,广西壮族自治区,valid,pending,MOE,2026,截至2026年6月17日,2207,
s_0781c1c4340e07468b33b380ea1f4049,4145010605,河池学院,河池学院,广西壮族自治区,河池市,本科,广西壮族自治区,valid,pending,MOE,2026,截至2026年6月17日,2211,
s_50e27a15c78c8011b97dac05d963e1cb,4145011838,贺州学院,贺州学院,广西壮族自治区,贺州市,本科,广西壮族自治区,valid,pending,MOE,2026,截至2026年6月17日,2223,
s_7d96474dd2507c364d4926ab64615faa,4145014966,贺州职业技术学院,贺州职业技术学院,广西壮族自治区,贺州市,专科,广西壮族自治区,valid,pending,MOE,2026,截至2026年6月17日,2289,
s_370341007808c6f608eb2f90f849db81,4145014067,柳州城市职业学院,柳州城市职业学院,广西壮族自治区,柳州市,专科,广西壮族自治区,valid,pending,MOE,2026,截至2026年6月17日,2260,
s_81069bc67c71c1558c7b483b996eb3ef,4145013639,柳州工学院,柳州工学院,广西壮族自治区,柳州市,本科,广西壮族自治区教育厅,valid,pending,MOE,2026,截至2026年6月17日,2227,民办
s_a201254af6e188e82bd2c564b0b874e2,4145012392,柳州铁道职业技术学院,柳州铁道职业技术学院,广西壮族自治区,柳州市,专科,广西壮族自治区,valid,pending,MOE,2026,截至2026年6月17日,2250,
s_4c5a9205b879214c0d1672b23772b1ae,4145012104,柳州职业技术大学,柳州职业技术大学,广西壮族自治区,柳州市,本科,广西壮族自治区,valid,pending,MOE,2026,截至2026年6月17日,2239,
s_a1414728f1a4d4c7b8b9d2ee3b122397,4145013645,南宁理工学院,南宁理工学院,广西壮族自治区,桂林市,本科,广西壮族自治区教育厅,valid,pending,MOE,2026,截至2026年6月17日,2233,民办
s_5ae61d8428a06595885c7f15676dc3c9,4145010603,南宁师范大学,南宁师范大学,广西壮族自治区,南宁市,本科,广西壮族自治区,valid,pending,MOE,2026,截至2026年6月17日,2209,
s_1300148e15cd6644711d639f1470da58,4145013642,南宁师范大学师园学院,南宁师范大学师园学院,广西壮族自治区,南宁市,本科,广西壮族自治区教育厅,valid,pending,MOE,2026,截至2026年6月17日,2230,民办
s_97428d0a59c10a488e43e25e6f43ac4b,4145011549,南宁学院,南宁学院,广西壮族自治区,南宁市,本科,广西壮族自治区教育厅,valid,pending,MOE,2026,截至2026年6月17日,2219,民办
s_cc6dd342e36570dca664acd7456cca08,4145011355,南宁职业技术大学,南宁职业技术大学,广西壮族自治区,南宁市,本科,广西壮族自治区,valid,pending,MOE,2026,截至2026年6月17日,2238,
s_d4b99582c17c1eba00388643432014d4,4145014693,钦州幼儿师范高等专科学校,钦州幼儿师范高等专科学校,广西壮族自治区,钦州市,专科,广西壮族自治区,valid,pending,MOE,2026,截至2026年6月17日,2276,
s_3643df24a004e3f19d917c3c5e247b30,4145011354,梧州学院,梧州学院,广西壮族自治区,梧州市,本科,广西壮族自治区,valid,pending,MOE,2026,截至2026年6月17日,2216,
s_0394e9910f10be0a9b407872c8fc5c74,4145014694,梧州医学高等专科学校,梧州医学高等专科学校,广西壮族自治区,梧州市,专科,广西壮族自治区教育厅,valid,pending,MOE,2026,截至2026年6月17日,2277,民办
s_45b4615eb3705ae0a41459e6f62b9f3d,4145014171,梧州职业学院,梧州职业学院,广西壮族自治区,梧州市,专科,广西壮族自治区,valid,pending,MOE,2026,截至2026年6月17日,2264,
s_b345b815c3d364f76a7f04436000664b,4145010599,右江民族医学院,右江民族医学院,广西壮族自治区,百色市,本科,广西壮族自治区,valid,pending,MOE,2026,截至2026年6月17日,2205,
s_f7f01b85e500b14d78c709b51df2a03b,4145014573,玉柴职业技术学院,玉柴职业技术学院,广西壮族自治区,玉林市,专科,广西壮族自治区教育厅,valid,pending,MOE,2026,截至2026年6月17日,2272,民办
s_72af41bbc463ff817b0f954bdab67ea3,4145010606,玉林师范学院,玉林师范学院,广西壮族自治区,玉林市,本科,广西壮族自治区,valid,pending,MOE,2026,截至2026年6月17日,2212,
s_46482ace777aad72a72b326e32b247a3,4145014868,玉林职业技术学院,玉林职业技术学院,广西壮族自治区,玉林市,专科,广西壮族自治区,valid,pending,MOE,2026,截至2026年6月17日,2287,
s_520705137f8ffb2daa7c1041e32d89e6,4152010667,安顺学院,安顺学院,贵州省,安顺市,本科,贵州省,valid,pending,MOE,2026,截至2026年6月17日,2557,
s_ae78a5766ba5435ca6e452f34a0901e4,4152012821,安顺职业技术学院,安顺职业技术学院,贵州省,安顺市,专科,贵州省,valid,pending,MOE,2026,截至2026年6月17日,2586,
s_11c6149b27281842028acdca0779ee7c,4152014648,毕节工业职业技术学院,毕节工业职业技术学院,贵州省,毕节市,专科,贵州省,valid,pending,MOE,2026,截至2026年6月17日,2618,
s_2a434afcdac990634a8abcc935548284,4152014499,毕节医学高等专科学校,毕节医学高等专科学校,贵州省,毕节市,专科,贵州省,valid,pending,MOE,2026,截至2026年6月17日,2602,
s_4b7f0934d693165842eb56eedb18ab4f,4152014538,毕节幼儿师范高等专科学校,毕节幼儿师范高等专科学校,贵州省,毕节市,专科,贵州省,valid,pending,MOE,2026,截至2026年6月17日,2604,
s_23051c61185b274fbd3bc4ed643a1226,4152014198,毕节职业技术学院,毕节职业技术学院,贵州省,毕节市,专科,贵州省,valid,pending,MOE,2026,截至2026年6月17日,2596,
s_665ffeec84f0ac5333edd99da5b5152c,4152016206,贵阳康养职业大学,贵阳康养职业大学,贵州省,贵阳市,本科,贵州省,valid,pending,MOE,2026,截至2026年6月17日,2572,
s_a1e8899b4621ed1d10237cd881e88100,4152013651,贵阳人文科技学院,贵阳人文科技学院,贵州省,贵阳市,本科,贵州省教育厅,valid,pending,MOE,2026,截至2026年6月17日,2571,民办
s_a86e9f91e02c7448b40079428ac086c2,4152013650,贵阳信息科技学院,贵阳信息科技学院,贵州省,贵阳市,本科,贵州省教育厅,valid,pending,MOE,2026,截至2026年6月17日,2570,民办
s_8003fe92984bfda9848e051e56fb4d86,4152010976,贵阳学院,贵阳学院,贵州省,贵阳市,本科,贵州省,valid,pending,MOE,2026,截至2026年6月17日,2563,
s_0fe7afaeda3a1b83b24ef82a42f841a5,4152014469,贵阳幼儿师范高等专科学校,贵阳幼儿师范高等专科学校,贵州省,贵阳市,专科,贵州省,valid,pending,MOE,2026,截至2026年6月17日,2599,
s_b9cad5c690fd53a1425f8ed08d914e6d,4152014129,贵阳职业技术学院,贵阳职业技术学院,贵州省,贵阳市,专科,贵州省,valid,pending,MOE,2026,截至2026年6月17日,2595,
s_0a484b424a13eea663d56f2204737441,4152010671,贵州财经大学,贵州财经大学,贵州省,贵阳市,本科,贵州省,valid,pending,MOE,2026,截至2026年6月17日,2561,
s_a1443f4d1964637ea8132340cad23ace,4152014734,贵州财经职业学院,贵州财经职业学院,贵州省,贵阳市,专科,贵州省,valid,pending,MOE,2026,截至2026年6月17日,2620,
s_4f7c13b5b6665fdfe857c2916abd30ca,4152012850,贵州城市职业学院,贵州城市职业学院,贵州省,贵阳市,专科,贵州省教育厅,valid,pending,MOE,2026,截至2026年6月17日,2590,民办
s_8b59fe459b56407134b35ac7b4b83ab3,4152014848,贵州传媒职业学院,贵州传媒职业学院,贵州省,贵阳市,专科,贵州省,valid,pending,MOE,2026,截至2026年6月17日,2626,
s_7e43da18af6600572b5eea372be25d10,4152010657,贵州大学,贵州大学,贵州省,贵阳市,本科,贵州省,valid,pending,MOE,2026,截至2026年6月17日,2549,
s_89301f82fbfe6509b1a298a19e93856c,4152013053,贵州电力职业技术学院,贵州电力职业技术学院,贵州省,贵阳市,专科,贵州省,valid,pending,MOE,2026,截至2026年6月17日,2591,
s_813b25ee4e909bb4c413756b221b64d9,4152014580,贵州电子科技职业学院,贵州电子科技职业学院,贵州省,贵阳市,专科,贵州省,valid,pending,MOE,2026,截至2026年6月17日,2611,
s_523e6c895ed21b830b95037f6c9945f7,4152014578,贵州电子商务职业技术学院,贵州电子商务职业技术学院,贵州省,贵阳市,专科,贵州省,valid,pending,MOE,2026,截至2026年6月17日,2609,
s_b2050ae8546028c4138d577ab20d800b,4152012336,贵州电子信息职业技术学院,贵州电子信息职业技术学院,贵州省,黔东南苗族侗族自治州,专科,贵州省,valid,pending,MOE,2026,截至2026年6月17日,2585,
s_29e2f4742dbb9982c22ec9925c115036,4152010668,贵州工程应用技术学院,贵州工程应用技术学院,贵州省,毕节市,本科,贵州省,valid,pending,MOE,2026,截至2026年6月17日,2558,
s_1fd7c6a22efbd25378d4bdd7e0a4d895,4152014558,贵州工程职业学院,贵州工程职业学院,贵州省,铜仁市,专科,贵州省教育厅,valid,pending,MOE,2026,截至2026年6月17日,2606,民办
s_cbbcc9d237b74ed448239a1427acb34e,4152014559,贵州工贸职业学院,贵州工贸职业学院,贵州省,毕节市,专科,贵州省教育厅,valid,pending,MOE,2026,截至2026年6月17日,2607,民办
s_15e29dbb67771145cfcc7aeafa447bf8,4152014412,贵州工商职业大学,贵州工商职业大学,贵州省,贵阳市,本科,贵州省教育厅,valid,pending,MOE,2026,截至2026年6月17日,2581,民办
s_7837924e006ddaef135d7fb17fa0d710,4152013052,贵州工业职业技术大学,贵州工业职业技术大学,贵州省,贵阳市,本科,贵州省,valid,pending,MOE,2026,截至2026年6月17日,2582,
s_e75c27c89d704292dfb49c1490402803,4252050963,贵州航空职业技术学院,贵州航空职业技术学院,贵州省,贵阳市,专科,贵州省,valid,pending,MOE,2026,截至2026年6月17日,2623,
s_6b3141d2a5cd0486c67c44f02af8bde2,4152012223,贵州航天职业技术学院,贵州航天职业技术学院,贵州省,遵义市,专科,贵州省,valid,pending,MOE,2026,截至2026年6月17日,2584,
s_00cda4cb3a1c98e15d2879198461aae3,4152014617,贵州护理职业技术学院,贵州护理职业技术学院,贵州省,黔南布依族苗族自治州,专科,贵州省,valid,pending,MOE,2026,截至2026年6月17日,2616,
s_b3affe262eaddad744949f47e676cd1c,4152014733,贵州机电职业技术学院,贵州机电职业技术学院,贵州省,黔南布依族苗族自治州,专科,贵州省,valid,pending,MOE,2026,截至2026年6月17日,2619,
s_c58024b71ea03811f28b365e9012fdae,4152014516,贵州建设职业技术学院,贵州建设职业技术学院,贵州省,贵阳市,专科,贵州省,valid,pending,MOE,2026,截至2026年6月17日,2603,
s_f25333b2746c64712534ddee3197bdf2,4152014614,贵州健康职业学院,贵州健康职业学院,贵州省,铜仁市,专科,贵州省,valid,pending,MOE,2026,截至2026年6月17日,2613,
s_c699950fdbffee24a83ba91ca08410f5,4152012222,贵州交通职业大学,贵州交通职业大学,贵州省,贵阳市,本科,贵州省,valid,pending,MOE,2026,截至2026年6月17日,2578,
s_92948ee6314ada6fc199ed4c5df1bf2f,4152014616,贵州经贸职业技术学院,贵州经贸职业技术学院,贵州省,黔南布依族苗族自治州,专科,贵州省,valid,pending,MOE,2026,截至2026年6月17日,2615,
s_52bad0d999b71596cb10a16d1c4d910c,4152012107,贵州警察学院,贵州警察学院,贵州省,贵阳市,本科,贵州省,valid,pending,MOE,2026,截至2026年6月17日,2566,
s_01cd3d9d9133f4485e72b185a556c0dd,4152014440,贵州理工学院,贵州理工学院,贵州省,贵阳市,本科,贵州省,valid,pending,MOE,2026,截至2026年6月17日,2576,
s_3768faea92200b632d104124b3600ca2,4152014735,贵州民用航空职业学院,贵州民用航空职业学院,贵州省,安顺市,专科,贵州省教育厅,valid,pending,MOE,2026,截至2026年6月17日,2621,民办
s_ceba65aa73847f8a1a2e43ed1ee3b7a2,4152010672,贵州民族大学,贵州民族大学,贵州省,贵阳市,本科,贵州省,valid,pending,MOE,2026,截至2026年6月17日,2562,
s_2d06139ede97d85ee2d6c6dde848776c,4152014549,贵州农业职业学院,贵州农业职业学院,贵州省,贵阳市,专科,贵州省,valid,pending,MOE,2026,截至2026年6月17日,2605,
s_06d6fa5541bad88c63afe6f0e7414f34,4152013648,贵州黔南经济学院,贵州黔南经济学院,贵州省,黔南布依族苗族自治州,本科,贵州省教育厅,valid,pending,MOE,2026,截至2026年6月17日,2568,民办
s_5d9b84d4676cf079d360d1b632c76743,4152013649,贵州黔南科技学院,贵州黔南科技学院,贵州省,黔南布依族苗族自治州,本科,贵州省教育厅,valid,pending,MOE,2026,截至2026年6月17日,2569,民办
s_7a0ab484a92ee34f0944c5df55e4d443,4152013818,贵州轻工职业大学,贵州轻工职业大学,贵州省,贵阳市,本科,贵州省,valid,pending,MOE,2026,截至2026年6月17日,2580,
s_b53a2f15b9c5c0e8c8f85df48ed39d53,4152011731,贵州商学院,贵州商学院,贵州省,贵阳市,本科,贵州省,valid,pending,MOE,2026,截至2026年6月17日,2565,
s_c18c9ed52347d4897ebf9119559cbcbe,4152014849,贵州生态能源职业学院,贵州生态能源职业学院,贵州省,贵阳市,专科,贵州省,valid,pending,MOE,2026,截至2026年6月17日,2627,
s_2ff080fbcaa3c4f95185d676d835beca,4152014371,贵州盛华职业学院,贵州盛华职业学院,贵州省,黔南布依族苗族自治州,专科,贵州省教育厅,valid,pending,MOE,2026,截至2026年6月17日,2598,民办
s_14f862c7484d8f4f880f3478f78b4980,4152010663,贵州师范大学,贵州师范大学,贵州省,贵阳市,本科,贵州省,valid,pending,MOE,2026,截至2026年6月17日,2553,
s_39c110771e52c7179e4f00bc7d7cdead,4152014223,贵州师范学院,贵州师范学院,贵州省,贵阳市,本科,贵州省,valid,pending,MOE,2026,截至2026年6月17日,2575,
s_6c6187168090c7fdfd95b8ba9e2cfc94,4152014615,贵州食品工程职业学院,贵州食品工程职业学院,贵州省,贵阳市,专科,贵州省,valid,pending,MOE,2026,截至2026年6月17日,2614,
s_c867eb36d7aca2d12a5eb07a05eae330,4152014577,贵州水利水电职业技术学院,贵州水利水电职业技术学院,贵州省,贵阳市,专科,贵州省,valid,pending,MOE,2026,截至2026年6月17日,2608,
s_3a96f439e66fa32b6c7d744e5bd2f0b5,4152014799,贵州体育职业学院,贵州体育职业学院,贵州省,贵阳市,专科,贵州省,valid,pending,MOE,2026,截至2026年6月17日,2624,
s_00d5d15f10497b415823e639feb842f3,4152014800,贵州铜仁数据职业学院,贵州铜仁数据职业学院,贵州省,铜仁市,专科,贵州省教育厅,valid,pending,MOE,2026,截至2026年6月17日,2625,民办
s_016fa4fb231377c4773d4aa4291647dc,4152014769,贵州文化旅游职业学院,贵州文化旅游职业学院,贵州省,贵阳市,专科,贵州省,valid,pending,MOE,2026,截至2026年6月17日,2622,
s_33ffab7aa2214c33de41f8474d4b522d,4152010660,贵州医科大学,贵州医科大学,贵州省,贵阳市,本科,贵州省,valid,pending,MOE,2026,截至2026年6月17日,2550,
s_8464f3ec6c5a4faf1f24405258f82180,4152013676,贵州医科大学神奇民族医药学院,贵州医科大学神奇民族医药学院,贵州省,贵阳市,本科,贵州省教育厅,valid,pending,MOE,2026,截至2026年6月17日,2574,民办
s_5811d27704237847c4d7441d78af58a4,4152014579,贵州应用技术职业学院,贵州应用技术职业学院,贵州省,黔南布依族苗族自治州,专科,贵州省教育厅,valid,pending,MOE,2026,截至2026年6月17日,2610,民办
s_f0f8c33592b0e409199e5b3c94ad5bed,4152014252,贵州职业技术学院,贵州职业技术学院,贵州省,贵阳市,专科,贵州省,valid,pending,MOE,2026,截至2026年6月17日,2597,
s_032ea67dcd02080ef758fa07d72ef098,4152010662,贵州中医药大学,贵州中医药大学,贵州省,贵阳市,本科,贵州省,valid,pending,MOE,2026,截至2026年6月17日,2552,
s_fa2d490b058d8c1744627deb3285cabe,4152013647,贵州中医药大学时珍学院,贵州中医药大学时珍学院,贵州省,贵阳市,本科,贵州省教育厅,valid,pending,MOE,2026,截至2026年6月17日,2567,民办
s_55bdba8f33b44f5e79db72ab08e919cb,4152014613,贵州装备制造职业学院,贵州装备制造职业学院,贵州省,贵阳市,专科,贵州省,valid,pending,MOE,2026,截至2026年6月17日,2612,
s_40a8ddb1f87cb54fdff06f5e2766df95,4152010669,凯里学院,凯里学院,贵州省,黔东南苗族侗族自治州,本科,贵州省,valid,pending,MOE,2026,截至2026年6月17日,2559,
s_ce6bb02b25b618d13cd42973a406aa47,4152010977,六盘水师范学院,六盘水师范学院,贵州省,六盘水市,本科,贵州省,valid,pending,MOE,2026,截至2026年6月17日,2564,
s_db7a319b15216b44a96b02e0d680c434,4152014630,六盘水幼儿师范高等专科学校,六盘水幼儿师范高等专科学校,贵州省,六盘水市,专科,贵州省,valid,pending,MOE,2026,截至2026年6月17日,2617,
s_faf57f687b205202e89ee43fac770c1b,4152013054,六盘水职业技术学院,六盘水职业技术学院,贵州省,六盘水市,专科,贵州省,valid,pending,MOE,2026,截至2026年6月17日,2592,
s_48584d61ebe34d3edfa70291e1914ba9,4152014625,茅台学院,茅台学院,贵州省,遵义市,本科,贵州省教育厅,valid,pending,MOE,2026,截至2026年6月17日,2577,民办
s_ea496eb1bff94fb1a418029cad0dc122,4152014850,黔东南理工职业学院,黔东南理工职业学院,贵州省,黔东南苗族侗族自治州,专科,贵州省,valid,pending,MOE,2026,截至2026年6月17日,2628,
s_fd78ecd7984e6474a8637ee126fe7bc2,4152012822,黔东南民族职业技术学院,黔东南民族职业技术学院,贵州省,黔东南苗族侗族自治州,专科,贵州省,valid,pending,MOE,2026,截至2026年6月17日,2587,
s_4d47921f9d263f7f7442d978f1fdbfc7,4152010670,黔南民族师范学院,黔南民族师范学院,贵州省,黔南布依族苗族自治州,本科,贵州省,valid,pending,MOE,2026,截至2026年6月17日,2560,
s_d00fae7d6fb2825657527b9b34029cbc,4152011663,黔南民族医学高等专科学校,黔南民族医学高等专科学校,贵州省,黔南布依族苗族自治州,专科,贵州省,valid,pending,MOE,2026,截至2026年6月17日,2583,
s_7ed7cb91b55c9bb0130f38867cc3d9a0,4152014497,黔南民族幼儿师范高等专科学校,黔南民族幼儿师范高等专科学校,贵州省,黔南布依族苗族自治州,专科,贵州省,valid,pending,MOE,2026,截至2026年6月17日,2601,
s_c75471a919fd5235623b143d368922af,4152012823,黔南民族职业技术学院,黔南民族职业技术学院,贵州省,黔南布依族苗族自治州,专科,贵州省,valid,pending,MOE,2026,截至2026年6月17日,2588,
s_05da5dae4f47fcc222043e96a7ad583d,4152013817,黔西南民族职业技术学院,黔西南民族职业技术学院,贵州省,黔西南布依族苗族自治州,专科,贵州省,valid,pending,MOE,2026,截至2026年6月17日,2593,
s_d200f336f56e1430f517f17ee87010bf,4152010665,铜仁学院,铜仁学院,贵州省,铜仁市,本科,贵州省,valid,pending,MOE,2026,截至2026年6月17日,2555,
s_33e68f4b5be77c851d3f09f8fc05502d,4152014470,铜仁幼儿师范高等专科学校,铜仁幼儿师范高等专科学校,贵州省,铜仁市,专科,贵州省,valid,pending,MOE,2026,截至2026年6月17日,2600,
s_f831e29bf4b83cf29e5d0d076858455f,4152013055,铜仁职业技术大学,铜仁职业技术大学,贵州省,铜仁市,本科,贵州省,valid,pending,MOE,2026,截至2026年6月17日,2579,
s_27683339478d11ecacc925df02429353,4152010666,兴义民族师范学院,兴义民族师范学院,贵州省,黔西南布依族苗族自治州,本科,贵州省,valid,pending,MOE,2026,截至2026年6月17日,2556,
s_ee921a8924fe49b517e5b758949720a8,4152010664,遵义师范学院,遵义师范学院,贵州省,遵义市,本科,贵州省,valid,pending,MOE,2026,截至2026年6月17日,2554,
s_eb7d0927c461030e8c4628f89e5468fd,4152010661,遵义医科大学,遵义医科大学,贵州省,遵义市,本科,贵州省,valid,pending,MOE,2026,截至2026年6月17日,2551,
s_6d7d6e15349c8b825263f943d9a34d5e,4152013653,遵义医科大学医学与科技学院,遵义医科大学医学与科技学院,贵州省,遵义市,本科,贵州省教育厅,valid,pending,MOE,2026,截至2026年6月17日,2573,民办
s_4dd2061c5e4cd1a18df464d0f8dcdd0e,4152014011,遵义医药高等专科学校,遵义医药高等专科学校,贵州省,遵义市,专科,贵州省,valid,pending,MOE,2026,截至2026年6月17日,2594,
s_f95f05c2c04d65fa4c51f7732a518f2f,4152012824,遵义职业技术学院,遵义职业技术学院,贵州省,遵义市,专科,贵州省,valid,pending,MOE,2026,截至2026年6月17日,2589,
s_663ea2b49243f7effed180694644be49,4146012308,海口经济学院,海口经济学院,海南省,海口市,本科,海南省教育厅,valid,pending,MOE,2026,截至2026年6月17日,2298,民办
s_b863153dd5f0b0a8f1613ee56d7a90b1,4146014890,海口旅游职业学院,海口旅游职业学院,海南省,海口市,专科,海南省,valid,pending,MOE,2026,截至2026年6月17日,2319,
s_f885ea837d212eaf9249c24282f26b31,4146014829,海南比勒费尔德应用科学大学,海南比勒费尔德应用科学大学,海南省,儋州市,本科,海南省教育厅,valid,pending,MOE,2026,截至2026年6月17日,2302,境外高等教育机构在海南自由贸易港设立的实施理工农医类学科专业教育的学校
s_029807c2f011e3258151f8bd4daa6f63,4146010589,海南大学,海南大学,海南省,海口市,本科,海南省,valid,pending,MOE,2026,截至2026年6月17日,2294,
s_6552424a72fae5d4e7872f42cd79ec33,4146014846,海南东方新丝路职业学院,海南东方新丝路职业学院,海南省,东方市,专科,海南省教育厅,valid,pending,MOE,2026,截至2026年6月17日,2318,民办
s_bc730c25d5e2c047359d745ce33e9c25,4146013876,海南工商职业学院,海南工商职业学院,海南省,海口市,专科,海南省教育厅,valid,pending,MOE,2026,截至2026年6月17日,2311,民办
s_efc365243ebb2cc7061602c0b6294170,4146014639,海南健康管理职业技术学院,海南健康管理职业技术学院,海南省,澄迈县,专科,海南省教育厅,valid,pending,MOE,2026,截至2026年6月17日,2316,民办
s_9477abdd5611ff323f9eeb4c835482d8,4146013875,海南经贸职业大学,海南经贸职业大学,海南省,海口市,本科,海南省,valid,pending,MOE,2026,截至2026年6月17日,2305,
s_92fe48174a972bfdc5442dbc7b4b2096,4146014944,海南警察学院,海南警察学院,海南省,海口市,本科,海南省,valid,pending,MOE,2026,截至2026年6月17日,2303,
s_296e9f70a2aea5a11457c5cf8c39f120,4146014172,海南科技职业大学,海南科技职业大学,海南省,海口市,本科,海南省教育厅,valid,pending,MOE,2026,截至2026年6月17日,2301,民办
s_ccc781282552fdb27dab9a1658c81369,4146014948,海南洛桑旅游大学,海南洛桑旅游大学,海南省,三亚市,本科,海南省教育厅,valid,pending,MOE,2026,截至2026年6月17日,2304,境外高等教育机构在海南自由贸易港设立的实施理工农医类学科专业教育的学校
s_8bb17f0de5f40aa3d6b8e77b4ece2253,4146011100,海南热带海洋学院,海南热带海洋学院,海南省,三亚市,本科,海南省,valid,pending,MOE,2026,截至2026年6月17日,2295,
s_8949fea25c2a6bab1289e1ab4c94496d,4146013575,海南软件职业技术学院,海南软件职业技术学院,海南省,琼海市,专科,海南省,valid,pending,MOE,2026,截至2026年6月17日,2308,
s_a59b8f6274b8f98887e30ea6fcea610e,4146011658,海南师范大学,海南师范大学,海南省,海口市,本科,海南省,valid,pending,MOE,2026,截至2026年6月17日,2296,
s_dfae869a835db3952491987d8e525dbc,4146014575,海南体育职业技术学院,海南体育职业技术学院,海南省,海口市,专科,海南省,valid,pending,MOE,2026,截至2026年6月17日,2314,
s_aa0690c537069e590785230e99860bc4,4146013577,海南外国语职业学院,海南外国语职业学院,海南省,文昌市,专科,海南省,valid,pending,MOE,2026,截至2026年6月17日,2310,
s_d5d4aa7a4e1811fb19569d42ef7740d1,4146014970,海南万宁食品药品职业学院,海南万宁食品药品职业学院,海南省,万宁市,专科,海南省教育厅,valid,pending,MOE,2026,截至2026年6月17日,2322,民办
s_3029626c63106368d08392afb366db9f,4146014724,海南卫生健康职业学院,海南卫生健康职业学院,海南省,海口市,专科,海南省,valid,pending,MOE,2026,截至2026年6月17日,2317,
s_14aaa8ebeb68cb4d28d691b8126c22db,4146011810,海南医科大学,海南医科大学,海南省,海口市,本科,海南省,valid,pending,MOE,2026,截至2026年6月17日,2297,
s_22289da38be8a9850c65cbdd03278691,4146014891,海南艺术职业学院,海南艺术职业学院,海南省,海口市,专科,海南省,valid,pending,MOE,2026,截至2026年6月17日,2320,
s_fe9c62d6876905936e47cd00c593a6cf,4146013576,海南政法职业学院,海南政法职业学院,海南省,海口市,专科,海南省,valid,pending,MOE,2026,截至2026年6月17日,2309,
s_dd0f1e362b64fd97e949b4b164679667,4146011999,海南职业技术学院,海南职业技术学院,海南省,海口市,专科,海南省,valid,pending,MOE,2026,截至2026年6月17日,2306,
s_67a6c29b0961be794750d91e6657e475,4146013811,琼台师范学院,琼台师范学院,海南省,海口市,本科,海南省,valid,pending,MOE,2026,截至2026年6月17日,2299,
s_1cdf896090801a182ba6bfbd1477314b,4146012717,三亚城市职业学院,三亚城市职业学院,海南省,三亚市,专科,海南省教育厅,valid,pending,MOE,2026,截至2026年6月17日,2307,民办
s_196ab91b7399d482e4f0494a9968c097,4146013931,三亚航空旅游职业学院,三亚航空旅游职业学院,海南省,三亚市,专科,海南省教育厅,valid,pending,MOE,2026,截至2026年6月17日,2312,民办
s_4483766104cbc2568edfa472638d13cd,4146014893,三亚护理职业学院,三亚护理职业学院,海南省,三亚市,专科,海南省教育厅,valid,pending,MOE,2026,截至2026年6月17日,2321,民办
s_478de627cd05d7bae8320b8fdaba7496,4146014236,三亚理工职业学院,三亚理工职业学院,海南省,三亚市,专科,海南省教育厅,valid,pending,MOE,2026,截至2026年6月17日,2313,民办
s_e46f246c8460afe043708f09a65a75bb,4146013892,三亚学院,三亚学院,海南省,三亚市,本科,海南省教育厅,valid,pending,MOE,2026,截至2026年6月17日,2300,民办
s_1161ca3d99056c148254cd07784fa51b,4146014612,三亚中瑞酒店管理职业学院,三亚中瑞酒店管理职业学院,海南省,三亚市,专科,海南省教育厅,valid,pending,MOE,2026,截至2026年6月17日,2315,民办
s_864ba7bb1d92eed7cbaa81ba122761df,4113013392,保定电力职业技术学院,保定电力职业技术学院,河北省,保定市,专科,河北省,valid,pending,MOE,2026,截至2026年6月17日,240,
s_3efba91fb24f31030140534648dc0364,4113013891,保定理工学院,保定理工学院,河北省,保定市,本科,河北省教育厅,valid,pending,MOE,2026,截至2026年6月17日,207,民办
s_8eb9128ac396ef17cf51a17488fc30f4,4113010096,保定学院,保定学院,河北省,保定市,本科,河北省,valid,pending,MOE,2026,截至2026年6月17日,168,
s_c6196a676dcad41843d7f9579cab1f65,4113014460,保定幼儿师范高等专科学校,保定幼儿师范高等专科学校,河北省,保定市,专科,河北省,valid,pending,MOE,2026,截至2026年6月17日,267,
s_32e407ddafc4737a78da52cd8e386a89,4113012543,保定职业技术学院,保定职业技术学院,河北省,保定市,专科,河北省,valid,pending,MOE,2026,截至2026年6月17日,227,
s_c5e57602c3f2014607716b487bd943c3,4113011629,北华航天工业学院,北华航天工业学院,河北省,廊坊市,本科,河北省,valid,pending,MOE,2026,截至2026年6月17日,185,
s_e20a393970dc072a3d4a0780ecb150b0,4113013899,北京中医药大学东方学院,北京中医药大学东方学院,河北省,廊坊市,本科,河北省教育厅,valid,pending,MOE,2026,截至2026年6月17日,209,民办
s_48f5fe6f9c5009d4236feda94abbe269,4113014472,渤海理工职业学院,渤海理工职业学院,河北省,沧州市,专科,河北省教育厅,valid,pending,MOE,2026,截至2026年6月17日,269,民办
s_a8f32370c4d7b0050b4a3adb569d8856,4113013394,渤海石油职业学院,渤海石油职业学院,河北省,沧州市,专科,河北省,valid,pending,MOE,2026,截至2026年6月17日,242,
s_ff50899b0ba1ca2ccfb83292330bf414,4113014786,沧州航空职业学院,沧州航空职业学院,河北省,沧州市,专科,河北省教育厅,valid,pending,MOE,2026,截至2026年6月17日,279,民办
s_d877f95ca2ced1e51cb11eab081a10d9,4113014202,沧州交通学院,沧州交通学院,河北省,沧州市,本科,河北省教育厅,valid,pending,MOE,2026,截至2026年6月17日,210,民办
s_7f68d19f94f3833c642ed72317c0e9e7,4113010105,沧州师范学院,沧州师范学院,河北省,沧州市,本科,河北省,valid,pending,MOE,2026,截至2026年6月17日,176,
s_343419180be6fb02e7ced0d2be4742e6,4113013779,沧州医学高等专科学校,沧州医学高等专科学校,河北省,沧州市,专科,河北省,valid,pending,MOE,2026,截至2026年6月17日,251,
s_21d1e358dd6afe6684a6a7b30082f853,4113014259,沧州幼儿师范高等专科学校,沧州幼儿师范高等专科学校,河北省,沧州市,专科,河北省,valid,pending,MOE,2026,截至2026年6月17日,260,
s_e19116432601f03a938e4940b51ebd3c,4113012415,沧州职业技术学院,沧州职业技术学院,河北省,沧州市,专科,河北省,valid,pending,MOE,2026,截至2026年6月17日,224,
s_6cd52e6ec00f9500a87bf20ed905c64e,4113014601,曹妃甸职业技术学院,曹妃甸职业技术学院,河北省,唐山市,专科,河北省教育厅,valid,pending,MOE,2026,截至2026年6月17日,271,民办
s_6fe74dc55999a377da7103cd778df53f,4113014281,承德护理职业学院,承德护理职业学院,河北省,承德市,专科,河北省,valid,pending,MOE,2026,截至2026年6月17日,263,
s_8727f73d2a98ea9cde52bf38ab202a75,4113010093,承德医学院,承德医学院,河北省,承德市,本科,河北省,valid,pending,MOE,2026,截至2026年6月17日,166,
s_5f8edeeae808b92b1e3c09362e43d400,4113014632,承德应用技术职业学院,承德应用技术职业学院,河北省,承德市,专科,河北省,valid,pending,MOE,2026,截至2026年6月17日,272,
s_7a6ee467a71816bb58a97119edb76926,4113014695,邯郸科技职业学院,邯郸科技职业学院,河北省,邯郸市,专科,河北省,valid,pending,MOE,2026,截至2026年6月17日,274,
s_03735c1b87c346aa40910c0586a17e35,4113010103,邯郸学院,邯郸学院,河北省,邯郸市,本科,河北省,valid,pending,MOE,2026,截至2026年6月17日,174,
s_530c4db6f5c96784a42eb48b2a915531,4113014787,邯郸应用技术职业学院,邯郸应用技术职业学院,河北省,邯郸市,专科,河北省教育厅,valid,pending,MOE,2026,截至2026年6月17日,280,民办
s_f430262b5aa341b8ac0fe273814aa377,4113014686,邯郸幼儿师范高等专科学校,邯郸幼儿师范高等专科学校,河北省,邯郸市,专科,河北省,valid,pending,MOE,2026,截至2026年6月17日,273,
s_6a175c3b3b33aa9595b3c6f387f38e70,4113011034,邯郸职业技术学院,邯郸职业技术学院,河北省,邯郸市,专科,河北省,valid,pending,MOE,2026,截至2026年6月17日,217,
s_02360bd13cb48a83fbd7c246d4908e5b,4113010092,河北北方学院,河北北方学院,河北省,张家口市,本科,河北省,valid,pending,MOE,2026,截至2026年6月17日,165,
s_4a243deb7452856647647924296ce418,4113012784,河北传媒学院,河北传媒学院,河北省,石家庄市,本科,河北省教育厅,valid,pending,MOE,2026,截至2026年6月17日,188,民办
s_7ba36d1b347712a8d5f2c240fa94505f,4113010075,河北大学,河北大学,河北省,保定市,本科,河北省,valid,pending,MOE,2026,截至2026年6月17日,155,
s_0d8fcc83f7121e742420c4df58e5fff5,4113013404,河北大学工商学院,河北大学工商学院,河北省,保定市,本科,河北省教育厅,valid,pending,MOE,2026,截至2026年6月17日,193,民办
s_ec375b47ba3596747704497dc1871d84,4113010077,河北地质大学,河北地质大学,河北省,石家庄市,本科,河北省,valid,pending,MOE,2026,截至2026年6月17日,157,
s_a2634c4494aced9a1ec67cccad659de2,4113013594,河北地质大学华信学院,河北地质大学华信学院,河北省,石家庄市,本科,河北省教育厅,valid,pending,MOE,2026,截至2026年6月17日,204,民办
s_3257e557df9b7f127f2e024b6fec4d58,4113014225,河北东方学院,河北东方学院,河北省,廊坊市,本科,河北省教育厅,valid,pending,MOE,2026,截至2026年6月17日,211,民办
s_4dc3eda922ed4caf3a87718c45162ebb,4113013074,河北对外经贸职业学院,河北对外经贸职业学院,河北省,秦皇岛市,专科,河北省,valid,pending,MOE,2026,截至2026年6月17日,239,
s_80f01f08bf0cb3c0b4536c810ea67a76,4113010076,河北工程大学,河北工程大学,河北省,邯郸市,本科,河北省,valid,pending,MOE,2026,截至2026年6月17日,156,
s_e1882d237258af20eabd65f3db429eae,4113013578,河北工程大学科信学院,河北工程大学科信学院,河北省,邯郸市,本科,河北省教育厅,valid,pending,MOE,2026,截至2026年6月17日,200,民办
s_6a5b9e0cb2884dc40b44b3d8dbfbae17,4113012796,河北工程技术学院,河北工程技术学院,河北省,石家庄市,本科,河北省教育厅,valid,pending,MOE,2026,截至2026年6月17日,189,民办
s_a3603ae437d6f7c220cb3f6c98d1849f,4113010080,河北工业大学,河北工业大学,河北省,天津市,本科,河北省,valid,pending,MOE,2026,截至2026年6月17日,158,
s_9594f4b5fd33dd7b6dda81624fda190e,4113016204,河北工业职业技术大学,河北工业职业技术大学,河北省,石家庄市,本科,河北省,valid,pending,MOE,2026,截至2026年6月17日,195,
s_0f837ff6c7fa73f17372353354c8cd5c,4113014471,河北工艺美术职业学院,河北工艺美术职业学院,河北省,保定市,专科,河北省,valid,pending,MOE,2026,截至2026年6月17日,268,
s_b5a60da9093588c7aba12f9a8327fb42,4113013398,河北公安警察职业学院,河北公安警察职业学院,河北省,石家庄市,专科,河北省,valid,pending,MOE,2026,截至2026年6月17日,246,
s_627d9719a995aae608dd259964386c3b,4113014396,河北轨道运输职业技术学院,河北轨道运输职业技术学院,河北省,石家庄市,专科,河北省,valid,pending,MOE,2026,截至2026年6月17日,266,
s_b340fd11440511da261d576522d82c12,4113013072,河北化工医药职业技术学院,河北化工医药职业技术学院,河北省,石家庄市,专科,河北省,valid,pending,MOE,2026,截至2026年6月17日,237,
s_7574a4cfde68a7d32f99260d68b3bb45,4213051721,河北环境工程学院,河北环境工程学院,河北省,秦皇岛市,本科,河北省,valid,pending,MOE,2026,截至2026年6月17日,214,
s_93ce78ea2f78f2d578d3b79b199ed3fd,4113013393,河北机电职业技术学院,河北机电职业技术学院,河北省,邢台市,专科,河北省,valid,pending,MOE,2026,截至2026年6月17日,241,
s_4f4b2ae83c260e58e551d1b5d0d26235,4113012389,河北建材职业技术学院,河北建材职业技术学院,河北省,秦皇岛市,专科,河北省,valid,pending,MOE,2026,截至2026年6月17日,222,
s_29fb6d85523913cef689775de0864d67,4113010084,河北建筑工程学院,河北建筑工程学院,河北省,张家口市,本科,河北省,valid,pending,MOE,2026,截至2026年6月17日,161,
s_dcb540d952664391ddda9795bcdcbe92,4113013071,河北交通职业技术学院,河北交通职业技术学院,河北省,石家庄市,专科,河北省,valid,pending,MOE,2026,截至2026年6月17日,236,
s_2bcb0f9cd5af20641a2a7b006ea898fa,4113011420,河北金融学院,河北金融学院,河北省,保定市,本科,河北省,valid,pending,MOE,2026,截至2026年6月17日,184,
s_d9a4357b028bb602e48135a729934db1,4113011832,河北经贸大学,河北经贸大学,河北省,石家庄市,本科,河北省,valid,pending,MOE,2026,截至2026年6月17日,186,
s_9cfc6f1b500db7cb67eb91668b89683b,4113013414,河北经贸大学经济管理学院,河北经贸大学经济管理学院,河北省,石家庄市,本科,河北省教育厅,valid,pending,MOE,2026,截至2026年6月17日,197,民办
s_15750e1a491449da6afd26f2b7649cdd,4113010082,河北科技大学,河北科技大学,河北省,石家庄市,本科,河北省,valid,pending,MOE,2026,截至2026年6月17日,160,
s_845d5277cefea88541b6e506b01ae814,4113016203,河北科技工程职业技术大学,河北科技工程职业技术大学,河北省,邢台市,本科,河北省,valid,pending,MOE,2026,截至2026年6月17日,199,
s_32723ab2465d9464b97c881ceb1c3784,4113010798,河北科技师范学院,河北科技师范学院,河北省,秦皇岛市,本科,河北省,valid,pending,MOE,2026,截至2026年6月17日,179,
s_450945c0333e2d184fda1a8a085a17ea,4113013391,河北科技学院,河北科技学院,河北省,保定市,本科,河北省教育厅,valid,pending,MOE,2026,截至2026年6月17日,191,民办
s_63048064058047afd89454d6736f8e33,4113014208,河北劳动关系职业学院,河北劳动关系职业学院,河北省,石家庄市,专科,河北省,valid,pending,MOE,2026,截至2026年6月17日,258,
s_c3bafd8615b6949124e988cca1cfbdd1,4113012887,河北旅游职业学院,河北旅游职业学院,河北省,承德市,专科,河北省,valid,pending,MOE,2026,截至2026年6月17日,234,
s_7b0c1c0429f92d6cfc5044286ce987e7,4113013075,河北美术学院,河北美术学院,河北省,石家庄市,本科,河北省教育厅,valid,pending,MOE,2026,截至2026年6月17日,190,民办
s_f6c33c6e3975aafa180e51ea7e78efe1,4113010098,河北民族师范学院,河北民族师范学院,河北省,承德市,本科,河北省,valid,pending,MOE,2026,截至2026年6月17日,169,
s_a15e94ddad62ff510817f6c96bd22f5a,4113012418,河北能源职业技术学院,河北能源职业技术学院,河北省,唐山市,专科,河北省,valid,pending,MOE,2026,截至2026年6月17日,225,
s_83c8d131358d54cbabbede1098fb6820,4113010086,河北农业大学,河北农业大学,河北省,保定市,本科,河北省,valid,pending,MOE,2026,截至2026年6月17日,163,
s_497473b2ab531af3c960e97be9a2a67c,4113013595,河北农业大学现代科技学院,河北农业大学现代科技学院,河北省,保定市,本科,河北省教育厅,valid,pending,MOE,2026,截至2026年6月17日,205,民办
s_08e641277790847a1a6bb445859b1a9d,4113013822,河北女子职业技术学院,河北女子职业技术学院,河北省,石家庄市,专科,河北省,valid,pending,MOE,2026,截至2026年6月17日,252,
s_64327daba7187efb44ad7d05daf44a81,4113012352,河北软件职业技术学院,河北软件职业技术学院,河北省,保定市,专科,河北省,valid,pending,MOE,2026,截至2026年6月17日,220,
s_f6ebd2f2b0b0b1008960eddfd12325b0,4113010094,河北师范大学,河北师范大学,河北省,石家庄市,本科,河北省,valid,pending,MOE,2026,截至2026年6月17日,167,
s_a3948e1dbef4cfb6bc8e941b4c489364,4113013411,河北师范大学汇华学院,河北师范大学汇华学院,河北省,石家庄市,本科,河北省教育厅,valid,pending,MOE,2026,截至2026年6月17日,196,民办
s_c32090c1a250b8865435307ed4245971,4113016202,河北石油职业技术大学,河北石油职业技术大学,河北省,承德市,本科,河北省,valid,pending,MOE,2026,截至2026年6月17日,201,
s_6e827b004d5cd52704670de207b6abd8,4113012367,河北石油职业技术学院,河北石油职业技术学院,河北省,廊坊市,专科,河北省,valid,pending,MOE,2026,截至2026年6月17日,221,
s_bd83b76e926dcfda98c1ad208a01b272,4113010085,河北水利电力学院,河北水利电力学院,河北省,沧州市,本科,河北省,valid,pending,MOE,2026,截至2026年6月17日,162,
s_8f5ef877d21577bf9dc9182d777fcdbb,4113013690,河北司法警官职业学院,河北司法警官职业学院,河北省,邯郸市,专科,河北省,valid,pending,MOE,2026,截至2026年6月17日,250,
s_00dec1ebf673c2fa60e2d2016550db7b,4113011236,河北体育学院,河北体育学院,河北省,石家庄市,本科,河北省,valid,pending,MOE,2026,截至2026年6月17日,183,
s_3bab341c79491bd0007f072844255adf,4113013402,河北外国语学院,河北外国语学院,河北省,石家庄市,本科,河北省教育厅,valid,pending,MOE,2026,截至2026年6月17日,192,民办
s_6e9002f87f38c535645c02c5a3951287,4113010089,河北医科大学,河北医科大学,河北省,石家庄市,本科,河北省,valid,pending,MOE,2026,截至2026年6月17日,164,
s_4183f32019c98abc2c63a9f561cab1a2,4113013415,河北医科大学临床学院,河北医科大学临床学院,河北省,石家庄市,本科,河北省教育厅,valid,pending,MOE,2026,截至2026年6月17日,198,民办
s_da2aa87c152d5face97139eabe38f016,4113012885,河北艺术职业学院,河北艺术职业学院,河北省,石家庄市,专科,河北省,valid,pending,MOE,2026,截至2026年6月17日,233,
s_be92d45d62fe5bce7c56c142c44e6bc6,4113014185,河北正定师范高等专科学校,河北正定师范高等专科学校,河北省,石家庄市,专科,河北省,valid,pending,MOE,2026,截至2026年6月17日,257,
s_47d1ad74a02f4f7ebd8f7c8f25153edf,4113012408,河北政法职业学院,河北政法职业学院,河北省,石家庄市,专科,河北省,valid,pending,MOE,2026,截至2026年6月17日,223,
s_3c9f0095d60eccf5282d4d23521cbe39,4113014432,河北中医药大学,河北中医药大学,河北省,石家庄市,本科,河北省,valid,pending,MOE,2026,截至2026年6月17日,212,
s_46bf1765590121336481dddf40d92836,4213050139,河北资源环境职业技术学院,河北资源环境职业技术学院,河北省,石家庄市,专科,河北省,valid,pending,MOE,2026,截至2026年6月17日,277,
s_eca23fa1a21952e0433a55cd9db4054a,4113014785,衡水健康科技职业学院,衡水健康科技职业学院,河北省,衡水市,专科,河北省,valid,pending,MOE,2026,截至2026年6月17日,278,
s_f755d6be02ed6fa0340966bd10e68702,4113010101,衡水学院,衡水学院,河北省,衡水市,本科,河北省,valid,pending,MOE,2026,截至2026年6月17日,172,
s_b02a8309328db5f8e9cf91bfd30455b7,4113012786,衡水职业技术学院,衡水职业技术学院,河北省,衡水市,专科,河北省,valid,pending,MOE,2026,截至2026年6月17日,232,
s_1fcb5b1becc97a5d4bfcff8d228023be,4113010081,华北理工大学,华北理工大学,河北省,唐山市,本科,河北省,valid,pending,MOE,2026,截至2026年6月17日,159,
s_4a7b5f3349cb4db84410862691962089,4113013596,华北理工大学冀唐学院,华北理工大学冀唐学院,河北省,唐山市,本科,河北省教育厅,valid,pending,MOE,2026,截至2026年6月17日,206,民办
s_ce05e592ea75acf8cb8c3aef8d737ecc,4113013408,华北理工大学轻工学院,华北理工大学轻工学院,河北省,唐山市,本科,河北省教育厅,valid,pending,MOE,2026,截至2026年6月17日,194,民办
s_fb4ccf5520d3fd5e0751b01eb88749f2,4113014103,冀中职业学院,冀中职业学院,河北省,保定市,专科,河北省,valid,pending,MOE,2026,截至2026年6月17日,255,
s_9bc59f8da499ac7522b87303d2d179e8,4113010100,廊坊师范学院,廊坊师范学院,河北省,廊坊市,本科,河北省,valid,pending,MOE,2026,截至2026年6月17日,171,
s_07d50b8601fe2f4355fe7c6c5e2319ea,4113014335,廊坊卫生职业学院,廊坊卫生职业学院,河北省,廊坊市,专科,河北省,valid,pending,MOE,2026,截至2026年6月17日,265,
s_e2659238ea02a66f4ae7ada2c8d36f76,4113014280,廊坊燕京职业技术学院,廊坊燕京职业技术学院,河北省,廊坊市,专科,河北省,valid,pending,MOE,2026,截至2026年6月17日,262,
s_d2d7daa638b81dad6aae1e33d7274e8f,4113013395,廊坊职业技术学院,廊坊职业技术学院,河北省,廊坊市,专科,河北省,valid,pending,MOE,2026,截至2026年6月17日,243,
s_5307d3062d9ca2412e12c5bebaac3224,4113014788,秦皇岛工业职业技术学院,秦皇岛工业职业技术学院,河北省,秦皇岛市,专科,河北省,valid,pending,MOE,2026,截至2026年6月17日,281,
s_2a49b0d9c79ee885160dc17b5d8fae6b,4113012773,秦皇岛职业技术学院,秦皇岛职业技术学院,河北省,秦皇岛市,专科,河北省,valid,pending,MOE,2026,截至2026年6月17日,228,
s_6335f7b2ff14877f9669b5f4c7f30e57,4113013070,石家庄财经职业学院,石家庄财经职业学院,河北省,石家庄市,专科,河北省教育厅,valid,pending,MOE,2026,截至2026年6月17日,235,民办
s_e59830fd7eaa27f21f0ec7e5d1a19182,4113012783,石家庄城市经济职业学院,石家庄城市经济职业学院,河北省,石家庄市,专科,河北省教育厅,valid,pending,MOE,2026,截至2026年6月17日,230,民办
s_413175f43befa32a6d1bd00adb6fe115,4113012782,石家庄工程职业学院,石家庄工程职业学院,河北省,石家庄市,专科,河北省教育厅,valid,pending,MOE,2026,截至2026年6月17日,229,民办
s_bc1eb97400bb8d29f1f08c6a2fd145c3,4113013399,石家庄工商职业学院,石家庄工商职业学院,河北省,石家庄市,专科,河北省教育厅,valid,pending,MOE,2026,截至2026年6月17日,247,民办
s_b0b2a241f39c84cf680bcf16737ae2db,4113014908,石家庄金融职业学院,石家庄金融职业学院,河北省,石家庄市,专科,河北省教育厅,valid,pending,MOE,2026,截至2026年6月17日,283,民办
s_d42f24bb0b0d667f05841e09733a9b09,4113014047,石家庄经济职业学院,石家庄经济职业学院,河北省,石家庄市,专科,河北省教育厅,valid,pending,MOE,2026,截至2026年6月17日,254,民办
s_d512967d10908fba5b253f38797c4514,4113014952,石家庄康养职业学院,石家庄康养职业学院,河北省,石家庄市,专科,河北省教育厅,valid,pending,MOE,2026,截至2026年6月17日,286,民办
s_8ee7af64d0fcdb56fae43020a313d73f,4113013403,石家庄科技信息职业学院,石家庄科技信息职业学院,河北省,石家庄市,专科,河北省教育厅,valid,pending,MOE,2026,截至2026年6月17日,249,民办
s_82b6c5486eef04b338e2b8bffbb5b2ad,4113014213,石家庄科技职业学院,石家庄科技职业学院,河北省,石家庄市,专科,河北省教育厅,valid,pending,MOE,2026,截至2026年6月17日,259,民办
s_425e257af0c3925e3656e782f3562768,4113013400,石家庄理工职业学院,石家庄理工职业学院,河北省,石家庄市,专科,河北省教育厅,valid,pending,MOE,2026,截至2026年6月17日,248,民办
s_f13402317c4e580523e5eac3af52c604,4113014909,石家庄农林职业学院,石家庄农林职业学院,河北省,石家庄市,专科,河北省教育厅,valid,pending,MOE,2026,截至2026年6月17日,284,民办
s_260d40ad04c241f9f54e1a4a8e53fde2,4113014158,石家庄人民医学高等专科学校,石家庄人民医学高等专科学校,河北省,石家庄市,专科,河北省教育厅,valid,pending,MOE,2026,截至2026年6月17日,256,民办
s_c41b5a95af3fceaf287fa2753139e6b3,4113010107,石家庄铁道大学,石家庄铁道大学,河北省,石家庄市,本科,河北省,valid,pending,MOE,2026,截至2026年6月17日,177,
s_6fb2495a1af0cead637b2c4c6e197607,4113013593,石家庄铁道大学四方学院,石家庄铁道大学四方学院,河北省,石家庄市,本科,河北省教育厅,valid,pending,MOE,2026,截至2026年6月17日,203,民办
s_3217a91436b4b8c866f3ed4b593870f2,4113012424,石家庄铁路职业技术学院,石家庄铁路职业技术学院,河北省,石家庄市,专科,河北省,valid,pending,MOE,2026,截至2026年6月17日,226,
s_28aeb88a01da54eb6d3cc663aa17d910,4113013073,石家庄信息工程职业学院,石家庄信息工程职业学院,河北省,石家庄市,专科,河北省,valid,pending,MOE,2026,截至2026年6月17日,238,
s_c25f688a0eea384148d57b624a804488,4113010102,石家庄学院,石家庄学院,河北省,石家庄市,本科,河北省,valid,pending,MOE,2026,截至2026年6月17日,173,
s_fc6cc944dda03149c6c7e1074236337e,4113014018,石家庄医学高等专科学校,石家庄医学高等专科学校,河北省,石家庄市,专科,河北省教育厅,valid,pending,MOE,2026,截至2026年6月17日,253,民办
s_834568e1c37dabc9ed9d1c4afc6cdecc,4113013397,石家庄邮电职业技术学院,石家庄邮电职业技术学院,河北省,石家庄市,专科,河北省,valid,pending,MOE,2026,截至2026年6月17日,245,
s_232441ca30e90d5890307d9c5eafd52f,4113014328,石家庄幼儿师范高等专科学校,石家庄幼儿师范高等专科学校,河北省,石家庄市,专科,河北省,valid,pending,MOE,2026,截至2026年6月17日,264,
s_090fe500b6979cc59cb020d9ac9b897e,4113011238,石家庄职业技术学院,石家庄职业技术学院,河北省,石家庄市,专科,河北省,valid,pending,MOE,2026,截至2026年6月17日,218,
s_e70f40f3ee0cecd7ea1c1ec42f960e88,4113012787,唐山工业职业技术大学,唐山工业职业技术大学,河北省,唐山市,本科,河北省,valid,pending,MOE,2026,截至2026年6月17日,215,
s_0c43e116364f4a4e9c24e3373ef40c7f,4113014696,唐山海运职业学院,唐山海运职业学院,河北省,唐山市,专科,河北省教育厅,valid,pending,MOE,2026,截至2026年6月17日,275,民办
s_78bee9ca754d76ef9cdb8df940111c04,4113013396,唐山科技职业技术学院,唐山科技职业技术学院,河北省,唐山市,专科,河北省,valid,pending,MOE,2026,截至2026年6月17日,244,
s_5a704b21e0a3d22dae14bc8d4717e1ea,4113010099,唐山师范学院,唐山师范学院,河北省,唐山市,本科,河北省,valid,pending,MOE,2026,截至2026年6月17日,170,
s_29966b0219dfa0010900b3e917b5e29b,4113011033,唐山学院,唐山学院,河北省,唐山市,本科,河北省,valid,pending,MOE,2026,截至2026年6月17日,180,
s_729373688b648872974cccc88e620ba9,4113014586,唐山幼儿师范高等专科学校,唐山幼儿师范高等专科学校,河北省,唐山市,专科,河北省,valid,pending,MOE,2026,截至2026年6月17日,270,
s_6824192edc4b47197706227890ad6948,4113012785,唐山职业技术学院,唐山职业技术学院,河北省,唐山市,专科,河北省,valid,pending,MOE,2026,截至2026年6月17日,231,
s_94f46f7b97162339a0d46a27c04f973d,4113014953,辛集应用技术职业学院,辛集应用技术职业学院,河北省,石家庄市,专科,河北省教育厅,valid,pending,MOE,2026,截至2026年6月17日,287,民办
s_d363ba17a0d9854a242300abe61722d3,4113014852,邢台新能源职业学院,邢台新能源职业学院,河北省,邢台市,专科,河北省教育厅,valid,pending,MOE,2026,截至2026年6月17日,282,民办
s_eb0bb0eedf5c8759c7865f8b701e62e0,4113010104,邢台学院,邢台学院,河北省,邢台市,本科,河北省,valid,pending,MOE,2026,截至2026年6月17日,175,
s_1913052afc72cc4415d4c84ef5935dce,4113012884,邢台医学院,邢台医学院,河北省,邢台市,本科,河北省,valid,pending,MOE,2026,截至2026年6月17日,216,
s_b79169f96994654dc6cdd57059073851,4113014742,邢台应用技术职业学院,邢台应用技术职业学院,河北省,邢台市,专科,河北省教育厅,valid,pending,MOE,2026,截至2026年6月17日,276,民办
s_a0576b5ac46b7bb7e8bc658ebdc95fc6,4113014260,宣化科技职业学院,宣化科技职业学院,河北省,张家口市,专科,河北省,valid,pending,MOE,2026,截至2026年6月17日,261,
s_9b8bbedd92910fa48cea068ba70da6ce,4113013895,燕京理工学院,燕京理工学院,河北省,廊坊市,本科,河北省教育厅,valid,pending,MOE,2026,截至2026年6月17日,208,民办
s_9a2030b75a6a6e902b7d3f5083ec7225,4113010216,燕山大学,燕山大学,河北省,秦皇岛市,本科,河北省,valid,pending,MOE,2026,截至2026年6月17日,178,
s_3a9c361adb8574e415c26ea8d8360710,4113013592,燕山大学里仁学院,燕山大学里仁学院,河北省,秦皇岛市,本科,河北省教育厅,valid,pending,MOE,2026,截至2026年6月17日,202,民办
s_6d470b07c75439f1a62449915cc510b6,4113011104,应急管理大学,应急管理大学,河北省,廊坊市,本科,应急管理部,valid,pending,MOE,2026,截至2026年6月17日,181,
s_0a9b2c83e0f368afe8f8795e7c4de4ea,4113014458,张家口学院,张家口学院,河北省,张家口市,本科,河北省,valid,pending,MOE,2026,截至2026年6月17日,213,
s_a9af8ca62b2663f45794094d30cbf8a2,4113014951,张家口应用技术职业学院,张家口应用技术职业学院,河北省,张家口市,专科,河北省,valid,pending,MOE,2026,截至2026年6月17日,285,
s_03c3c1be29689cdad0869b18abcb6d7f,4113011423,张家口职业技术学院,张家口职业技术学院,河北省,张家口市,专科,河北省,valid,pending,MOE,2026,截至2026年6月17日,219,
s_7871a53fc920e7adc4eb38a231028cac,4113011105,中国人民警察大学,中国人民警察大学,河北省,廊坊市,本科,公安部,valid,pending,MOE,2026,截至2026年6月17日,182,
s_9e93ae3bf8889d047473ab82649cc22c,4113011903,中央司法警官学院,中央司法警官学院,河北省,保定市,本科,司法部,valid,pending,MOE,2026,截至2026年6月17日,187,
s_89d4ee8c81328734f3a69e4eecd93418,4141011330,安阳工学院,安阳工学院,河南省,安阳市,本科,河南省,valid,pending,MOE,2026,截至2026年6月17日,1595,
s_b2697b5ae807c2184b126c49f2c65938,4141010479,安阳师范学院,安阳师范学院,河南省,安阳市,本科,河南省,valid,pending,MOE,2026,截至2026年6月17日,1581,
s_c699eac04fbbc255bde0ff7b893c9e40,4141013504,安阳学院,安阳学院,河南省,安阳市,本科,河南省教育厅,valid,pending,MOE,2026,截至2026年6月17日,1612,民办
s_3ae6b08886f32732262f02419300f0d9,4141014392,安阳幼儿师范高等专科学校,安阳幼儿师范高等专科学校,河南省,安阳市,专科,河南省,valid,pending,MOE,2026,截至2026年6月17日,1693,
s_64049000c286d564e7b8b70ca51a6e41,4141014243,安阳职业技术学院,安阳职业技术学院,河南省,安阳市,专科,河南省,valid,pending,MOE,2026,截至2026年6月17日,1672,
s_0cbb9ccf8da87833e9e419a7b0f4eaff,4141010484,河南财经政法大学,河南财经政法大学,河南省,郑州市,本科,河南省,valid,pending,MOE,2026,截至2026年6月17日,1586,
s_f39c48ae2d2e3ebac7cc630a5e743e19,4141011652,河南财政金融学院,河南财政金融学院,河南省,郑州市,本科,河南省,valid,pending,MOE,2026,截至2026年6月17日,1597,
s_21fe971c663f83b7d944267b6cd8f17f,4141014608,河南测绘职业学院,河南测绘职业学院,河南省,郑州市,专科,河南省,valid,pending,MOE,2026,截至2026年6月17日,1705,
s_ae8b54ecfe450e40d4f7e8ac6ea82d63,4141011765,河南城建学院,河南城建学院,河南省,平顶山市,本科,河南省,valid,pending,MOE,2026,截至2026年6月17日,1599,
s_02bbda597d7d6138f52cb26252f9d765,4141010475,河南大学,河南大学,河南省,开封市,本科,河南省,valid,pending,MOE,2026,截至2026年6月17日,1577,
s_79b68d7a837b527657cb53232863eea4,4141014637,河南地矿职业学院,河南地矿职业学院,河南省,郑州市,专科,河南省,valid,pending,MOE,2026,截至2026年6月17日,1709,
s_d02faf1071cdcc1bf43b692cb3c280d9,4141014712,河南对外经济贸易职业学院,河南对外经济贸易职业学院,河南省,开封市,专科,河南省,valid,pending,MOE,2026,截至2026年6月17日,1712,
s_ea34c62ef31d0d2549b6f233a9c5c940,4141011517,河南工程学院,河南工程学院,河南省,郑州市,本科,河南省,valid,pending,MOE,2026,截至2026年6月17日,1596,
s_cf75ddcf6c1db0d9d6fca3a5c779eae1,4141011329,河南工学院,河南工学院,河南省,新乡市,本科,河南省,valid,pending,MOE,2026,截至2026年6月17日,1594,
s_3264b74822b3c01b2d6b1886aa85034f,4141010463,河南工业大学,河南工业大学,河南省,郑州市,本科,河南省,valid,pending,MOE,2026,截至2026年6月17日,1569,
s_274e9ff6933f4eab4c321b17ca14e8ba,4141012581,河南工业和信息化职业学院,河南工业和信息化职业学院,河南省,焦作市,专科,河南省,valid,pending,MOE,2026,截至2026年6月17日,1641,
s_cf44eb1d11bb603b2e22a0c2e8ff7bb6,4141013936,河南工业贸易职业学院,河南工业贸易职业学院,河南省,郑州市,专科,河南省,valid,pending,MOE,2026,截至2026年6月17日,1668,
s_31984039fdf0a5f2e3ee6be38d1cf0d7,4141012794,河南工业职业技术大学,河南工业职业技术大学,河南省,南阳市,本科,河南省,valid,pending,MOE,2026,截至2026年6月17日,1627,
s_f01d6a38153d57faaf4e88f2dd10fec4,4141014981,河南国医学院,河南国医学院,河南省,南阳市,本科,河南省,valid,pending,MOE,2026,截至2026年6月17日,1630,
s_19157355f0a78a9171ebb5bb599d1544,4141014349,河南护理职业学院,河南护理职业学院,河南省,安阳市,专科,河南省,valid,pending,MOE,2026,截至2026年6月17日,1684,
s_18f2dba3a42efaa513c049365bb0cc5b,4141014348,河南机电职业学院,河南机电职业学院,河南省,郑州市,专科,河南省,valid,pending,MOE,2026,截至2026年6月17日,1683,
s_0a9e1b589585031c82f2c94edcf7a523,4141013499,河南检察职业学院,河南检察职业学院,河南省,郑州市,专科,河南省,valid,pending,MOE,2026,截至2026年6月17日,1650,
s_c7e3bbd176855742e44315423fecb54d,4141014181,河南建筑职业技术学院,河南建筑职业技术学院,河南省,郑州市,专科,河南省,valid,pending,MOE,2026,截至2026年6月17日,1670,
s_a660f4e0560e88c0cbc7be849fb6d418,4141013789,河南交通职业技术学院,河南交通职业技术学院,河南省,郑州市,专科,河南省,valid,pending,MOE,2026,截至2026年6月17日,1662,
s_2ad4c13aa6ad320e1652708e8b98ddc0,4141013788,河南经贸职业学院,河南经贸职业学院,河南省,郑州市,专科,河南省,valid,pending,MOE,2026,截至2026年6月17日,1661,
s_178758f7fb128cdb9813db48d449e4ba,4141011788,河南警察学院,河南警察学院,河南省,郑州市,本科,河南省,valid,pending,MOE,2026,截至2026年6月17日,1600,
s_1812faa6fa80759b1c49b1af17c6a5ad,4141013501,河南开封科技传媒学院,河南开封科技传媒学院,河南省,开封市,本科,河南省教育厅,valid,pending,MOE,2026,截至2026年6月17日,1609,民办
s_087185e43a8a4732915a29bf7bffca64,4141010464,河南科技大学,河南科技大学,河南省,洛阳市,本科,河南省,valid,pending,MOE,2026,截至2026年6月17日,1570,
s_36108e64e2f95e4deceecfbf65778093,4141010467,河南科技学院,河南科技学院,河南省,新乡市,本科,河南省,valid,pending,MOE,2026,截至2026年6月17日,1573,
s_f04dacc96d7894980ef198fad56f84bb,4141014169,河南科技职业大学,河南科技职业大学,河南省,周口市,本科,河南省教育厅,valid,pending,MOE,2026,截至2026年6月17日,1619,民办
s_36f599dd4abb98e366f85fd7de696b6b,4141010460,河南理工大学,河南理工大学,河南省,焦作市,本科,河南省,valid,pending,MOE,2026,截至2026年6月17日,1567,
s_0dc00f1366e5828192d13f5c4e625a24,4141013889,河南林业职业学院,河南林业职业学院,河南省,洛阳市,专科,河南省,valid,pending,MOE,2026,截至2026年6月17日,1667,
s_7cd4cb7874cf61cc39f2ef8d3f3d1a66,4141010469,河南牧业经济学院,河南牧业经济学院,河南省,郑州市,本科,河南省,valid,pending,MOE,2026,截至2026年6月17日,1574,
s_fb4ab9be0fa17da4a344469d2d4a62e2,4141014980,河南能源化工学院,河南能源化工学院,河南省,濮阳市,本科,河南省,valid,pending,MOE,2026,截至2026年6月17日,1632,
s_2f69caca19c388ea612863815c429a07,4141010466,河南农业大学,河南农业大学,河南省,郑州市,本科,河南省,valid,pending,MOE,2026,截至2026年6月17日,1572,
s_0976959cd2b3f3397ff02ef1a2a68e2b,4141013790,河南农业职业学院,河南农业职业学院,河南省,郑州市,专科,河南省,valid,pending,MOE,2026,截至2026年6月17日,1663,
s_eff200df536b39ff438a64df8c4fc974,4141014711,河南女子职业学院,河南女子职业学院,河南省,新乡市,专科,河南省,valid,pending,MOE,2026,截至2026年6月17日,1711,
s_06ffcd78ff65df8a6b2d5d362d1fef19,4141014607,河南轻工职业学院,河南轻工职业学院,河南省,郑州市,专科,河南省,valid,pending,MOE,2026,截至2026年6月17日,1704,
s_48410c427118515feb94fd554e064ac2,4141010476,河南师范大学,河南师范大学,河南省,新乡市,本科,河南省,valid,pending,MOE,2026,截至2026年6月17日,1578,
s_730dfc75d5d016a5160e67213562794f,4141012582,河南水利与环境职业学院,河南水利与环境职业学院,河南省,郑州市,专科,河南省,valid,pending,MOE,2026,截至2026年6月17日,1642,
s_3da3dfcdec2a89757d468aab25e52c83,4141012781,河南司法警官职业学院,河南司法警官职业学院,河南省,郑州市,专科,河南省,valid,pending,MOE,2026,截至2026年6月17日,1647,
s_cad9b3343d170434df46fa154ffba56f,4141014879,河南体育学院,河南体育学院,河南省,郑州市,本科,河南省,valid,pending,MOE,2026,截至2026年6月17日,1624,
s_6408e3612bf379459bc88ba65cd1ed22,4141014382,河南推拿职业学院,河南推拿职业学院,河南省,洛阳市,专科,河南省,valid,pending,MOE,2026,截至2026年6月17日,1690,
s_66353595192f5667174a2e29ab50ccf7,4141014636,河南物流职业学院,河南物流职业学院,河南省,新乡市,专科,河南省,valid,pending,MOE,2026,截至2026年6月17日,1708,
s_cbe6832302f721df7e2eab9609cbffd9,4141014865,河南新乡工商职业学院,河南新乡工商职业学院,河南省,新乡市,专科,河南省教育厅,valid,pending,MOE,2026,截至2026年6月17日,1742,民办
s_aa62c6fb59207af56362a887c0ac51ba,4141014949,河南信息科技学院,河南信息科技学院,河南省,鹤壁市,本科,河南省,valid,pending,MOE,2026,截至2026年6月17日,1628,
s_f1859ba61aed8881b21d16b5f65c8386,4141013885,河南信息统计职业学院,河南信息统计职业学院,河南省,郑州市,专科,河南省,valid,pending,MOE,2026,截至2026年6月17日,1666,
s_403ffdf159c58d3b12d17b36bd72e4d4,4141014466,河南医学高等专科学校,河南医学高等专科学校,河南省,郑州市,专科,河南省,valid,pending,MOE,2026,截至2026年6月17日,1695,
s_e37118bc1f2962a41f8f3b47cf374c85,4141010472,河南医药大学,河南医药大学,河南省,新乡市,本科,河南省,valid,pending,MOE,2026,截至2026年6月17日,1576,
s_240a743e6a71e6b1f923d9e62a8fa76f,4141014308,河南艺术职业学院,河南艺术职业学院,河南省,郑州市,专科,河南省,valid,pending,MOE,2026,截至2026年6月17日,1682,
s_7919e2ae81edf62c1cefb8826641829e,4141014982,河南应用工程学院,河南应用工程学院,河南省,三门峡市,本科,河南省,valid,pending,MOE,2026,截至2026年6月17日,1629,
s_72eefa2d2d6a52e89db3515047b57940,4141014307,河南应用技术职业学院,河南应用技术职业学院,河南省,郑州市,专科,河南省,valid,pending,MOE,2026,截至2026年6月17日,1681,
s_e98ca1001fcdab616a30602209f51e2e,4141010824,河南职业技术学院,河南职业技术学院,河南省,郑州市,专科,河南省,valid,pending,MOE,2026,截至2026年6月17日,1633,
s_db0a5d3321e3c5d14b86fb871a07609c,4141013564,河南质量工程职业学院,河南质量工程职业学院,河南省,平顶山市,专科,河南省,valid,pending,MOE,2026,截至2026年6月17日,1651,
s_9af7fd4a62a7f94ce6fd91fa6568de7e,4141010471,河南中医药大学,河南中医药大学,河南省,郑州市,本科,河南省,valid,pending,MOE,2026,截至2026年6月17日,1575,
s_0d458cabe4eaba75dd5ee7705e735d6c,4141014529,鹤壁能源化工职业学院,鹤壁能源化工职业学院,河南省,鹤壁市,专科,河南省,valid,pending,MOE,2026,截至2026年6月17日,1699,
s_7360a8887d6129d6d9c4e07db81da241,4141014352,鹤壁汽车工程职业学院,鹤壁汽车工程职业学院,河南省,鹤壁市,专科,河南省教育厅,valid,pending,MOE,2026,截至2026年6月17日,1687,民办
s_8bde8008319177bd2af149d3501a0b42,4141012793,鹤壁职业技术学院,鹤壁职业技术学院,河南省,鹤壁市,专科,河南省,valid,pending,MOE,2026,截至2026年6月17日,1648,
s_7f7f37addc42ef9a3818686da1c2b970,4141010078,华北水利水电大学,华北水利水电大学,河南省,郑州市,本科,河南省,valid,pending,MOE,2026,截至2026年6月17日,1565,
s_077903f96589d102d76f5c8a990ab08b,4141013498,黄河交通学院,黄河交通学院,河南省,焦作市,本科,河南省教育厅,valid,pending,MOE,2026,截至2026年6月17日,1607,民办
s_455f6920b360d7be80472e605a61614e,4141011834,黄河科技学院,黄河科技学院,河南省,郑州市,本科,河南省教育厅,valid,pending,MOE,2026,截至2026年6月17日,1601,民办
s_36c59938df6015e5ef965d49e03df661,4141012058,黄河水利职业技术大学,黄河水利职业技术大学,河南省,开封市,本科,河南省,valid,pending,MOE,2026,截至2026年6月17日,1626,
s_bb6c6dbc33011938337a1297031fad76,4141010918,黄淮学院,黄淮学院,河南省,驻马店市,本科,河南省,valid,pending,MOE,2026,截至2026年6月17日,1588,
s_c49b70b286aa2bca9df520b012b4b989,4141012768,济源职业技术学院,济源职业技术学院,河南省,济源市,专科,河南省,valid,pending,MOE,2026,截至2026年6月17日,1646,
s_0c5a8082fea56ee4705f5023931f51a9,4141011522,焦作大学,焦作大学,河南省,焦作市,专科,河南省,valid,pending,MOE,2026,截至2026年6月17日,1637,
s_efe0fd50d607b8f0c04780974155b5c0,4141014300,焦作工贸职业学院,焦作工贸职业学院,河南省,焦作市,专科,河南省教育厅,valid,pending,MOE,2026,截至2026年6月17日,1675,民办
s_762eba1bac060dd5a970cb791b9f2262,4141012950,焦作师范高等专科学校,焦作师范高等专科学校,河南省,焦作市,专科,河南省,valid,pending,MOE,2026,截至2026年6月17日,1649,
s_eb5d13868ac5f09bcee0ea833f010460,4141014793,焦作新材料职业学院,焦作新材料职业学院,河南省,焦作市,专科,河南省教育厅,valid,pending,MOE,2026,截至2026年6月17日,1731,民办
s_1f54db1db0e8e331f19d42ef9daa83b5,4141011069,开封大学,开封大学,河南省,开封市,专科,河南省,valid,pending,MOE,2026,截至2026年6月17日,1636,
s_c3d5eff2c0cc255eb48855146bb66a1b,4141014929,开封工程职业学院,开封工程职业学院,河南省,开封市,专科,河南省教育厅,valid,pending,MOE,2026,截至2026年6月17日,1743,民办
s_39213dd26d24c4940ebe0d9e79c3023f,4141014306,开封文化艺术职业学院,开封文化艺术职业学院,河南省,开封市,专科,河南省,valid,pending,MOE,2026,截至2026年6月17日,1680,
s_a9adcbc2f037f8f10c94ea3da2b87e53,4141014794,开封职业学院,开封职业学院,河南省,开封市,专科,河南省教育厅,valid,pending,MOE,2026,截至2026年6月17日,1732,民办
s_ffaa431da3b4f6984bfd0afed961f299,4141014930,开封智慧健康职业学院,开封智慧健康职业学院,河南省,开封市,专科,河南省教育厅,valid,pending,MOE,2026,截至2026年6月17日,1744,民办
s_68ac7ca29fa2a279833314d8a3c8a169,4141014715,兰考三农职业学院,兰考三农职业学院,河南省,开封市,专科,河南省,valid,pending,MOE,2026,截至2026年6月17日,1715,
s_58eee8a01c003b5b3ae708ba86b0f75c,4141014717,林州建筑职业技术学院,林州建筑职业技术学院,河南省,安阳市,专科,河南省教育厅,valid,pending,MOE,2026,截至2026年6月17日,1717,民办
s_d44f05b4242e528c42267ea760dd28e8,4141014480,洛阳科技职业学院,洛阳科技职业学院,河南省,洛阳市,专科,河南省教育厅,valid,pending,MOE,2026,截至2026年6月17日,1698,民办
s_25671086d2db648ae690161fa87c11a3,4141011070,洛阳理工学院,洛阳理工学院,河南省,洛阳市,本科,河南省,valid,pending,MOE,2026,截至2026年6月17日,1591,
s_9d3a1e41b60214482b3849f74c7d66a8,4141014795,洛阳商业职业学院,洛阳商业职业学院,河南省,洛阳市,专科,河南省教育厅,valid,pending,MOE,2026,截至2026年6月17日,1733,民办
s_1e3dea42153be1137a80c3e02c2a2718,4141010482,洛阳师范学院,洛阳师范学院,河南省,洛阳市,本科,河南省,valid,pending,MOE,2026,截至2026年6月17日,1584,
s_128802dc013dcf7b47d03672cabaebc8,4141014750,洛阳文化旅游职业学院,洛阳文化旅游职业学院,河南省,洛阳市,专科,河南省,valid,pending,MOE,2026,截至2026年6月17日,1721,
s_28c0d18dbdc9b8d3e08e99e2c2a9aade,4141014383,洛阳职业技术学院,洛阳职业技术学院,河南省,洛阳市,专科,河南省,valid,pending,MOE,2026,截至2026年6月17日,1691,
s_693123f307ebdceff2bfa22a389d3013,4141014233,漯河食品工程职业大学,漯河食品工程职业大学,河南省,漯河市,本科,河南省教育厅,valid,pending,MOE,2026,截至2026年6月17日,1623,民办
s_6eccd60419d53114c159825f6565736c,4141013780,漯河医学高等专科学校,漯河医学高等专科学校,河南省,漯河市,专科,河南省,valid,pending,MOE,2026,截至2026年6月17日,1653,
s_b0dbee3815556ca43cf1c33271d6bf13,4141010835,漯河职业技术学院,漯河职业技术学院,河南省,漯河市,专科,河南省,valid,pending,MOE,2026,截至2026年6月17日,1634,
s_17136fab2317dd2c8ac0839dc0a5bc9a,4141014789,南阳工艺美术职业学院,南阳工艺美术职业学院,河南省,南阳市,专科,河南省,valid,pending,MOE,2026,截至2026年6月17日,1727,
s_a3ee45a9e4e36178148314884b46ec88,4141014714,南阳科技职业学院,南阳科技职业学院,河南省,南阳市,专科,河南省,valid,pending,MOE,2026,截至2026年6月17日,1714,
s_c377223766b2602d56db401e461111f5,4141011653,南阳理工学院,南阳理工学院,河南省,南阳市,本科,河南省,valid,pending,MOE,2026,截至2026年6月17日,1598,
s_049ee7534744100b688ff34156099ba4,4141014479,南阳农业职业学院,南阳农业职业学院,河南省,南阳市,专科,河南省,valid,pending,MOE,2026,截至2026年6月17日,1697,
s_8446e67ceb0dd394ce9d83e56909d467,4141010481,南阳师范学院,南阳师范学院,河南省,南阳市,本科,河南省,valid,pending,MOE,2026,截至2026年6月17日,1583,
s_dbb431dfeb53aca70e31925fc62299a5,4141013781,南阳医学高等专科学校,南阳医学高等专科学校,河南省,南阳市,专科,河南省,valid,pending,MOE,2026,截至2026年6月17日,1654,
s_1513b9d92803a3111c7ffcd123392397,4141014353,南阳职业学院,南阳职业学院,河南省,南阳市,专科,河南省教育厅,valid,pending,MOE,2026,截至2026年6月17日,1688,民办
s_8da731183b03fbb6ad39345dc7c6e15f,4141012748,平顶山工业职业技术学院,平顶山工业职业技术学院,河南省,平顶山市,专科,河南省,valid,pending,MOE,2026,截至2026年6月17日,1644,
s_27d59fffb83bb3790bdb67ca1f9a65e9,4141014932,平顶山科技职业学院,平顶山科技职业学院,河南省,平顶山市,专科,河南省教育厅,valid,pending,MOE,2026,截至2026年6月17日,1746,民办
s_803437d81e9234d89685626b9fab4c39,4141014530,平顶山文化艺术职业学院,平顶山文化艺术职业学院,河南省,平顶山市,专科,河南省教育厅,valid,pending,MOE,2026,截至2026年6月17日,1700,民办
s_6e290a83146429b61b83a73abc0520c0,4141010919,平顶山学院,平顶山学院,河南省,平顶山市,本科,河南省,valid,pending,MOE,2026,截至2026年6月17日,1589,
s_b907937c8c29ade3a9132446e6f53292,4241050709,平顶山职业技术学院,平顶山职业技术学院,河南省,平顶山市,专科,河南省,valid,pending,MOE,2026,截至2026年6月17日,1726,
s_4bfc0539e9df7462185f1d21bcf7bb28,4141014790,濮阳科技职业学院,濮阳科技职业学院,河南省,濮阳市,专科,河南省,valid,pending,MOE,2026,截至2026年6月17日,1728,
s_4ddc9f3df7a20bc3413bb94eb78c2469,4141014713,濮阳石油化工职业技术学院,濮阳石油化工职业技术学院,河南省,濮阳市,专科,河南省,valid,pending,MOE,2026,截至2026年6月17日,1713,
s_4a5eba8939b7197189a9161c129a077e,4141014597,濮阳医学高等专科学校,濮阳医学高等专科学校,河南省,濮阳市,专科,河南省,valid,pending,MOE,2026,截至2026年6月17日,1701,
s_66dcfb85be41b8e9d4f461b4098fbde9,4141011787,濮阳职业技术学院,濮阳职业技术学院,河南省,濮阳市,专科,河南省,valid,pending,MOE,2026,截至2026年6月17日,1638,
s_176d0aa2850912087d0e9303e097d26a,4141014716,汝州职业技术学院,汝州职业技术学院,河南省,平顶山市,专科,河南省,valid,pending,MOE,2026,截至2026年6月17日,1716,
s_e304cfb9a8a63545dbe30e65e6c23a1b,4141014606,三门峡社会管理职业学院,三门峡社会管理职业学院,河南省,三门峡市,专科,河南省,valid,pending,MOE,2026,截至2026年6月17日,1703,
s_5c933d0c81ee77d9f1075da098c1fb0d,4141010842,三门峡职业技术学院,三门峡职业技术学院,河南省,三门峡市,专科,河南省,valid,pending,MOE,2026,截至2026年6月17日,1635,
s_379acb61fd2d1fd415e62db6b48b7214,4141013500,商丘工学院,商丘工学院,河南省,商丘市,本科,河南省教育厅,valid,pending,MOE,2026,截至2026年6月17日,1608,民办
s_fe39628b5bfe59c6e15aa711c7dec884,4141010483,商丘师范学院,商丘师范学院,河南省,商丘市,本科,河南省,valid,pending,MOE,2026,截至2026年6月17日,1585,
s_fa4674639d18addf03ace4544ff3470d,4141014003,商丘学院,商丘学院,河南省,商丘市,本科,河南省教育厅,valid,pending,MOE,2026,截至2026年6月17日,1617,民办
s_183f7ba1456195524b6b5fa66b45849b,4141013782,商丘医学高等专科学校,商丘医学高等专科学校,河南省,商丘市,专科,河南省,valid,pending,MOE,2026,截至2026年6月17日,1655,
s_158d694391a01b94d75394a79ec9bd6c,4141014791,商丘幼儿师范高等专科学校,商丘幼儿师范高等专科学校,河南省,商丘市,专科,河南省,valid,pending,MOE,2026,截至2026年6月17日,1729,
s_6af4c29f73f7b3dcd2147489619ec3da,4141012745,商丘职业技术学院,商丘职业技术学院,河南省,商丘市,专科,河南省,valid,pending,MOE,2026,截至2026年6月17日,1643,
s_d5e84d702f00f6b7a33e0fee3b1be85c,4141013785,嵩山少林武术职业学院,嵩山少林武术职业学院,河南省,郑州市,专科,河南省教育厅,valid,pending,MOE,2026,截至2026年6月17日,1658,民办
s_7869618f8bd215d9de00ff699cd363e8,4141013506,新乡工程学院,新乡工程学院,河南省,新乡市,本科,河南省教育厅,valid,pending,MOE,2026,截至2026年6月17日,1614,民办
s_0766005850381d98ea0dcf8580991616,4141011071,新乡学院,新乡学院,河南省,新乡市,本科,河南省,valid,pending,MOE,2026,截至2026年6月17日,1592,
s_2b0cd47c8fc39c8b95a4f1a8663ace23,4141014245,新乡职业技术学院,新乡职业技术学院,河南省,新乡市,专科,河南省,valid,pending,MOE,2026,截至2026年6月17日,1673,
s_5b9ed7071565751254402ee5bd10d2e8,4141014863,信阳工程职业学院,信阳工程职业学院,河南省,信阳市,专科,河南省教育厅,valid,pending,MOE,2026,截至2026年6月17日,1740,民办
s_8a488681260e6ff9707ecc26a8bfc58e,4141014634,信阳航空职业学院,信阳航空职业学院,河南省,信阳市,专科,河南省教育厅,valid,pending,MOE,2026,截至2026年6月17日,1706,民办
s_b546e34283a0872db66dba62bdd54b8a,4141014862,信阳科技职业学院,信阳科技职业学院,河南省,信阳市,专科,河南省教育厅,valid,pending,MOE,2026,截至2026年6月17日,1739,民办
s_d8b43cc0916ccaac9334dfa904ce092b,4141011326,信阳农林学院,信阳农林学院,河南省,信阳市,本科,河南省,valid,pending,MOE,2026,截至2026年6月17日,1593,
s_ae848f592429fd344427e1d148566578,4141014351,信阳涉外职业技术学院,信阳涉外职业技术学院,河南省,信阳市,专科,河南省教育厅,valid,pending,MOE,2026,截至2026年6月17日,1686,民办
s_16e00700978303d96d1ccd2489ffac39,4141010477,信阳师范大学,信阳师范大学,河南省,信阳市,本科,河南省,valid,pending,MOE,2026,截至2026年6月17日,1579,
s_58eea00b31a3b3c7adc5aed48307bb58,4141013503,信阳学院,信阳学院,河南省,信阳市,本科,河南省教育厅,valid,pending,MOE,2026,截至2026年6月17日,1611,民办
s_7e2be0cfefb8c7a4906de2c4eb21726e,4141014752,信阳艺术职业学院,信阳艺术职业学院,河南省,信阳市,专科,河南省,valid,pending,MOE,2026,截至2026年6月17日,1723,
s_957157c2d22e41c78f1c4ae7aeae9316,4141013784,信阳职业技术学院,信阳职业技术学院,河南省,信阳市,专科,河南省,valid,pending,MOE,2026,截至2026年6月17日,1657,
s_34024e8c27a44bc3a19288533ad1a215,4141014350,许昌电气职业学院,许昌电气职业学院,河南省,许昌市,专科,河南省,valid,pending,MOE,2026,截至2026年6月17日,1685,
s_fd8c3fd3bfd8b51e60da9f29e7edb2ee,4141014301,许昌陶瓷职业学院,许昌陶瓷职业学院,河南省,许昌市,专科,河南省教育厅,valid,pending,MOE,2026,截至2026年6月17日,1676,民办
s_f2533cb9f8878179a83dd23720e8bb11,4141010480,许昌学院,许昌学院,河南省,许昌市,本科,河南省,valid,pending,MOE,2026,截至2026年6月17日,1582,
s_06b8911c929a545973c37c335cca60db,4141012067,许昌职业技术学院,许昌职业技术学院,河南省,许昌市,专科,河南省,valid,pending,MOE,2026,截至2026年6月17日,1640,
s_234f9a788f3e3e03b7dafd3338e28f67,4141013787,永城职业学院,永城职业学院,河南省,商丘市,专科,河南省,valid,pending,MOE,2026,截至2026年6月17日,1660,
s_70a90d0e063fcdf26639fd83b03fe55a,4141013505,豫北医学院,豫北医学院,河南省,新乡市,本科,河南省教育厅,valid,pending,MOE,2026,截至2026年6月17日,1613,民办
s_0cbf496a09ae2f9fd5d27eea2479127c,4141014305,长垣烹饪职业技术学院,长垣烹饪职业技术学院,河南省,新乡市,专科,河南省教育厅,valid,pending,MOE,2026,截至2026年6月17日,1679,民办
s_5639579002284f96c1df0ca375d3b7b4,4141013497,郑州财经学院,郑州财经学院,河南省,郑州市,本科,河南省教育厅,valid,pending,MOE,2026,截至2026年6月17日,1606,民办
s_850deee00f2c7fe690beed855ecb3815,4141014478,郑州财税金融职业学院,郑州财税金融职业学院,河南省,郑州市,专科,河南省,valid,pending,MOE,2026,截至2026年6月17日,1696,
s_b6b86a63a002b4e5c3a9844643856b77,4141014753,郑州城建职业学院,郑州城建职业学院,河南省,郑州市,专科,河南省教育厅,valid,pending,MOE,2026,截至2026年6月17日,1724,民办
s_4e88ba23aab455d080d20d4d560341aa,4141014235,郑州城市职业学院,郑州城市职业学院,河南省,郑州市,专科,河南省教育厅,valid,pending,MOE,2026,截至2026年6月17日,1671,民办
s_acff79a2dc571f3a3b3ce2ba4618900f,4141010459,郑州大学,郑州大学,河南省,郑州市,本科,河南省,valid,pending,MOE,2026,截至2026年6月17日,1566,
s_36d235393af72c79dc75a6ae0e4519ef,4141011828,郑州电力高等专科学校,郑州电力高等专科学校,河南省,郑州市,专科,河南省,valid,pending,MOE,2026,截至2026年6月17日,1639,
s_1858900793382c6ff4539c7239e3b2e6,4141014062,郑州电力职业技术学院,郑州电力职业技术学院,河南省,郑州市,专科,河南省教育厅,valid,pending,MOE,2026,截至2026年6月17日,1669,民办
s_0f074f1ef0f8d2cc93dffdbf8012103f,4141014718,郑州电子商务职业学院,郑州电子商务职业学院,河南省,郑州市,专科,河南省教育厅,valid,pending,MOE,2026,截至2026年6月17日,1718,民办
s_b75852522b00d6720c4eaa11d435c7b9,4141013783,郑州电子信息职业技术学院,郑州电子信息职业技术学院,河南省,郑州市,专科,河南省教育厅,valid,pending,MOE,2026,截至2026年6月17日,1656,民办
s_aff9ab899096c5f5308e67dbecf902b1,4141011068,郑州工程技术学院,郑州工程技术学院,河南省,郑州市,本科,河南省,valid,pending,MOE,2026,截至2026年6月17日,1590,
s_8922eee3749e39ab3cec58c5a60cab3e,4141013507,郑州工商学院,郑州工商学院,河南省,郑州市,本科,河南省教育厅,valid,pending,MOE,2026,截至2026年6月17日,1615,民办
s_edebd13642196815326f60ad332e1e76,4141013786,郑州工业安全职业学院,郑州工业安全职业学院,河南省,郑州市,专科,河南省,valid,pending,MOE,2026,截至2026年6月17日,1659,
s_ee9c561b396f0cb872fe92ed8f66cd17,4141012747,郑州工业应用技术学院,郑州工业应用技术学院,河南省,郑州市,本科,河南省教育厅,valid,pending,MOE,2026,截至2026年6月17日,1604,民办
s_ac6db854e88762b91e905aecfefda5da,4141014719,郑州轨道工程职业学院,郑州轨道工程职业学院,河南省,郑州市,专科,河南省教育厅,valid,pending,MOE,2026,截至2026年6月17日,1719,民办
s_77c075a14fbe8c2370ce8ba2ad7c7bef,4141010485,郑州航空工业管理学院,郑州航空工业管理学院,河南省,郑州市,本科,河南省,valid,pending,MOE,2026,截至2026年6月17日,1587,
s_07077efe253323d6e0dfa850d24ea600,4141014405,郑州黄河护理职业学院,郑州黄河护理职业学院,河南省,郑州市,专科,河南省教育厅,valid,pending,MOE,2026,截至2026年6月17日,1694,民办
s_9df9d168b16c4566335a22316ed95551,4141012948,郑州健康学院,郑州健康学院,河南省,郑州市,本科,河南省教育厅,valid,pending,MOE,2026,截至2026年6月17日,1625,民办
s_484bd142d1d726f2b7e48880e2eb937e,4141013508,郑州经贸学院,郑州经贸学院,河南省,郑州市,本科,河南省教育厅,valid,pending,MOE,2026,截至2026年6月17日,1616,民办
s_1cc4fae4c52d4185dcce304bfee1a7b7,4141012735,郑州警察学院,郑州警察学院,河南省,郑州市,本科,公安部,valid,pending,MOE,2026,截至2026年6月17日,1602,
s_eba8065b2db055a5443357783a554a8b,4141012746,郑州科技学院,郑州科技学院,河南省,郑州市,本科,河南省教育厅,valid,pending,MOE,2026,截至2026年6月17日,1603,民办
s_8538eeda8fbf8b82480d54a062cbb54e,4141014302,郑州理工职业学院,郑州理工职业学院,河南省,郑州市,专科,河南省教育厅,valid,pending,MOE,2026,截至2026年6月17日,1677,民办
s_eecbeefd626f5e434e78c639a6091865,4141013791,郑州旅游职业学院,郑州旅游职业学院,河南省,郑州市,专科,河南省,valid,pending,MOE,2026,截至2026年6月17日,1664,
s_5c98bd71c74efd052d9273e50b5e6bc4,4141014831,郑州美术学院,郑州美术学院,河南省,郑州市,本科,河南省教育厅,valid,pending,MOE,2026,截至2026年6月17日,1622,民办
s_a0fe73285c50b500d35e99e9165b0689,4141014813,郑州汽车工程职业学院,郑州汽车工程职业学院,河南省,郑州市,专科,河南省教育厅,valid,pending,MOE,2026,截至2026年6月17日,1737,民办
s_6f690d41a1544f5862acdbcfb521ae42,4141010462,郑州轻工业大学,郑州轻工业大学,河南省,郑州市,本科,河南省,valid,pending,MOE,2026,截至2026年6月17日,1568,
s_3d1331e2c21e86997efb23049dada2e0,4141014796,郑州软件职业技术学院,郑州软件职业技术学院,河南省,郑州市,专科,河南省教育厅,valid,pending,MOE,2026,截至2026年6月17日,1734,民办
s_aec09f4470cb643052d918fdb7fb6f14,4141014380,郑州商贸旅游职业学院,郑州商贸旅游职业学院,河南省,郑州市,专科,河南省教育厅,valid,pending,MOE,2026,截至2026年6月17日,1689,民办
s_580d95185b01af0b03cfb1aae35eb0e8,4141014040,郑州商学院,郑州商学院,河南省,郑州市,本科,河南省教育厅,valid,pending,MOE,2026,截至2026年6月17日,1618,民办
s_a4944e692c3c5034dc05a0974022c644,4141014333,郑州升达经贸管理学院,郑州升达经贸管理学院,河南省,郑州市,本科,河南省教育厅,valid,pending,MOE,2026,截至2026年6月17日,1620,民办
s_4c38db3a1faeea638379fb9b07ac8f32,4141012949,郑州师范学院,郑州师范学院,河南省,郑州市,本科,河南省,valid,pending,MOE,2026,截至2026年6月17日,1605,
s_476e706447e3ad8b4314e8e63421c498,4141014812,郑州食品工程职业学院,郑州食品工程职业学院,河南省,郑州市,专科,河南省教育厅,valid,pending,MOE,2026,截至2026年6月17日,1736,民办
s_b12a722502fdea91e3f762d321a19811,4141014720,郑州体育职业学院,郑州体育职业学院,河南省,郑州市,专科,河南省教育厅,valid,pending,MOE,2026,截至2026年6月17日,1720,民办
s_14b0d5233ba47b7cd7965d9c6bb0aecb,4141010843,郑州铁路职业技术大学,郑州铁路职业技术大学,河南省,郑州市,本科,河南省,valid,pending,MOE,2026,截至2026年6月17日,1631,
s_1762b00c0fca2f05db7c9fde6f0448be,4141014635,郑州卫生健康职业学院,郑州卫生健康职业学院,河南省,郑州市,专科,河南省,valid,pending,MOE,2026,截至2026年6月17日,1707,
s_b6605ae37be99d33994668652ec5aa5a,4141014654,郑州西亚斯学院,郑州西亚斯学院,河南省,郑州市,本科,河南省教育厅,valid,pending,MOE,2026,截至2026年6月17日,1621,民办
s_ea8ed0674cc157062f6cd92884f4b7f6,4141014303,郑州信息工程职业学院,郑州信息工程职业学院,河南省,郑州市,专科,河南省教育厅,valid,pending,MOE,2026,截至2026年6月17日,1678,民办
s_5468aab95f4c13a8032a6c1d5a7c130f,4141013565,郑州信息科技职业学院,郑州信息科技职业学院,河南省,郑州市,专科,河南省,valid,pending,MOE,2026,截至2026年6月17日,1652,
s_262f8d9ec3dc25b1cdae9fca1a20c911,4141014685,郑州亚欧交通职业学院,郑州亚欧交通职业学院,河南省,郑州市,专科,河南省教育厅,valid,pending,MOE,2026,截至2026年6月17日,1710,中外合作办学及内地与港澳合作办学
s_74c2774d1725e1672a3671e2a9f1af7d,4141014754,郑州医药健康职业学院,郑州医药健康职业学院,河南省,郑州市,专科,河南省教育厅,valid,pending,MOE,2026,截至2026年6月17日,1725,民办
s_c6d071f5339f439b9e02112cc5f2e940,4141014391,郑州幼儿师范高等专科学校,郑州幼儿师范高等专科学校,河南省,郑州市,专科,河南省,valid,pending,MOE,2026,截至2026年6月17日,1692,
s_d84577f51064efbfdb390d12f77235af,4141013792,郑州职业技术学院,郑州职业技术学院,河南省,郑州市,专科,河南省,valid,pending,MOE,2026,截至2026年6月17日,1665,
s_e297ac9d27f2fee4983ec38b51f4b87d,4141014797,郑州智能科技职业学院,郑州智能科技职业学院,河南省,郑州市,专科,河南省教育厅,valid,pending,MOE,2026,截至2026年6月17日,1735,民办
s_fb1a54ac4e1598ee6a72aa128015b907,4141010465,中原工学院,中原工学院,河南省,郑州市,本科,河南省,valid,pending,MOE,2026,截至2026年6月17日,1571,
s_fa4efdbfbc17aa4427f065b4574737f6,4141013502,中原科技学院,中原科技学院,河南省,郑州市,本科,河南省教育厅,valid,pending,MOE,2026,截至2026年6月17日,1610,民办
s_1601cd02b171a1d878f041fdca9812a7,4141014864,周口城市职业学院,周口城市职业学院,河南省,周口市,专科,河南省教育厅,valid,pending,MOE,2026,截至2026年6月17日,1741,民办
s_ca5fae45626f2d45a6bd0d33f473ac91,4141014792,周口理工职业学院,周口理工职业学院,河南省,周口市,专科,河南省,valid,pending,MOE,2026,截至2026年6月17日,1730,
s_b4d5b2b58df57c2d34b6cf8978c178e3,4141010478,周口师范学院,周口师范学院,河南省,周口市,本科,河南省,valid,pending,MOE,2026,截至2026年6月17日,1580,
s_10e96eb43dd04044c578080fb5309e49,4141014751,周口文理职业学院,周口文理职业学院,河南省,周口市,专科,河南省,valid,pending,MOE,2026,截至2026年6月17日,1722,
s_eb34926276eb5b90a0fcd5101a6c06c2,4141012750,周口职业技术学院,周口职业技术学院,河南省,周口市,专科,河南省,valid,pending,MOE,2026,截至2026年6月17日,1645,
s_1691bc74d3c53a1bcee7db4f6751f32e,4141014931,周口智慧能源职业学院,周口智慧能源职业学院,河南省,周口市,专科,河南省教育厅,valid,pending,MOE,2026,截至2026年6月17日,1745,民办
s_8823aa20f44b80e2b9219985dc811100,4141014861,驻马店农业工程职业学院,驻马店农业工程职业学院,河南省,驻马店市,专科,河南省,valid,pending,MOE,2026,截至2026年6月17日,1738,
s_f0b6343b4d5f510538f099f53c696a23,4141014598,驻马店幼儿师范高等专科学校,驻马店幼儿师范高等专科学校,河南省,驻马店市,专科,河南省,valid,pending,MOE,2026,截至2026年6月17日,1702,
s_f60737578ac8cb97239f804e60695d79,4141014251,驻马店职业技术学院,驻马店职业技术学院,河南省,驻马店市,专科,河南省,valid,pending,MOE,2026,截至2026年6月17日,1674,
s_939872f2031e4e9beb471d523e4c0840,4123010235,大庆师范学院,大庆师范学院,黑龙江省,大庆市,本科,黑龙江省,valid,pending,MOE,2026,截至2026年6月17日,631,
s_8d8ba0a5f17178eeef4e33c457bd21ea,4123014017,大庆医学高等专科学校,大庆医学高等专科学校,黑龙江省,大庆市,专科,黑龙江省,valid,pending,MOE,2026,截至2026年6月17日,681,
s_1350da9fc715132116349da20f15e886,4123012718,大庆职业学院,大庆职业学院,黑龙江省,大庆市,专科,黑龙江省,valid,pending,MOE,2026,截至2026年6月17日,661,
s_f6215064c9d7e4f49c067994797da404,4123012908,大兴安岭职业学院,大兴安岭职业学院,黑龙江省,大兴安岭地区,专科,黑龙江省,valid,pending,MOE,2026,截至2026年6月17日,669,
s_098040df1a9c8aab0f3463e8c4d78d67,4123010225,东北林业大学,东北林业大学,黑龙江省,哈尔滨市,本科,教育部,valid,pending,MOE,2026,截至2026年6月17日,623,
s_3e3cbaef0b2b5bfd5b10333d7a2e8e3e,4123010224,东北农业大学,东北农业大学,黑龙江省,哈尔滨市,本科,黑龙江省,valid,pending,MOE,2026,截至2026年6月17日,622,
s_85f5d5e898039c0a518befc6650a42fc,4123010220,东北石油大学,东北石油大学,黑龙江省,大庆市,本科,黑龙江省,valid,pending,MOE,2026,截至2026年6月17日,619,
s_4cc28fd338f9859bff513bf015fd1f4a,4123014633,哈尔滨北方航空职业技术学院,哈尔滨北方航空职业技术学院,黑龙江省,哈尔滨市,专科,黑龙江省教育厅,valid,pending,MOE,2026,截至2026年6月17日,691,民办
s_55f60abb845e4ee37424e9457f2c925e,4123013451,哈尔滨城市职业学院,哈尔滨城市职业学院,黑龙江省,哈尔滨市,专科,黑龙江省教育厅,valid,pending,MOE,2026,截至2026年6月17日,674,民办
s_d7aef3a466371d805cc2a7bc2c0e40b6,4123013302,哈尔滨传媒职业学院,哈尔滨传媒职业学院,黑龙江省,哈尔滨市,专科,黑龙江省教育厅,valid,pending,MOE,2026,截至2026年6月17日,671,民办
s_9d03f1c4d7a4d35bd452af60a313c671,4123012906,哈尔滨电力职业技术学院,哈尔滨电力职业技术学院,黑龙江省,哈尔滨市,专科,黑龙江省,valid,pending,MOE,2026,截至2026年6月17日,667,
s_c779f8adfec74b9a3d2f2911ee94fcb2,4123010217,哈尔滨工程大学,哈尔滨工程大学,黑龙江省,哈尔滨市,本科,工业和信息化部,valid,pending,MOE,2026,截至2026年6月17日,617,
s_8d2e38305f42484635335ecee9aaf43d,4123010213,哈尔滨工业大学,哈尔滨工业大学,黑龙江省,哈尔滨市,本科,工业和信息化部,valid,pending,MOE,2026,截至2026年6月17日,615,
s_3df5b2fcc01ba0bdbb5ab4ef5c759d5d,4123013306,哈尔滨广厦学院,哈尔滨广厦学院,黑龙江省,哈尔滨市,本科,黑龙江省教育厅,valid,pending,MOE,2026,截至2026年6月17日,649,民办
s_cfdba2a70c6578c793fb20e9a91bfcac,4123013307,哈尔滨华德学院,哈尔滨华德学院,黑龙江省,哈尔滨市,本科,黑龙江省教育厅,valid,pending,MOE,2026,截至2026年6月17日,650,民办
s_bba1b130066ccb003292e25294a245ac,4123012053,哈尔滨建筑科技职业大学,哈尔滨建筑科技职业大学,黑龙江省,哈尔滨市,本科,黑龙江省,valid,pending,MOE,2026,截至2026年6月17日,655,
s_843e88a1ac4b3a28152a64b2255405b2,4123013303,哈尔滨剑桥学院,哈尔滨剑桥学院,黑龙江省,哈尔滨市,本科,黑龙江省教育厅,valid,pending,MOE,2026,截至2026年6月17日,647,民办
s_02b016b992140c9bca48b385a2de5fe6,4123014956,哈尔滨健康职业学院,哈尔滨健康职业学院,黑龙江省,哈尔滨市,专科,黑龙江省教育厅,valid,pending,MOE,2026,截至2026年6月17日,694,民办
s_28a3a9391046e94f015b6d082a2cc83c,4123010245,哈尔滨金融学院,哈尔滨金融学院,黑龙江省,哈尔滨市,本科,黑龙江省,valid,pending,MOE,2026,截至2026年6月17日,635,
s_2b4da314b053c3f3cfec9c1d46cc1cc5,4123014108,哈尔滨科学技术职业学院,哈尔滨科学技术职业学院,黑龙江省,哈尔滨市,专科,黑龙江省,valid,pending,MOE,2026,截至2026年6月17日,685,
s_6b68c810d47e32d48e564bd75cd880c6,4123010214,哈尔滨理工大学,哈尔滨理工大学,黑龙江省,哈尔滨市,本科,黑龙江省,valid,pending,MOE,2026,截至2026年6月17日,616,
s_17189d0f6b16ca9d6e59bfd11c36b1a2,4123014911,哈尔滨商贸职业学院,哈尔滨商贸职业学院,黑龙江省,哈尔滨市,专科,黑龙江省教育厅,valid,pending,MOE,2026,截至2026年6月17日,692,民办
s_7d2ba573ded90865c14dec4b08e8fb1f,4123010240,哈尔滨商业大学,哈尔滨商业大学,黑龙江省,哈尔滨市,本科,黑龙江省,valid,pending,MOE,2026,截至2026年6月17日,633,
s_7ee73987be7695c9095916f0bc955867,4123010231,哈尔滨师范大学,哈尔滨师范大学,黑龙江省,哈尔滨市,本科,黑龙江省,valid,pending,MOE,2026,截至2026年6月17日,627,
s_becd4aa65e1cbcd6e5b5b3fa2e339845,4123013299,哈尔滨石油学院,哈尔滨石油学院,黑龙江省,哈尔滨市,本科,黑龙江省教育厅,valid,pending,MOE,2026,截至2026年6月17日,644,民办
s_99416c011997e1c9637db85875a41c49,4123010242,哈尔滨体育学院,哈尔滨体育学院,黑龙江省,哈尔滨市,本科,黑龙江省,valid,pending,MOE,2026,截至2026年6月17日,634,
s_f4cc3f1547a61626dad49bb6ba9226da,4123012907,哈尔滨铁道职业技术学院,哈尔滨铁道职业技术学院,黑龙江省,哈尔滨市,专科,黑龙江省,valid,pending,MOE,2026,截至2026年6月17日,668,
s_4c10f3a690de6248b08557bf0967419f,4123011635,哈尔滨信息工程学院,哈尔滨信息工程学院,黑龙江省,哈尔滨市,本科,黑龙江省教育厅,valid,pending,MOE,2026,截至2026年6月17日,639,民办
s_1978ea8a64f4dbab5465c108d21107ee,4123010234,哈尔滨学院,哈尔滨学院,黑龙江省,哈尔滨市,本科,黑龙江省,valid,pending,MOE,2026,截至2026年6月17日,630,
s_9e3d77284dbc4d0d48d9020820c98a19,4123010226,哈尔滨医科大学,哈尔滨医科大学,黑龙江省,哈尔滨市,本科,黑龙江省,valid,pending,MOE,2026,截至2026年6月17日,624,
s_ac9194d979ddbbe138f8b6480e91a0d2,4123014560,哈尔滨音乐学院,哈尔滨音乐学院,黑龙江省,哈尔滨市,本科,黑龙江省,valid,pending,MOE,2026,截至2026年6月17日,652,
s_f919abb40b78164fb511d85e0d1a2479,4123014055,哈尔滨应用职业技术学院,哈尔滨应用职业技术学院,黑龙江省,哈尔滨市,专科,黑龙江省教育厅,valid,pending,MOE,2026,截至2026年6月17日,683,民办
s_545007e9218c176441bd6bd3e0833cd4,4123014425,哈尔滨幼儿师范高等专科学校,哈尔滨幼儿师范高等专科学校,黑龙江省,哈尔滨市,专科,黑龙江省,valid,pending,MOE,2026,截至2026年6月17日,689,
s_8d5e4581023df1469b7537c0448f9702,4123013301,哈尔滨远东理工学院,哈尔滨远东理工学院,黑龙江省,哈尔滨市,本科,黑龙江省教育厅,valid,pending,MOE,2026,截至2026年6月17日,646,民办
s_086181f45896d0adaafdb0f3b053950c,4123012911,哈尔滨职业技术大学,哈尔滨职业技术大学,黑龙江省,哈尔滨市,本科,黑龙江省,valid,pending,MOE,2026,截至2026年6月17日,653,
s_d2d93ab7a593711bfe83f1cdc1cb06c9,4123012905,鹤岗师范高等专科学校,鹤岗师范高等专科学校,黑龙江省,鹤岗市,专科,黑龙江省,valid,pending,MOE,2026,截至2026年6月17日,666,
s_769d5ce8e98e18caba4ef7fc5ab9ba8d,4123013744,黑河学院,黑河学院,黑龙江省,黑河市,本科,黑龙江省,valid,pending,MOE,2026,截至2026年6月17日,651,
s_e3c2efc595ecf1c6f21a7e29005edc53,4123010223,黑龙江八一农垦大学,黑龙江八一农垦大学,黑龙江省,大庆市,本科,黑龙江省,valid,pending,MOE,2026,截至2026年6月17日,621,
s_1ba93b86b98cdebd2800891f3de6fc20,4123014540,黑龙江冰雪体育职业学院,黑龙江冰雪体育职业学院,黑龙江省,哈尔滨市,专科,黑龙江省,valid,pending,MOE,2026,截至2026年6月17日,690,
s_8ec91efce7e1fa17a90758ccae1f4c8a,4123013298,黑龙江财经学院,黑龙江财经学院,黑龙江省,哈尔滨市,本科,黑龙江省教育厅,valid,pending,MOE,2026,截至2026年6月17日,643,民办
s_c90f58f6514188d7365c0fb9369f1f0a,4123010212,黑龙江大学,黑龙江大学,黑龙江省,哈尔滨市,本科,黑龙江省,valid,pending,MOE,2026,截至2026年6月17日,614,
s_9759349296c177e02a41e4fa75a034ae,4123011446,黑龙江东方学院,黑龙江东方学院,黑龙江省,哈尔滨市,本科,黑龙江省教育厅,valid,pending,MOE,2026,截至2026年6月17日,638,民办
s_d2ca8babf99a58ff5a07207258259b59,4123011802,黑龙江工程学院,黑龙江工程学院,黑龙江省,哈尔滨市,本科,黑龙江省,valid,pending,MOE,2026,截至2026年6月17日,640,
s_13455cacd0e76af1bde29e2de3559cb5,4123013304,黑龙江工程学院昆仑旅游学院,黑龙江工程学院昆仑旅游学院,黑龙江省,哈尔滨市,本科,黑龙江省教育厅,valid,pending,MOE,2026,截至2026年6月17日,648,民办
s_5ba69377ba89cf630629b205f49f4748,4123013300,黑龙江工商学院,黑龙江工商学院,黑龙江省,哈尔滨市,本科,黑龙江省教育厅,valid,pending,MOE,2026,截至2026年6月17日,645,民办
s_e19c09738a526f0ef6cc8e386d5167c2,4123011445,黑龙江工业学院,黑龙江工业学院,黑龙江省,鸡西市,本科,黑龙江省,valid,pending,MOE,2026,截至2026年6月17日,637,
s_058b0671206d6c9578a114b2d0e43057,4123013449,黑龙江公安警官职业学院,黑龙江公安警官职业学院,黑龙江省,哈尔滨市,专科,黑龙江省,valid,pending,MOE,2026,截至2026年6月17日,673,
s_2d6988f2b8d846974cac02dca8fd8dad,4123014272,黑龙江护理高等专科学校,黑龙江护理高等专科学校,黑龙江省,哈尔滨市,专科,黑龙江省,valid,pending,MOE,2026,截至2026年6月17日,687,
s_85075dffcf269824fc18cc0ce0f503ce,4123014053,黑龙江交通职业技术学院,黑龙江交通职业技术学院,黑龙江省,哈尔滨市,专科,黑龙江省,valid,pending,MOE,2026,截至2026年6月17日,682,
s_86a2d12b329964f93c155cd51940260b,4123010219,黑龙江科技大学,黑龙江科技大学,黑龙江省,哈尔滨市,本科,黑龙江省,valid,pending,MOE,2026,截至2026年6月17日,618,
s_d60323430a5b8e9e2ea02d2f5fa3a19f,4123012724,黑龙江林业职业技术学院,黑龙江林业职业技术学院,黑龙江省,牡丹江市,专科,黑龙江省,valid,pending,MOE,2026,截至2026年6月17日,662,
s_cedf5318fd87955ae3259147c10d2517,4123013729,黑龙江旅游职业技术学院,黑龙江旅游职业技术学院,黑龙江省,哈尔滨市,专科,黑龙江省,valid,pending,MOE,2026,截至2026年6月17日,675,
s_f5459dd1a667e93a7de22243afac0a3c,4123013935,黑龙江民族职业学院,黑龙江民族职业学院,黑龙江省,哈尔滨市,专科,黑龙江省,valid,pending,MOE,2026,截至2026年6月17日,680,
s_37cf26c62e558d2c009ec51e4af29672,4123013732,黑龙江能源职业学院,黑龙江能源职业学院,黑龙江省,双鸭山市,专科,黑龙江省,valid,pending,MOE,2026,截至2026年6月17日,678,
s_e3e58308ad7f25e07d19e7b1443277b6,4123012727,黑龙江农垦职业学院,黑龙江农垦职业学院,黑龙江省,哈尔滨市,专科,黑龙江省,valid,pending,MOE,2026,截至2026年6月17日,664,
s_90e98f07a4c40f68dffaf265f3d66c27,4123012726,黑龙江农业工程职业技术大学,黑龙江农业工程职业技术大学,黑龙江省,哈尔滨市,本科,黑龙江省,valid,pending,MOE,2026,截至2026年6月17日,654,
s_eca1a282cbba3bf65c1b53f39ec92e23,4123012910,黑龙江农业经济职业学院,黑龙江农业经济职业学院,黑龙江省,牡丹江市,专科,黑龙江省,valid,pending,MOE,2026,截至2026年6月17日,670,
s_498330d2553395973987765fd3a95277,4123012725,黑龙江农业职业技术学院,黑龙江农业职业技术学院,黑龙江省,佳木斯市,专科,黑龙江省,valid,pending,MOE,2026,截至2026年6月17日,663,
s_04e1226d0a2ac1205f796b702022eb34,4123013730,黑龙江三江美术职业学院,黑龙江三江美术职业学院,黑龙江省,佳木斯市,专科,黑龙江省教育厅,valid,pending,MOE,2026,截至2026年6月17日,676,民办
s_c62c63cb068586fb65c8cefd816c639f,4123013448,黑龙江商业职业学院,黑龙江商业职业学院,黑龙江省,牡丹江市,专科,黑龙江省,valid,pending,MOE,2026,截至2026年6月17日,672,
s_ebf95efbaf4239e3453b99292986b77a,4123013731,黑龙江生态工程职业学院,黑龙江生态工程职业学院,黑龙江省,哈尔滨市,专科,黑龙江省,valid,pending,MOE,2026,截至2026年6月17日,677,
s_85217fee37fb0fadbdce020383b81990,4123012728,黑龙江司法警官职业学院,黑龙江司法警官职业学院,黑龙江省,哈尔滨市,专科,黑龙江省,valid,pending,MOE,2026,截至2026年6月17日,665,
s_01538b064cbd6f055c8f904faaf51077,4123013296,黑龙江外国语学院,黑龙江外国语学院,黑龙江省,哈尔滨市,本科,黑龙江省教育厅,valid,pending,MOE,2026,截至2026年6月17日,642,民办
s_c0f1ab5989bd6f9c9a346814d0d91087,4123012490,黑龙江艺术职业学院,黑龙江艺术职业学院,黑龙江省,哈尔滨市,专科,黑龙江省,valid,pending,MOE,2026,截至2026年6月17日,660,
s_7b6ec1860cb4681b20defe1b4c650c6f,4123014095,黑龙江幼儿师范高等专科学校,黑龙江幼儿师范高等专科学校,黑龙江省,牡丹江市,专科,黑龙江省,valid,pending,MOE,2026,截至2026年6月17日,684,
s_87e28c6b2829cd964c70454d3cd144a1,4123011449,黑龙江职业学院,黑龙江职业学院,黑龙江省,哈尔滨市,专科,黑龙江省,valid,pending,MOE,2026,截至2026年6月17日,659,
s_9c11e14d6a911b04945ec6e9f40a18f8,4123010228,黑龙江中医药大学,黑龙江中医药大学,黑龙江省,哈尔滨市,本科,黑龙江省,valid,pending,MOE,2026,截至2026年6月17日,625,
s_78fbfc1bad9b5b96b83add96afb67b54,4123010222,佳木斯大学,佳木斯大学,黑龙江省,佳木斯市,本科,黑龙江省,valid,pending,MOE,2026,截至2026年6月17日,620,
s_71c132a32b4c09b63c358663e26707b9,4123014178,佳木斯职业学院,佳木斯职业学院,黑龙江省,佳木斯市,专科,黑龙江省,valid,pending,MOE,2026,截至2026年6月17日,686,
s_2a29eeacdb15ef39fb80722c34f4bbcd,4123011046,牡丹江大学,牡丹江大学,黑龙江省,牡丹江市,专科,黑龙江省,valid,pending,MOE,2026,截至2026年6月17日,658,
s_1f8624df622dd686725bca8f20c80a17,4123010233,牡丹江师范学院,牡丹江师范学院,黑龙江省,牡丹江市,本科,黑龙江省,valid,pending,MOE,2026,截至2026年6月17日,629,
s_a593e970e92ff473f452748f197530e1,4123010229,牡丹江医科大学,牡丹江医科大学,黑龙江省,牡丹江市,本科,黑龙江省,valid,pending,MOE,2026,截至2026年6月17日,626,
s_24cf2b37e9477f77bd1e8b674f3f0d9a,4123013918,七台河职业学院,七台河职业学院,黑龙江省,七台河市,专科,黑龙江省,valid,pending,MOE,2026,截至2026年6月17日,679,
s_5e905f8e3ae9005c506e1920e589c00a,4123010232,齐齐哈尔大学,齐齐哈尔大学,黑龙江省,齐齐哈尔市,本科,黑龙江省,valid,pending,MOE,2026,截至2026年6月17日,628,
s_556651f413cadeddc7d7b92720b5a6cf,4123010238,齐齐哈尔高等师范专科学校,齐齐哈尔高等师范专科学校,黑龙江省,齐齐哈尔市,专科,黑龙江省,valid,pending,MOE,2026,截至2026年6月17日,656,
s_3473045e11586f53aaf83b70047d067e,4123012729,齐齐哈尔工程学院,齐齐哈尔工程学院,黑龙江省,齐齐哈尔市,本科,黑龙江省教育厅,valid,pending,MOE,2026,截至2026年6月17日,641,民办
s_43f48c86ca08072f15926950b3d9365c,4123014400,齐齐哈尔理工职业学院,齐齐哈尔理工职业学院,黑龙江省,齐齐哈尔市,专科,黑龙江省教育厅,valid,pending,MOE,2026,截至2026年6月17日,688,民办
s_7c315de238683003b8dbedd73eb0f3fd,4123014912,齐齐哈尔立德健康职业学院,齐齐哈尔立德健康职业学院,黑龙江省,齐齐哈尔市,专科,黑龙江省教育厅,valid,pending,MOE,2026,截至2026年6月17日,693,民办
s_9df864800162b62ae865288189e380da,4123011230,齐齐哈尔医学院,齐齐哈尔医学院,黑龙江省,齐齐哈尔市,本科,黑龙江省,valid,pending,MOE,2026,截至2026年6月17日,636,
s_da1a55a7f017010127a3fd8143f33fa9,4123010236,绥化学院,绥化学院,黑龙江省,绥化市,本科,黑龙江省,valid,pending,MOE,2026,截至2026年6月17日,632,
s_6d9c258e37256d383b7f0eac40e4baac,4123010872,伊春职业学院,伊春职业学院,黑龙江省,伊春市,专科,黑龙江省,valid,pending,MOE,2026,截至2026年6月17日,657,
s_263986204c4ca3799fcd5d3acdcdb4d2,4142011335,鄂州职业大学,鄂州职业大学,湖北省,鄂州市,专科,湖北省,valid,pending,MOE,2026,截至2026年6月17日,1825,
s_7e8fa18419e410a0f81393ca1d4bb0af,4142012347,恩施职业技术学院,恩施职业技术学院,湖北省,恩施土家族苗族自治州,专科,湖北省,valid,pending,MOE,2026,截至2026年6月17日,1829,
s_46a913a0bcb0aba546a9f352f261bb65,4142010518,汉江师范学院,汉江师范学院,湖北省,十堰市,本科,湖北省,valid,pending,MOE,2026,截至2026年6月17日,1765,
s_1099a635fad14a04099760d385872c8a,4142011800,汉口学院,汉口学院,湖北省,武汉市,本科,湖北省教育厅,valid,pending,MOE,2026,截至2026年6月17日,1784,民办
s_32463d654968ea696447a1dc0d5aed0e,4142013798,湖北财税职业学院,湖北财税职业学院,湖北省,武汉市,专科,湖北省,valid,pending,MOE,2026,截至2026年6月17日,1859,
s_ec241499fa319d2f8ac3c2294d494e7f,4142012983,湖北城市建设职业技术学院,湖北城市建设职业技术学院,湖北省,武汉市,专科,湖北省,valid,pending,MOE,2026,截至2026年6月17日,1843,
s_c359a797a223072450aaf95ef3726eaa,4142010512,湖北大学,湖北大学,湖北省,武汉市,本科,湖北省,valid,pending,MOE,2026,截至2026年6月17日,1761,
s_930d6f745a10a42f9ea9dc9c58ba3427,4142013234,湖北大学知行学院,湖北大学知行学院,湖北省,武汉市,本科,湖北省教育厅,valid,pending,MOE,2026,截至2026年6月17日,1789,民办
s_8c48e3f32c8b01c90963f0a76e45c6c9,4142014099,湖北第二师范学院,湖北第二师范学院,湖北省,武汉市,本科,湖北省,valid,pending,MOE,2026,截至2026年6月17日,1815,
s_7217ec5f3956012411a2109d19814fbc,4142013250,湖北恩施学院,湖北恩施学院,湖北省,恩施土家族苗族自治州,本科,湖北省教育厅,valid,pending,MOE,2026,截至2026年6月17日,1803,民办
s_3aaced6e522cec142cc624bcc8ed6dae,4142010528,湖北工程学院,湖北工程学院,湖北省,孝感市,本科,湖北省,valid,pending,MOE,2026,截至2026年6月17日,1772,
s_4560c1d8b4c3cd4bf49024292b45ecbe,4142013258,湖北工程学院新技术学院,湖北工程学院新技术学院,湖北省,孝感市,本科,湖北省教育厅,valid,pending,MOE,2026,截至2026年6月17日,1808,民办
s_163b6ed1c9aedf3f409fd506c4ead984,4142014197,湖北工程职业学院,湖北工程职业学院,湖北省,黄石市,专科,湖北省,valid,pending,MOE,2026,截至2026年6月17日,1865,
s_bc8eee06c72d0425907387f835cb5295,4142010500,湖北工业大学,湖北工业大学,湖北省,武汉市,本科,湖北省,valid,pending,MOE,2026,截至2026年6月17日,1757,
s_96815c4c1747be24bd7ffd70d086ba44,4142013238,湖北工业大学工程技术学院,湖北工业大学工程技术学院,湖北省,武汉市,本科,湖北省教育厅,valid,pending,MOE,2026,截至2026年6月17日,1793,民办
s_3cc3dd3d9004a8866cd692fea63dea88,4142011334,湖北工业职业技术学院,湖北工业职业技术学院,湖北省,十堰市,专科,湖北省,valid,pending,MOE,2026,截至2026年6月17日,1824,
s_84666ba258a274e008cdc0ea0ec9c4dc,4142013800,湖北国土资源职业学院,湖北国土资源职业学院,湖北省,武汉市,专科,湖北省,valid,pending,MOE,2026,截至2026年6月17日,1861,
s_b8e91f539d85739146f36ff0560aad61,4142013797,湖北黄冈应急管理职业技术学院,湖北黄冈应急管理职业技术学院,湖北省,黄冈市,专科,湖北省,valid,pending,MOE,2026,截至2026年6月17日,1858,
s_1a152f46434a3920dc32b9acca74a0f7,4142014721,湖北健康职业学院,湖北健康职业学院,湖北省,咸宁市,专科,湖北省教育厅,valid,pending,MOE,2026,截至2026年6月17日,1877,民办
s_9ababe2ab8e0239e376796c783b8a017,4142012752,湖北交通职业技术学院,湖北交通职业技术学院,湖北省,武汉市,专科,湖北省,valid,pending,MOE,2026,截至2026年6月17日,1835,
s_1681ae90cfc00667ecf09253fa4e8b36,4142011600,湖北经济学院,湖北经济学院,湖北省,武汉市,本科,湖北省,valid,pending,MOE,2026,截至2026年6月17日,1781,
s_0fd806a2f70b3b5d5f5f2ec403961cfa,4142013251,湖北经济学院法商学院,湖北经济学院法商学院,湖北省,武汉市,本科,湖北省教育厅,valid,pending,MOE,2026,截至2026年6月17日,1804,民办
s_d10aa2e2825e863078a07fd6717f8e9c,4142011332,湖北警官学院,湖北警官学院,湖北省,武汉市,本科,湖北省,valid,pending,MOE,2026,截至2026年6月17日,1778,
s_03a5d37a4a6c211b78fdfb591e43898a,4142012986,湖北开放职业学院,湖北开放职业学院,湖北省,武汉市,专科,湖北省教育厅,valid,pending,MOE,2026,截至2026年6月17日,1846,民办
s_61cc25dcfaad8c5150f72b50d5cb9c4a,4142010927,湖北科技学院,湖北科技学院,湖北省,咸宁市,本科,湖北省,valid,pending,MOE,2026,截至2026年6月17日,1774,
s_32665e91539d6d554cb2baf02197bc6c,4142014119,湖北科技职业学院,湖北科技职业学院,湖北省,武汉市,专科,湖北省,valid,pending,MOE,2026,截至2026年6月17日,1864,
s_fd68c4907b2b834e01c2c1412ec9ebe7,4142010920,湖北理工学院,湖北理工学院,湖北省,黄石市,本科,湖北省,valid,pending,MOE,2026,截至2026年6月17日,1773,
s_6b9c8d56fe7e8eff947b65c36def3d2e,4142010523,湖北美术学院,湖北美术学院,湖北省,武汉市,本科,湖北省,valid,pending,MOE,2026,截至2026年6月17日,1769,
s_2f4b92bfe9d51b126599d2d245638643,4142010517,湖北民族大学,湖北民族大学,湖北省,恩施土家族苗族自治州,本科,湖北省,valid,pending,MOE,2026,截至2026年6月17日,1764,
s_f00552c8969deec4fff77b0a4b6cd5a7,4142010525,湖北汽车工业学院,湖北汽车工业学院,湖北省,十堰市,本科,湖北省,valid,pending,MOE,2026,截至2026年6月17日,1771,
s_a37b7997f743e4d1bf6288ce7c36decf,4142013248,湖北汽车工业学院科技学院,湖北汽车工业学院科技学院,湖北省,十堰市,本科,湖北省教育厅,valid,pending,MOE,2026,截至2026年6月17日,1801,民办
s_4e9d21576e48f25cbf231eed193bf70e,4142012744,湖北轻工职业技术学院,湖北轻工职业技术学院,湖北省,武汉市,专科,湖北省,valid,pending,MOE,2026,截至2026年6月17日,1834,
s_1a9d073f8ad7b9c71f56ef64f7746a4b,4142014899,湖北三峡航空学院,湖北三峡航空学院,湖北省,宜昌市,本科,湖北省教育厅,valid,pending,MOE,2026,截至2026年6月17日,1817,民办
s_82117336a6171c9cc739381afd1817e9,4142012979,湖北三峡职业技术大学,湖北三峡职业技术大学,湖北省,宜昌市,本科,湖北省,valid,pending,MOE,2026,截至2026年6月17日,1821,
s_c8557eba2430c47c52fa9d993a07a7be,4142013247,湖北商贸学院,湖北商贸学院,湖北省,武汉市,本科,湖北省教育厅,valid,pending,MOE,2026,截至2026年6月17日,1800,民办
s_2c1683968789318d1eef7347279c79b9,4142013801,湖北生态工程职业技术学院,湖北生态工程职业技术学院,湖北省,武汉市,专科,湖北省,valid,pending,MOE,2026,截至2026年6月17日,1862,
s_ff0c209c235852ed9513604b53a48504,4142012985,湖北生物科技职业学院,湖北生物科技职业学院,湖北省,武汉市,专科,湖北省,valid,pending,MOE,2026,截至2026年6月17日,1845,
s_eb92a4591ddbc244ece6c0420077b900,4142010513,湖北师范大学,湖北师范大学,湖北省,黄石市,本科,湖北省,valid,pending,MOE,2026,截至2026年6月17日,1762,
s_525d7c7884103fa8f5f23e7a88fa5539,4142013256,湖北师范大学文理学院,湖北师范大学文理学院,湖北省,黄石市,本科,湖北省教育厅,valid,pending,MOE,2026,截至2026年6月17日,1806,民办
s_791dcfafde749756c3f88ae0a0543f1d,4142012982,湖北水利水电职业技术学院,湖北水利水电职业技术学院,湖北省,武汉市,专科,湖北省,valid,pending,MOE,2026,截至2026年6月17日,1842,
s_e023b0b781c107fe10da446ecee04c90,4142014356,湖北体育职业学院,湖北体育职业学院,湖北省,武汉市,专科,湖北省,valid,pending,MOE,2026,截至2026年6月17日,1868,
s_b3fa8a012ad3dd53e53f1153d917efa2,4142014553,湖北铁道运输职业学院,湖北铁道运输职业学院,湖北省,武汉市,专科,湖北省,valid,pending,MOE,2026,截至2026年6月17日,1871,
s_8ed89ea71d9ba1a9ba29cd8d46fb9354,4142010519,湖北文理学院,湖北文理学院,湖北省,襄阳市,本科,湖北省,valid,pending,MOE,2026,截至2026年6月17日,1766,
s_587c19ec7df4d2637529917646526da4,4142013257,湖北文理学院理工学院,湖北文理学院理工学院,湖北省,襄阳市,本科,湖北省教育厅,valid,pending,MOE,2026,截至2026年6月17日,1807,民办
s_4e818b227c908c8417750eb430064715,4142014755,湖北孝感美珈职业学院,湖北孝感美珈职业学院,湖北省,孝感市,专科,湖北省教育厅,valid,pending,MOE,2026,截至2026年6月17日,1878,民办
s_87057ba68844b47ab545e9324424902c,4142010929,湖北医药学院,湖北医药学院,湖北省,十堰市,本科,湖北省,valid,pending,MOE,2026,截至2026年6月17日,1775,
s_6bf89fcce914f15f88fa10e72ba98afb,4142013249,湖北医药学院药护学院,湖北医药学院药护学院,湖北省,十堰市,本科,湖北省教育厅,valid,pending,MOE,2026,截至2026年6月17日,1802,民办
s_ebeccdaa933e53b2c8d2f1eaf6031720,4142013263,湖北艺术职业学院,湖北艺术职业学院,湖北省,武汉市,专科,湖北省,valid,pending,MOE,2026,截至2026年6月17日,1852,
s_728c6fda25f2cf8cca5c7a297e380ce8,4142014467,湖北幼儿师范高等专科学校,湖北幼儿师范高等专科学校,湖北省,武汉市,专科,湖北省,valid,pending,MOE,2026,截至2026年6月17日,1870,
s_6e6f29834f129a394955ad2737a65854,4142012051,湖北职业技术学院,湖北职业技术学院,湖北省,孝感市,专科,湖北省,valid,pending,MOE,2026,截至2026年6月17日,1827,
s_197c76ab16b4496f0f94403b4d3ab75e,4142010507,湖北中医药大学,湖北中医药大学,湖北省,武汉市,本科,湖北省,valid,pending,MOE,2026,截至2026年6月17日,1759,
s_7774234c7fd2582dbbe16f1e76681121,4142012951,湖北中医药高等专科学校,湖北中医药高等专科学校,湖北省,荆州市,专科,湖北省,valid,pending,MOE,2026,截至2026年6月17日,1836,
s_a1c5a50800201652d1ab186bfee1b999,4142010487,华中科技大学,华中科技大学,湖北省,武汉市,本科,教育部,valid,pending,MOE,2026,截至2026年6月17日,1749,
s_5405db529a71281dfebcd2dac9848c92,4142010504,华中农业大学,华中农业大学,湖北省,武汉市,本科,教育部,valid,pending,MOE,2026,截至2026年6月17日,1758,
s_1fb50957c934eea4317ce0f0563e61dd,4142010511,华中师范大学,华中师范大学,湖北省,武汉市,本科,教育部,valid,pending,MOE,2026,截至2026年6月17日,1760,
s_5a34722b859edb32ca9c768f20195966,4142013799,黄冈科技职业学院,黄冈科技职业学院,湖北省,黄冈市,专科,湖北省教育厅,valid,pending,MOE,2026,截至2026年6月17日,1860,民办
s_373a0a65b8730dde286598b687b4adad,4142010514,黄冈师范学院,黄冈师范学院,湖北省,黄冈市,本科,湖北省,valid,pending,MOE,2026,截至2026年6月17日,1763,
s_d3ac9c3f00a08841a98163a87c01d7f1,4142010955,黄冈职业技术大学,黄冈职业技术大学,湖北省,黄冈市,本科,湖北省,valid,pending,MOE,2026,截至2026年6月17日,1818,
s_4413a7150c55a3992a7eb7dafed3da8f,4142011072,江汉大学,江汉大学,湖北省,武汉市,本科,湖北省,valid,pending,MOE,2026,截至2026年6月17日,1776,
s_e7f54e0d60fed8c27d5c2fa67a7b51c7,4142013793,江汉艺术职业学院,江汉艺术职业学院,湖北省,潜江市,专科,湖北省,valid,pending,MOE,2026,截至2026年6月17日,1856,
s_d717d80d1508b0da46fc94bc3b1d7ce6,4142011336,荆楚理工学院,荆楚理工学院,湖北省,荆门市,本科,湖北省,valid,pending,MOE,2026,截至2026年6月17日,1779,
s_fbd974978538c3bfe5a036d52a7d64b2,4142014866,荆门通用航空职业技术学院,荆门通用航空职业技术学院,湖北省,荆门市,专科,湖北省,valid,pending,MOE,2026,截至2026年6月17日,1881,
s_b236bcf83c21e3f2c6c08c755de298fb,4142014571,荆门职业学院,荆门职业学院,湖北省,荆门市,专科,湖北省,valid,pending,MOE,2026,截至2026年6月17日,1874,
s_cf4160fc9e2ec1410ad4c217b26fbaaf,4142011074,荆州理工职业学院,荆州理工职业学院,湖北省,荆州市,专科,湖北省,valid,pending,MOE,2026,截至2026年6月17日,1823,
s_a489f75ee9537be7b3b2cb18b49c3abc,4142013245,荆州学院,荆州学院,湖北省,荆州市,本科,湖北省教育厅,valid,pending,MOE,2026,截至2026年6月17日,1798,民办
s_4eb59c4ea3fae8e91bc7b71c34e5cae2,4142012737,荆州职业技术学院,荆州职业技术学院,湖北省,荆州市,专科,湖北省,valid,pending,MOE,2026,截至2026年6月17日,1831,
s_35f300c5c0fd5702b7eb5753612031e8,4142011075,三峡大学,三峡大学,湖北省,宜昌市,本科,湖北省,valid,pending,MOE,2026,截至2026年6月17日,1777,
s_a680b28d7b73007ed5b09fa7fca041d9,4142013236,三峡大学科技学院,三峡大学科技学院,湖北省,宜昌市,本科,湖北省教育厅,valid,pending,MOE,2026,截至2026年6月17日,1791,民办
s_052d1dd1ba4b374f1957b5cd65412235,4142014061,三峡电力职业学院,三峡电力职业学院,湖北省,宜昌市,专科,湖北省,valid,pending,MOE,2026,截至2026年6月17日,1863,
s_f224640585823a7c4aafef69a9af347e,4142014258,三峡旅游职业技术学院,三峡旅游职业技术学院,湖北省,宜昌市,专科,湖北省,valid,pending,MOE,2026,截至2026年6月17日,1866,
s_869ef6566e165cbbb306d910d8cce819,4142012980,随州职业技术学院,随州职业技术学院,湖北省,随州市,专科,湖北省,valid,pending,MOE,2026,截至2026年6月17日,1840,
s_73665c947675e2b08fffd9e05cc5a004,4142014355,天门职业学院,天门职业学院,湖北省,天门市,专科,湖北省,valid,pending,MOE,2026,截至2026年6月17日,1867,
s_9357c668366bebd6c183b79e384c40c0,4142014950,网络空间安全学院,网络空间安全学院,湖北省,武汉市,本科,湖北省,valid,pending,MOE,2026,截至2026年6月17日,1820,
s_53067c7e05337d2a8d7efbc4ecc6b678,4142013262,文华学院,文华学院,湖北省,武汉市,本科,湖北省教育厅,valid,pending,MOE,2026,截至2026年6月17日,1809,民办
s_d16910fcee9b5603738776f77a00739e,4142013241,武昌工学院,武昌工学院,湖北省,武汉市,本科,湖北省教育厅,valid,pending,MOE,2026,截至2026年6月17日,1796,民办
s_2d4235573949aa96d8d19800db6b9960,4142012310,武昌理工学院,武昌理工学院,湖北省,武汉市,本科,湖北省教育厅,valid,pending,MOE,2026,截至2026年6月17日,1786,民办
s_e81e20cda89088f30c49cf817c5df461,4142012309,武昌首义学院,武昌首义学院,湖北省,武汉市,本科,湖北省教育厅,valid,pending,MOE,2026,截至2026年6月17日,1785,民办
s_62dc95094105afe84ca43c9d8a7fd112,4142012990,武昌职业学院,武昌职业学院,湖北省,武汉市,专科,湖北省教育厅,valid,pending,MOE,2026,截至2026年6月17日,1850,民办
s_77cf04bff7f0ba1d5f069566a2520343,4142013235,武汉城市学院,武汉城市学院,湖北省,武汉市,本科,湖北省教育厅,valid,pending,MOE,2026,截至2026年6月17日,1790,民办
s_37667b352ee6b9af821ee2a38e71d588,4142011796,武汉城市职业学院,武汉城市职业学院,湖北省,武汉市,专科,湖北省,valid,pending,MOE,2026,截至2026年6月17日,1826,
s_da3bf5d86fa09e2976b26b592f54779c,4142013686,武汉传媒学院,武汉传媒学院,湖北省,武汉市,本科,湖北省教育厅,valid,pending,MOE,2026,截至2026年6月17日,1813,民办
s_264085c2290023d99b1f13443baa0824,4142012052,武汉船舶职业技术学院,武汉船舶职业技术学院,湖北省,武汉市,专科,湖北省,valid,pending,MOE,2026,截至2026年6月17日,1828,
s_3d5b10de62bc000effb22820dda9ebd7,4142010486,武汉大学,武汉大学,湖北省,武汉市,本科,教育部,valid,pending,MOE,2026,截至2026年6月17日,1748,
s_2d8b704fd96319ed2e247eb58a182930,4142012981,武汉电力职业技术学院,武汉电力职业技术学院,湖北省,武汉市,专科,湖北省,valid,pending,MOE,2026,截至2026年6月17日,1841,
s_47b7da12d2b235690fa94afd8699ec4a,4142011798,武汉东湖学院,武汉东湖学院,湖北省,武汉市,本科,湖北省教育厅,valid,pending,MOE,2026,截至2026年6月17日,1783,民办
s_2af8de63ff6a93588414d82b7c21093a,4142010495,武汉纺织大学,武汉纺织大学,湖北省,武汉市,本科,湖北省,valid,pending,MOE,2026,截至2026年6月17日,1754,
s_81c2e06c1aff3703ad7ffde1047fa784,4142013240,武汉纺织大学外经贸学院,武汉纺织大学外经贸学院,湖北省,武汉市,本科,湖北省教育厅,valid,pending,MOE,2026,截至2026年6月17日,1795,民办
s_c150c974334bf16c7c82f2b1705df8f2,4142010490,武汉工程大学,武汉工程大学,湖北省,武汉市,本科,湖北省,valid,pending,MOE,2026,截至2026年6月17日,1752,
s_faf9e65796dfc591ce97d0c7ff0f6d5b,4142013239,武汉工程大学邮电与信息工程学院,武汉工程大学邮电与信息工程学院,湖北省,武汉市,本科,湖北省教育厅,valid,pending,MOE,2026,截至2026年6月17日,1794,民办
s_996df97df3c4bcaaa5e285ad338eeee1,4142013664,武汉工程科技学院,武汉工程科技学院,湖北省,武汉市,本科,湖北省教育厅,valid,pending,MOE,2026,截至2026年6月17日,1811,民办
s_4440643b11d9bbdb53a00adab44f36a7,4142012738,武汉工程职业技术学院,武汉工程职业技术学院,湖北省,武汉市,专科,湖北省,valid,pending,MOE,2026,截至2026年6月17日,1832,
s_6e8c9fc32be433a940b7e1859bfdb849,4142012369,武汉工贸职业学院,武汉工贸职业学院,湖北省,武汉市,专科,湖北省教育厅,valid,pending,MOE,2026,截至2026年6月17日,1830,民办
s_88581e3a0aa9ee60462ac3a6bc2d1d1c,4142013242,武汉工商学院,武汉工商学院,湖北省,武汉市,本科,湖北省教育厅,valid,pending,MOE,2026,截至2026年6月17日,1797,民办
s_3e31507d5b16111390c8bf49aa0aaf01,4142014591,武汉光谷职业学院,武汉光谷职业学院,湖北省,武汉市,专科,湖北省教育厅,valid,pending,MOE,2026,截至2026年6月17日,1876,民办
s_41516c8afc552abda88894cf4c683d60,4142014554,武汉海事职业学院,武汉海事职业学院,湖北省,武汉市,专科,湖北省,valid,pending,MOE,2026,截至2026年6月17日,1872,
s_311353e37022c4922f5885962a97749e,4142012952,武汉航海职业技术学院,武汉航海职业技术学院,湖北省,武汉市,专科,湖北省,valid,pending,MOE,2026,截至2026年6月17日,1837,
s_b931d35b92785fc002ba3f8e1ce40c55,4142013666,武汉华夏理工学院,武汉华夏理工学院,湖北省,武汉市,本科,湖北省教育厅,valid,pending,MOE,2026,截至2026年6月17日,1812,民办
s_100858c4d1626dc38b800f5c86f4469b,4142013264,武汉交通职业学院,武汉交通职业学院,湖北省,武汉市,专科,湖北省,valid,pending,MOE,2026,截至2026年6月17日,1853,
s_ff4baccd9488db1ea0c49523168bc380,4142012984,武汉警官职业学院,武汉警官职业学院,湖北省,武汉市,专科,湖北省,valid,pending,MOE,2026,截至2026年6月17日,1844,
s_dec97000121df81efde8427ef6ce1332,4142010488,武汉科技大学,武汉科技大学,湖北省,武汉市,本科,湖北省,valid,pending,MOE,2026,截至2026年6月17日,1750,
s_0fc7536b17272b8841aa85b6333c8fe2,4142012987,武汉科技职业学院,武汉科技职业学院,湖北省,武汉市,专科,湖北省教育厅,valid,pending,MOE,2026,截至2026年6月17日,1847,民办
s_b9204882281e38aba7cbf12f9035db97,4142010497,武汉理工大学,武汉理工大学,湖北省,武汉市,本科,教育部,valid,pending,MOE,2026,截至2026年6月17日,1756,
s_b166130a9e1c17e9e544855f286b8b12,4142013796,武汉民政职业学院,武汉民政职业学院,湖北省,武汉市,专科,湖北省,valid,pending,MOE,2026,截至2026年6月17日,1857,
s_96ff8945aab652e0b8242f3d85978a83,4142010496,武汉轻工大学,武汉轻工大学,湖北省,武汉市,本科,湖北省,valid,pending,MOE,2026,截至2026年6月17日,1755,
s_5da53ef159cc7b6291bf8e375f5cafdb,4142013188,武汉晴川学院,武汉晴川学院,湖北省,武汉市,本科,湖北省教育厅,valid,pending,MOE,2026,截至2026年6月17日,1788,民办
s_0b7cd41dfd7086e58c964fbd7efda9e5,4142012978,武汉软件工程职业学院,武汉软件工程职业学院,湖北省,武汉市,专科,湖北省,valid,pending,MOE,2026,截至2026年6月17日,1839,
s_ef825cc5050fee29202fd7013f2a0bc2,4142012991,武汉商贸职业学院,武汉商贸职业学院,湖北省,武汉市,专科,湖北省教育厅,valid,pending,MOE,2026,截至2026年6月17日,1851,民办
s_767ed2585ceb17ed19c58a52505c9688,4142011654,武汉商学院,武汉商学院,湖北省,武汉市,本科,湖北省,valid,pending,MOE,2026,截至2026年6月17日,1782,
s_cd7c1852653bca4614caa5da6b5d4111,4142014035,武汉设计工程学院,武汉设计工程学院,湖北省,武汉市,本科,湖北省教育厅,valid,pending,MOE,2026,截至2026年6月17日,1814,民办
s_affbbadf5c597014ac9f1b1464c5690d,4142012362,武汉生物工程学院,武汉生物工程学院,湖北省,武汉市,本科,湖北省教育厅,valid,pending,MOE,2026,截至2026年6月17日,1787,民办
s_2b1bc23bc356882d8bc21dfe02a36a27,4142010522,武汉体育学院,武汉体育学院,湖北省,武汉市,本科,湖北省,valid,pending,MOE,2026,截至2026年6月17日,1768,
s_c062874eaa909c544e87af6bcdfc4d2f,4142013253,武汉体育学院体育科技学院,武汉体育学院体育科技学院,湖北省,武汉市,本科,湖北省教育厅,valid,pending,MOE,2026,截至2026年6月17日,1805,民办
s_427a1ea851fd1beb4acf9911f533219d,4142014590,武汉铁路桥梁职业学院,武汉铁路桥梁职业学院,湖北省,武汉市,专科,湖北省,valid,pending,MOE,2026,截至2026年6月17日,1875,
s_06ca8e2c7dff082de08481df6b93b32b,4142012977,武汉铁路职业技术学院,武汉铁路职业技术学院,湖北省,武汉市,专科,湖北省,valid,pending,MOE,2026,截至2026年6月17日,1838,
s_828762cbb06a45f6990b2a0327cc3348,4142012988,武汉外语外事职业学院,武汉外语外事职业学院,湖北省,武汉市,专科,湖北省教育厅,valid,pending,MOE,2026,截至2026年6月17日,1848,民办
s_0bbb6a1aa1b091608a9a96697a76b81c,4142013237,武汉文理学院,武汉文理学院,湖北省,武汉市,本科,湖北省教育厅,valid,pending,MOE,2026,截至2026年6月17日,1792,民办
s_ad61a5a3fe614681011b7d3f3ea9609a,4142012989,武汉信息传播职业技术学院,武汉信息传播职业技术学院,湖北省,武汉市,专科,湖北省教育厅,valid,pending,MOE,2026,截至2026年6月17日,1849,民办
s_40aefc6d70d9468c44ae897879c16976,4142013634,武汉学院,武汉学院,湖北省,武汉市,本科,湖北省教育厅,valid,pending,MOE,2026,截至2026年6月17日,1810,民办
s_bc1466186c0eff6bf4201a3c3a721a25,4142011524,武汉音乐学院,武汉音乐学院,湖北省,武汉市,本科,湖北省,valid,pending,MOE,2026,截至2026年6月17日,1780,
s_f649f565e84841ceb4a2f69e311b6a5f,4142010834,武汉职业技术大学,武汉职业技术大学,湖北省,武汉市,本科,湖北省,valid,pending,MOE,2026,截至2026年6月17日,1816,
s_b144cad3a05888921f45ae912b4241a7,4142012740,仙桃职业学院,仙桃职业学院,湖北省,仙桃市,专科,湖北省,valid,pending,MOE,2026,截至2026年6月17日,1833,
s_e56e3c16a6028fb048baff52a539b661,4142013265,咸宁职业技术学院,咸宁职业技术学院,湖北省,咸宁市,专科,湖北省,valid,pending,MOE,2026,截至2026年6月17日,1854,
s_3c89ba6c41703ae9ec013486061345d4,4142014832,襄阳科技职业学院,襄阳科技职业学院,湖北省,襄阳市,专科,湖北省,valid,pending,MOE,2026,截至2026年6月17日,1879,
s_2c98261d56a4e835baa31960d69130c1,4142014357,襄阳汽车职业技术学院,襄阳汽车职业技术学院,湖北省,襄阳市,专科,湖北省,valid,pending,MOE,2026,截至2026年6月17日,1869,
s_af862d503e63c5977749c84dc5f1711b,4142012354,襄阳职业技术大学,襄阳职业技术大学,湖北省,襄阳市,本科,湖北省,valid,pending,MOE,2026,截至2026年6月17日,1819,
s_5860693eecc238969d120e590c522b9d,4142014833,宜昌科技职业学院,宜昌科技职业学院,湖北省,宜昌市,专科,湖北省,valid,pending,MOE,2026,截至2026年6月17日,1880,
s_51c02643eefcdc835d0e9684da4af8fd,4142010489,长江大学,长江大学,湖北省,荆州市,本科,湖北省,valid,pending,MOE,2026,截至2026年6月17日,1751,
s_ca7dbe475fdf88d27af1b305ab2e7fa8,4142013246,长江大学文理学院,长江大学文理学院,湖北省,荆州市,本科,湖北省教育厅,valid,pending,MOE,2026,截至2026年6月17日,1799,民办
s_8636f75ee636253fcdfda51869bacf1a,4142013266,长江工程职业技术学院,长江工程职业技术学院,湖北省,武汉市,专科,湖北省,valid,pending,MOE,2026,截至2026年6月17日,1855,
s_911deab3b9f1f3d9b97d62c6e59e8431,4142014555,长江艺术工程职业学院,长江艺术工程职业学院,湖北省,荆州市,专科,湖北省教育厅,valid,pending,MOE,2026,截至2026年6月17日,1873,民办
s_5de7c6256dabece5dd8b732acbdd543a,4142010956,长江职业学院,长江职业学院,湖北省,武汉市,专科,湖北省,valid,pending,MOE,2026,截至2026年6月17日,1822,
s_7548d24045f62f8c713c0a7ddddccbaf,4142010491,中国地质大学(武汉),中国地质大学(武汉),湖北省,武汉市,本科,教育部,valid,pending,MOE,2026,截至2026年6月17日,1753,
s_44ade7884ea2658e1b50da2c8d432c3d,4142010520,中南财经政法大学,中南财经政法大学,湖北省,武汉市,本科,教育部,valid,pending,MOE,2026,截至2026年6月17日,1767,
s_8962b3357585b524ce17ae300c3eed5b,4142010524,中南民族大学,中南民族大学,湖北省,武汉市,本科,国家民委,valid,pending,MOE,2026,截至2026年6月17日,1770,
s_0f5b6d9afaea26efc856279987fc7633,4143012596,保险职业学院,保险职业学院,湖南省,长沙市,专科,湖南省,valid,pending,MOE,2026,截至2026年6月17日,1957,
s_c624728aec193e3713677ea56aa06a0b,4143014814,常德科技职业技术学院,常德科技职业技术学院,湖南省,常德市,专科,湖南省,valid,pending,MOE,2026,截至2026年6月17日,2015,
s_053e3ca183a01e3f7b56179bd61b3a0d,4143012657,常德学院,常德学院,湖南省,常德市,本科,湖南省教育厅,valid,pending,MOE,2026,截至2026年6月17日,1923,民办
s_9d593a97867b3367717b25976cf5b2e1,4143013039,常德职业技术学院,常德职业技术学院,湖南省,常德市,专科,湖南省,valid,pending,MOE,2026,截至2026年6月17日,1975,
s_1a7c1b6f48ff6f9c59ae93ea08dfbd83,4143014819,郴州思科职业学院,郴州思科职业学院,湖南省,郴州市,专科,湖南省教育厅,valid,pending,MOE,2026,截至2026年6月17日,2020,民办
s_7c80bd82807f120b3f0c3bb78637941f,4143012847,郴州职业技术学院,郴州职业技术学院,湖南省,郴州市,专科,湖南省,valid,pending,MOE,2026,截至2026年6月17日,1966,
s_8642cc911382de5c7aca3e514cbe34a3,4143014905,郴州智能科技职业学院,郴州智能科技职业学院,湖南省,郴州市,专科,湖南省教育厅,valid,pending,MOE,2026,截至2026年6月17日,2028,民办
s_4f69f1aa78d047139b9b2d38a9fb0de7,4143014820,衡阳科技职业学院,衡阳科技职业学院,湖南省,衡阳市,专科,湖南省教育厅,valid,pending,MOE,2026,截至2026年6月17日,2021,民办
s_1269ff23b11f15ab3cba4caa4a942369,4143014904,衡阳理工职业学院,衡阳理工职业学院,湖南省,衡阳市,专科,湖南省教育厅,valid,pending,MOE,2026,截至2026年6月17日,2027,民办
s_059265d433cbe85aa99fe1c1b4197214,4143010546,衡阳师范学院,衡阳师范学院,湖南省,衡阳市,本科,湖南省,valid,pending,MOE,2026,截至2026年6月17日,1895,
s_cb919866827f12a5eb8efb60ec1769a1,4143012659,衡阳师范学院南岳学院,衡阳师范学院南岳学院,湖南省,衡阳市,本科,湖南省教育厅,valid,pending,MOE,2026,截至2026年6月17日,1925,民办
s_64feac10e82b9135140fc92fb7109293,4143014691,衡阳幼儿师范高等专科学校,衡阳幼儿师范高等专科学校,湖南省,衡阳市,专科,湖南省,valid,pending,MOE,2026,截至2026年6月17日,2011,
s_3c4380e9efbf2a3220e01d32898757e9,4143014025,湖南安全技术职业学院,湖南安全技术职业学院,湖南省,长沙市,专科,湖南省,valid,pending,MOE,2026,截至2026年6月17日,1992,
s_3efcec31f92715930b2713aa4a98e0fa,4143013807,湖南财经工业职业技术学院,湖南财经工业职业技术学院,湖南省,衡阳市,专科,湖南省,valid,pending,MOE,2026,截至2026年6月17日,1983,
s_35a1dcc2bfa1d770113e4c1aa165d490,4143011532,湖南财政经济学院,湖南财政经济学院,湖南省,长沙市,本科,湖南省,valid,pending,MOE,2026,截至2026年6月17日,1908,
s_98b1766cfa95f721e386f77275fe3613,4143013044,湖南城建职业技术学院,湖南城建职业技术学院,湖南省,湘潭市,专科,湖南省,valid,pending,MOE,2026,截至2026年6月17日,1978,
s_743ccbdd9ea06bcccb7881553251ffbb,4143011527,湖南城市学院,湖南城市学院,湖南省,益阳市,本科,湖南省,valid,pending,MOE,2026,截至2026年6月17日,1906,
s_6c58ffbfb79b592b62eb7e71e6b55a1e,4143010532,湖南大学,湖南大学,湖南省,长沙市,本科,教育部,valid,pending,MOE,2026,截至2026年6月17日,1885,
s_7e8e37d7bb55b8be16b4d879aaabb6cc,4143012300,湖南大众传媒职业技术学院,湖南大众传媒职业技术学院,湖南省,长沙市,专科,湖南省,valid,pending,MOE,2026,截至2026年6月17日,1948,
s_42f9842368a518f53a00a98469a5705e,4143012034,湖南第一师范学院,湖南第一师范学院,湖南省,长沙市,本科,湖南省,valid,pending,MOE,2026,截至2026年6月17日,1912,
s_a5353b57fc86d47b6b2cb593d80233bd,4143014071,湖南电气职业技术学院,湖南电气职业技术学院,湖南省,湘潭市,专科,湖南省,valid,pending,MOE,2026,截至2026年6月17日,1993,
s_1ee5b61a014607c2c0ff992adda879e0,4143014122,湖南电子科技职业学院,湖南电子科技职业学院,湖南省,长沙市,专科,湖南省教育厅,valid,pending,MOE,2026,截至2026年6月17日,1997,民办
s_e5e86dfba862b381accd8fa90ec050f7,4143014121,湖南都市职业学院,湖南都市职业学院,湖南省,长沙市,专科,湖南省教育厅,valid,pending,MOE,2026,截至2026年6月17日,1996,民办
s_279a1056e6b4697afdbe8c11bcc2738d,4143014309,湖南高尔夫旅游职业学院,湖南高尔夫旅游职业学院,湖南省,常德市,专科,湖南省教育厅,valid,pending,MOE,2026,截至2026年6月17日,1999,民办
s_9c21757409c6e6647869b43ff381fc72,4143013941,湖南高速铁路职业技术学院,湖南高速铁路职业技术学院,湖南省,衡阳市,专科,湖南省,valid,pending,MOE,2026,截至2026年6月17日,1990,
s_ba6cb9d5a28d4270fca689857ae7fff6,4143011342,湖南工程学院,湖南工程学院,湖南省,湘潭市,本科,湖南省,valid,pending,MOE,2026,截至2026年6月17日,1905,
s_ff4a9b54781733d5e296b34c9bbf6615,4143012660,湖南工程学院应用技术学院,湖南工程学院应用技术学院,湖南省,湘潭市,本科,湖南省教育厅,valid,pending,MOE,2026,截至2026年6月17日,1926,民办
s_8b16f6d0a4f627369137830b1d5f841d,4143012425,湖南工程职业技术学院,湖南工程职业技术学院,湖南省,长沙市,专科,湖南省,valid,pending,MOE,2026,截至2026年6月17日,1956,
s_c6352547b8046342eb5033a3bcbb6b60,4143010554,湖南工商大学,湖南工商大学,湖南省,长沙市,本科,湖南省,valid,pending,MOE,2026,截至2026年6月17日,1901,
s_a6680712b8581bc371410c6228234fad,4143014310,湖南工商职业学院,湖南工商职业学院,湖南省,衡阳市,专科,湖南省教育厅,valid,pending,MOE,2026,截至2026年6月17日,2000,民办
s_e246b3e1a31f0485c512a8adf3f8bc1d,4143011528,湖南工学院,湖南工学院,湖南省,衡阳市,本科,湖南省,valid,pending,MOE,2026,截至2026年6月17日,1907,
s_32e32c4b0f018f62f796e50e61e93268,4143011535,湖南工业大学,湖南工业大学,湖南省,株洲市,本科,湖南省,valid,pending,MOE,2026,截至2026年6月17日,1910,
s_71bc214446703422543e010085935a0a,4143012604,湖南工业大学科技学院,湖南工业大学科技学院,湖南省,株洲市,本科,湖南省教育厅,valid,pending,MOE,2026,截至2026年6月17日,1916,民办
s_e630ff69fa564f566d585275b66e02fd,4143010830,湖南工业职业技术学院,湖南工业职业技术学院,湖南省,长沙市,专科,湖南省,valid,pending,MOE,2026,截至2026年6月17日,1942,
s_0ec5228f4faaccac45939addba1960f5,4143013921,湖南工艺美术职业大学,湖南工艺美术职业大学,湖南省,益阳市,本科,湖南省,valid,pending,MOE,2026,截至2026年6月17日,1938,
s_4506879c27c00cf7529d0a59510406a2,4143014182,湖南国防工业职业技术学院,湖南国防工业职业技术学院,湖南省,湘潭市,专科,湖南省,valid,pending,MOE,2026,截至2026年6月17日,1998,
s_67f64cf134265970f6395153e820fbb1,4143013043,湖南化工职业技术大学,湖南化工职业技术大学,湖南省,株洲市,本科,湖南省,valid,pending,MOE,2026,截至2026年6月17日,1939,
s_d0da7f19f7f9edcefbb657968e2644f6,4143012739,湖南环境生物职业技术学院,湖南环境生物职业技术学院,湖南省,衡阳市,专科,湖南省,valid,pending,MOE,2026,截至2026年6月17日,1963,
s_0f265973c42ed1f1e7cf4bca3b6e9f1e,4143013033,湖南机电职业技术学院,湖南机电职业技术学院,湖南省,长沙市,专科,湖南省,valid,pending,MOE,2026,截至2026年6月17日,1971,
s_56d7f9fa7b379e99375aa82809f43528,4143014406,湖南吉利汽车职业技术学院,湖南吉利汽车职业技术学院,湖南省,湘潭市,专科,湖南省教育厅,valid,pending,MOE,2026,截至2026年6月17日,2005,民办
s_4c9dfc3889d1c6131090befa35ba0c26,4143013924,湖南交通工程学院,湖南交通工程学院,湖南省,衡阳市,本科,湖南省教育厅,valid,pending,MOE,2026,截至2026年6月17日,1933,民办
s_9d435031724d0f9df12d9e2f3742eab5,4143012397,湖南交通职业技术学院,湖南交通职业技术学院,湖南省,长沙市,专科,湖南省,valid,pending,MOE,2026,截至2026年6月17日,1953,
s_f8bdfe38ff9f4549c6bd092c1cae1709,4143011534,湖南警察学院,湖南警察学院,湖南省,长沙市,本科,湖南省,valid,pending,MOE,2026,截至2026年6月17日,1909,
s_f9ea6c5ef4663c232a4f7c1f2c111d07,4143013922,湖南九嶷职业技术学院,湖南九嶷职业技术学院,湖南省,永州市,专科,湖南省,valid,pending,MOE,2026,截至2026年6月17日,1985,
s_77179a96b0b7d433ba32ef3dfdfe93cc,4143010534,湖南科技大学,湖南科技大学,湖南省,湘潭市,本科,湖南省,valid,pending,MOE,2026,截至2026年6月17日,1887,
s_c73a0c1f37131f9d014db71f3ddf5ba7,4143012649,湖南科技大学潇湘学院,湖南科技大学潇湘学院,湖南省,湘潭市,本科,湖南省教育厅,valid,pending,MOE,2026,截至2026年6月17日,1917,民办
s_d356aec49ef1825733d9bf24d9a7f198,4143010551,湖南科技学院,湖南科技学院,湖南省,永州市,本科,湖南省,valid,pending,MOE,2026,截至2026年6月17日,1899,
s_d43a57e68927e54d0eed1529aae23c66,4143012304,湖南科技职业学院,湖南科技职业学院,湖南省,长沙市,专科,湖南省,valid,pending,MOE,2026,截至2026年6月17日,1951,
s_0397ce9855ea199ead4a771121234a64,4143014508,湖南劳动人事职业学院,湖南劳动人事职业学院,湖南省,长沙市,专科,湖南省,valid,pending,MOE,2026,截至2026年6月17日,2008,
s_09bd935ccfe96ea5338296227fa6b6b1,4143010543,湖南理工大学,湖南理工大学,湖南省,岳阳市,本科,湖南省,valid,pending,MOE,2026,截至2026年6月17日,1893,
s_897b7899c8edc9f008aaabc73971156a,4143013923,湖南理工职业技术学院,湖南理工职业技术学院,湖南省,湘潭市,专科,湖南省,valid,pending,MOE,2026,截至2026年6月17日,1986,
s_687de6411f0c89b2ca5cf4d792f0082b,4143013804,湖南民族职业学院,湖南民族职业学院,湖南省,岳阳市,专科,湖南省,valid,pending,MOE,2026,截至2026年6月17日,1981,
s_0f23124aca44cdef76295301ac01ce67,4143010537,湖南农业大学,湖南农业大学,湖南省,长沙市,本科,湖南省,valid,pending,MOE,2026,截至2026年6月17日,1889,
s_f9a9b1f984d40d72c01257c618db3b32,4143012653,湖南农业大学东方科技学院,湖南农业大学东方科技学院,湖南省,长沙市,本科,湖南省教育厅,valid,pending,MOE,2026,截至2026年6月17日,1921,民办
s_5c0a080e28f687ffcf9667ba51c7742a,4143011538,湖南女子学院,湖南女子学院,湖南省,长沙市,本科,湖南省,valid,pending,MOE,2026,截至2026年6月17日,1911,
s_fd2c914cfe9b08ebc47d903d563a9f7b,4143013937,湖南汽车工程职业大学,湖南汽车工程职业大学,湖南省,株洲市,本科,湖南省,valid,pending,MOE,2026,截至2026年6月17日,1935,
s_bd19bdb8c948bc1f478a7bee5546b6fc,4143010553,湖南人文科技学院,湖南人文科技学院,湖南省,娄底市,本科,湖南省,valid,pending,MOE,2026,截至2026年6月17日,1900,
s_f74ec279dd951beafc276ef1d34b50fe,4143013925,湖南软件职业技术大学,湖南软件职业技术大学,湖南省,湘潭市,本科,湖南省教育厅,valid,pending,MOE,2026,截至2026年6月17日,1934,民办
s_92ef04769b95950882bf8348b0c62eac,4143014322,湖南三一工业职业技术学院,湖南三一工业职业技术学院,湖南省,长沙市,专科,湖南省教育厅,valid,pending,MOE,2026,截至2026年6月17日,2001,民办
s_549acdbafa3cb3b90b91e76b931a7f5d,4143012401,湖南商务职业技术学院,湖南商务职业技术学院,湖南省,长沙市,专科,湖南省,valid,pending,MOE,2026,截至2026年6月17日,1954,
s_c9944c46f58f8a6e09547f6de21a838e,4143012303,湖南涉外经济学院,湖南涉外经济学院,湖南省,长沙市,本科,湖南省教育厅,valid,pending,MOE,2026,截至2026年6月17日,1914,民办
s_bd8b40573cc3ddfb5fe8b4ca2d897ddf,4143012343,湖南生物机电职业技术学院,湖南生物机电职业技术学院,湖南省,长沙市,专科,湖南省,valid,pending,MOE,2026,截至2026年6月17日,1952,
s_e768f65935324317c28a6f571adc1c8e,4143010542,湖南师范大学,湖南师范大学,湖南省,长沙市,本科,湖南省,valid,pending,MOE,2026,截至2026年6月17日,1892,
s_718ee1a8c21f3d591e69d24a91d94959,4143013045,湖南石油化工职业技术学院,湖南石油化工职业技术学院,湖南省,岳阳市,专科,湖南省,valid,pending,MOE,2026,截至2026年6月17日,1979,
s_38ee816f14d6adb33dc77d6cf7eb91b9,4143014359,湖南食品药品职业学院,湖南食品药品职业学院,湖南省,长沙市,专科,湖南省,valid,pending,MOE,2026,截至2026年6月17日,2003,
s_663ef46646eae996c8b5c8c2e8482d9e,4143013939,湖南水利水电职业技术学院,湖南水利水电职业技术学院,湖南省,长沙市,专科,湖南省,valid,pending,MOE,2026,截至2026年6月17日,1988,
s_67fa70e102c97a3e67414c1810e9c7bb,4143011601,湖南税务高等专科学校,湖南税务高等专科学校,湖南省,长沙市,专科,湖南省,valid,pending,MOE,2026,截至2026年6月17日,1945,
s_4684533ec2d7dff8a8d88a9c0696ec30,4143012601,湖南司法警官职业学院,湖南司法警官职业学院,湖南省,长沙市,专科,湖南省,valid,pending,MOE,2026,截至2026年6月17日,1961,
s_a8b8b9e80bcc99df4bd5720f78d33279,4143012423,湖南体育职业学院,湖南体育职业学院,湖南省,长沙市,专科,湖南省,valid,pending,MOE,2026,截至2026年6月17日,1955,
s_89e5bf96c338f1e44aa828ec607f40e2,4143012302,湖南铁道职业技术学院,湖南铁道职业技术学院,湖南省,株洲市,专科,湖南省,valid,pending,MOE,2026,截至2026年6月17日,1950,
s_5c5b895d3974d6bfe3f258ccfdd8fac6,4143013942,湖南铁路科技职业技术学院,湖南铁路科技职业技术学院,湖南省,株洲市,专科,湖南省,valid,pending,MOE,2026,截至2026年6月17日,1991,
s_5be362aa980afb167aed454123a5bf9e,4143014072,湖南外国语职业学院,湖南外国语职业学院,湖南省,长沙市,专科,湖南省教育厅,valid,pending,MOE,2026,截至2026年6月17日,1994,民办
s_0438c4c3a60425e71acc32a631adb5cd,4143012597,湖南外贸职业学院,湖南外贸职业学院,湖南省,长沙市,专科,湖南省,valid,pending,MOE,2026,截至2026年6月17日,1958,
s_180d0bf46605d7d7511d68bf41ed09c3,4143012598,湖南网络工程职业学院,湖南网络工程职业学院,湖南省,长沙市,专科,湖南省,valid,pending,MOE,2026,截至2026年6月17日,1959,
s_8c233244b1e349cea526a01fe6dcf7ce,4143010549,湖南文理学院,湖南文理学院,湖南省,常德市,本科,湖南省,valid,pending,MOE,2026,截至2026年6月17日,1898,
s_abe76d5adf02d4ccb437f65a6c0b05f0,4143013940,湖南现代物流职业技术学院,湖南现代物流职业技术学院,湖南省,长沙市,专科,湖南省,valid,pending,MOE,2026,截至2026年6月17日,1989,
s_772d2c143d7b13f70c06ccf731dd800d,4143013836,湖南信息学院,湖南信息学院,湖南省,长沙市,本科,湖南省教育厅,valid,pending,MOE,2026,截至2026年6月17日,1932,民办
s_35a91982ab37698404df9a6516656515,4143010865,湖南信息职业技术学院,湖南信息职业技术学院,湖南省,长沙市,专科,湖南省,valid,pending,MOE,2026,截至2026年6月17日,1944,
s_acf8d7de456a4a7d878afad9ab830cc1,4143011604,湖南冶金职业技术学院,湖南冶金职业技术学院,湖南省,株洲市,专科,湖南省,valid,pending,MOE,2026,截至2026年6月17日,1946,
s_e90fd8b139fcb17705dcea7bfb50e46c,4143012214,湖南医药学院,湖南医药学院,湖南省,怀化市,本科,湖南省,valid,pending,MOE,2026,截至2026年6月17日,1913,
s_95fc2b554f39342ed496f7548250320b,4143013032,湖南艺术职业学院,湖南艺术职业学院,湖南省,长沙市,专科,湖南省,valid,pending,MOE,2026,截至2026年6月17日,1970,
s_7185fb6c47060da84893d2a9856d3b30,4143013809,湖南应用技术学院,湖南应用技术学院,湖南省,常德市,本科,湖南省教育厅,valid,pending,MOE,2026,截至2026年6月17日,1931,民办
s_6337f64329ba219ba048315d7566b9ae,4143012845,湖南邮电职业技术学院,湖南邮电职业技术学院,湖南省,长沙市,专科,湖南省,valid,pending,MOE,2026,截至2026年6月17日,1964,
s_71b5b8879e428c086a4e69f92b990e6d,4143014360,湖南有色金属职业技术学院,湖南有色金属职业技术学院,湖南省,株洲市,专科,湖南省,valid,pending,MOE,2026,截至2026年6月17日,2004,
s_2887d1f989fb5df418eca6c2cd734fa8,4143014468,湖南幼儿师范高等专科学校,湖南幼儿师范高等专科学校,湖南省,常德市,专科,湖南省,valid,pending,MOE,2026,截至2026年6月17日,2006,
s_911bf997a0c01fb8a766b3e675eac20c,4143010541,湖南中医药大学,湖南中医药大学,湖南省,长沙市,本科,湖南省,valid,pending,MOE,2026,截至2026年6月17日,1891,
s_6bcdbed5f368948c341c38d0b94452ee,4143012661,湖南中医药大学湘杏学院,湖南中医药大学湘杏学院,湖南省,长沙市,本科,湖南省教育厅,valid,pending,MOE,2026,截至2026年6月17日,1927,民办
s_e0ac8857bd58fa52a57a6b74587e5766,4143013802,湖南中医药高等专科学校,湖南中医药高等专科学校,湖南省,株洲市,专科,湖南省,valid,pending,MOE,2026,截至2026年6月17日,1980,
s_7575bcbcdc1207f210dcd3c9f53aad65,4143014867,怀化工商职业技术学院,怀化工商职业技术学院,湖南省,怀化市,专科,湖南省,valid,pending,MOE,2026,截至2026年6月17日,2022,
s_dd39bd6ae5e2e01cda1af73cca485675,4143014663,怀化师范高等专科学校,怀化师范高等专科学校,湖南省,怀化市,专科,湖南省,valid,pending,MOE,2026,截至2026年6月17日,2009,
s_8d0ad1d106687d905eb438cd1a2bf37c,4143010548,怀化学院,怀化学院,湖南省,怀化市,本科,湖南省,valid,pending,MOE,2026,截至2026年6月17日,1897,
s_3a40331f9a9935442e95befa41aae7f4,4143013037,怀化职业技术学院,怀化职业技术学院,湖南省,怀化市,专科,湖南省,valid,pending,MOE,2026,截至2026年6月17日,1973,
s_fa7fa9a14c74260f9b6938a90495ea55,4143010531,吉首大学,吉首大学,湖南省,湘西土家族苗族自治州,本科,湖南省,valid,pending,MOE,2026,截至2026年6月17日,1884,
s_17b2d920d523e2035fd90d9f3f6358f2,4143014775,娄底幼儿师范高等专科学校,娄底幼儿师范高等专科学校,湖南省,娄底市,专科,湖南省,valid,pending,MOE,2026,截至2026年6月17日,2014,
s_40e59ecbddc79b6ab1b3573fb485c1a3,4143012848,娄底职业技术学院,娄底职业技术学院,湖南省,娄底市,专科,湖南省,valid,pending,MOE,2026,截至2026年6月17日,1967,
s_40d0b87abe000de1e9d11ea64a5e8e1e,4143010555,南华大学,南华大学,湖南省,衡阳市,本科,湖南省,valid,pending,MOE,2026,截至2026年6月17日,1902,
s_f910625f16ca8cd022f7eb4a93896c5f,4143012650,南华大学船山学院,南华大学船山学院,湖南省,衡阳市,本科,湖南省教育厅,valid,pending,MOE,2026,截至2026年6月17日,1918,民办
s_a9c212c62520e7b21e0a798e99c9b5a8,4143014815,邵阳工业职业技术学院,邵阳工业职业技术学院,湖南省,邵阳市,专科,湖南省,valid,pending,MOE,2026,截至2026年6月17日,2016,
s_9af388f12f0c9434c0cf2b945b69c0a0,4143014934,邵阳通航职业技术学院,邵阳通航职业技术学院,湖南省,邵阳市,专科,湖南省教育厅,valid,pending,MOE,2026,截至2026年6月17日,2030,民办
s_e37e533036f30f1fb52235269bf2991f,4143010547,邵阳学院,邵阳学院,湖南省,邵阳市,本科,湖南省,valid,pending,MOE,2026,截至2026年6月17日,1896,
s_64e35a888d84bfbe89901a973e970386,4143012600,邵阳职业技术学院,邵阳职业技术学院,湖南省,邵阳市,专科,湖南省,valid,pending,MOE,2026,截至2026年6月17日,1960,
s_980d3b9ff964b62d938e7199e40ba5db,4143010545,湘南学院,湘南学院,湖南省,郴州市,本科,湖南省,valid,pending,MOE,2026,截至2026年6月17日,1894,
s_d8495fff41e64ace20fef26f74874821,4143014495,湘南幼儿师范高等专科学校,湘南幼儿师范高等专科学校,湖南省,郴州市,专科,湖南省,valid,pending,MOE,2026,截至2026年6月17日,2007,
s_0fe62e16ea7d29175af49d066706a9d9,4143010530,湘潭大学,湘潭大学,湖南省,湘潭市,本科,湖南省,valid,pending,MOE,2026,截至2026年6月17日,1883,
s_43cf045db12787e624f5fe0166e5334f,4143012599,湘潭大学兴湘学院,湘潭大学兴湘学院,湖南省,湘潭市,本科,湖南省教育厅,valid,pending,MOE,2026,截至2026年6月17日,1915,民办
s_ab948509fc9c1f8ced1be2f5233efad1,4243050812,湘潭科技职业学院,湘潭科技职业学院,湖南省,湘潭市,专科,湖南省,valid,pending,MOE,2026,截至2026年6月17日,2023,
s_3fe52fe7ed028b13ceec7416394ca773,4143012651,湘潭理工学院,湘潭理工学院,湖南省,湘潭市,本科,湖南省教育厅,valid,pending,MOE,2026,截至2026年6月17日,1919,民办
s_189ef14f88af469c7ee8068f560cda7c,4143012846,湘潭医卫职业技术学院,湘潭医卫职业技术学院,湖南省,湘潭市,专科,湖南省,valid,pending,MOE,2026,截至2026年6月17日,1965,
s_d81759ea15015139e8de2a3f84818036,4143013805,湘西民族职业技术学院,湘西民族职业技术学院,湖南省,湘西土家族苗族自治州,专科,湖南省,valid,pending,MOE,2026,截至2026年6月17日,1982,
s_776efcd5fa36dfcb751446e2a4c41c01,3643000496,湘中幼儿师范高等专科学校,湘中幼儿师范高等专科学校,湖南省,邵阳市,专科,湖南省,valid,pending,MOE,2026,截至2026年6月17日,1940,
s_d6bb1f695829f8308261c13f0f5d6b9d,4143013042,潇湘职业学院,潇湘职业学院,湖南省,娄底市,专科,湖南省教育厅,valid,pending,MOE,2026,截至2026年6月17日,1977,民办
s_cba22188545eaecd1257dbcee3a4ace5,4143014774,益阳师范高等专科学校,益阳师范高等专科学校,湖南省,益阳市,专科,湖南省,valid,pending,MOE,2026,截至2026年6月17日,2013,
s_20e298b2894f54c2e173e4ffe280f008,4143014097,益阳医学高等专科学校,益阳医学高等专科学校,湖南省,益阳市,专科,湖南省,valid,pending,MOE,2026,截至2026年6月17日,1995,
s_9bc8d5cd8d9f362fc97a022457ac5daf,4143013808,益阳职业技术学院,益阳职业技术学院,湖南省,益阳市,专科,湖南省,valid,pending,MOE,2026,截至2026年6月17日,1984,
s_f43d868d9d4b3ed1e9af16d939521eef,4143014690,永州师范高等专科学校,永州师范高等专科学校,湖南省,永州市,专科,湖南省,valid,pending,MOE,2026,截至2026年6月17日,2010,
s_a7488ba26117d61b42dc6f149a5cb3b3,4143012301,永州职业技术学院,永州职业技术学院,湖南省,永州市,专科,湖南省,valid,pending,MOE,2026,截至2026年6月17日,1949,
s_31a2da77b55de738608ec649774ec305,4143014933,岳阳科技职业学院,岳阳科技职业学院,湖南省,岳阳市,专科,湖南省教育厅,valid,pending,MOE,2026,截至2026年6月17日,2029,民办
s_f05d5a673512cb2ec91ff5f6a1bb2ab2,4143014818,岳阳现代服务职业学院,岳阳现代服务职业学院,湖南省,岳阳市,专科,湖南省教育厅,valid,pending,MOE,2026,截至2026年6月17日,2019,民办
s_94cad2dc9769d50dd1b44104c56211e0,4143012658,岳阳学院,岳阳学院,湖南省,岳阳市,本科,湖南省教育厅,valid,pending,MOE,2026,截至2026年6月17日,1924,民办
s_2c0da1807bc843af1d892b6df7b87762,4143013038,岳阳职业技术学院,岳阳职业技术学院,湖南省,岳阳市,专科,湖南省,valid,pending,MOE,2026,截至2026年6月17日,1974,
s_e5ac7679ac62c3aa5ff337533c8b5e01,4143012849,张家界航空工业职业技术学院,张家界航空工业职业技术学院,湖南省,张家界市,专科,湖南省,valid,pending,MOE,2026,截至2026年6月17日,1968,
s_3ed63e7eafab8cb58b660d4540bc1b33,4143012662,张家界学院,张家界学院,湖南省,张家界市,本科,湖南省教育厅,valid,pending,MOE,2026,截至2026年6月17日,1928,民办
s_57a8641960e71ce7c2efc6abbd900c85,4143013938,长沙电力职业技术学院,长沙电力职业技术学院,湖南省,长沙市,专科,湖南省,valid,pending,MOE,2026,截至2026年6月17日,1987,
s_1b2cfcec2c3c1a599e30c9f24fac3942,4143012652,长沙工业学院,长沙工业学院,湖南省,长沙市,本科,湖南省,valid,pending,MOE,2026,截至2026年6月17日,1920,
s_857bf8a26247ebade2c4ad3c0b4a0445,4143014816,长沙轨道交通职业学院,长沙轨道交通职业学院,湖南省,长沙市,专科,湖南省教育厅,valid,pending,MOE,2026,截至2026年6月17日,2017,民办
s_839572fb4a88f59db7113f12c274fd25,4143012055,长沙航空职业技术学院,长沙航空职业技术学院,湖南省,长沙市,专科,空军装备部,valid,pending,MOE,2026,截至2026年6月17日,1947,
s_e69d8ece065ea6b16bd69a33cae9f78e,4143013031,长沙环境保护职业技术学院,长沙环境保护职业技术学院,湖南省,长沙市,专科,湖南省,valid,pending,MOE,2026,截至2026年6月17日,1969,
s_8fa7f55c18293c2aa8d9ec9c878f1b9c,4143014983,长沙健康学院,长沙健康学院,湖南省,长沙市,本科,湖南省教育厅,valid,pending,MOE,2026,截至2026年6月17日,1937,民办
s_dcf1873ee8cb4f82fa7553b64c217760,4143014900,长沙科技学院,长沙科技学院,湖南省,长沙市,本科,湖南省教育厅,valid,pending,MOE,2026,截至2026年6月17日,1936,民办
s_bf76b01e578428986c81959c052a4657,4143014902,长沙科技职业学院,长沙科技职业学院,湖南省,长沙市,专科,湖南省教育厅,valid,pending,MOE,2026,截至2026年6月17日,2025,民办
s_0871d32b6bd8cd0569c2e226a133f467,4143010536,长沙理工大学,长沙理工大学,湖南省,长沙市,本科,湖南省,valid,pending,MOE,2026,截至2026年6月17日,1888,
s_798d395085084cbcc039c4fb68d78e73,4143013635,长沙理工大学城南学院,长沙理工大学城南学院,湖南省,长沙市,本科,湖南省教育厅,valid,pending,MOE,2026,截至2026年6月17日,1929,民办
s_51167fb03771eed9e0983b183727d98d,4143010827,长沙民政职业技术学院,长沙民政职业技术学院,湖南省,长沙市,专科,湖南省,valid,pending,MOE,2026,截至2026年6月17日,1941,
s_b78eeb0b259560d86e8e33698b044380,4143013041,长沙南方职业学院,长沙南方职业学院,湖南省,长沙市,专科,湖南省教育厅,valid,pending,MOE,2026,截至2026年6月17日,1976,民办
s_b8a599b4f32734e97f17642b7a2d9f12,4143012603,长沙商贸旅游职业技术学院,长沙商贸旅游职业技术学院,湖南省,长沙市,专科,湖南省,valid,pending,MOE,2026,截至2026年6月17日,1962,
s_964ae60ed625f1c611756eb28eaaa1e4,4143013806,长沙师范学院,长沙师范学院,湖南省,长沙市,本科,湖南省,valid,pending,MOE,2026,截至2026年6月17日,1930,
s_189e5d58da7dead6dab123c9c6a33b58,4143014358,长沙卫生职业学院,长沙卫生职业学院,湖南省,长沙市,专科,湖南省,valid,pending,MOE,2026,截至2026年6月17日,2002,
s_368af929108da18ebdcda5f12001a36b,4143014817,长沙文创艺术职业学院,长沙文创艺术职业学院,湖南省,长沙市,专科,湖南省教育厅,valid,pending,MOE,2026,截至2026年6月17日,2018,民办
s_982f0181683f90d807c7cd88ad28bc99,4143011077,长沙学院,长沙学院,湖南省,长沙市,本科,湖南省,valid,pending,MOE,2026,截至2026年6月17日,1904,
s_e7a123ab62d723a197e2117025218de9,4143010823,长沙医学院,长沙医学院,湖南省,长沙市,本科,湖南省教育厅,valid,pending,MOE,2026,截至2026年6月17日,1903,民办
s_491e3f963c146dae10bd954c9f98b471,4143014892,长沙医药健康职业学院,长沙医药健康职业学院,湖南省,长沙市,专科,湖南省教育厅,valid,pending,MOE,2026,截至2026年6月17日,2024,民办
s_ecd5267a6f4b1530c2b6339487727d53,4143014692,长沙幼儿师范高等专科学校,长沙幼儿师范高等专科学校,湖南省,长沙市,专科,湖南省,valid,pending,MOE,2026,截至2026年6月17日,2012,
s_790076cfeec51a29dd1a00120045f7db,4143013036,长沙职业技术学院,长沙职业技术学院,湖南省,长沙市,专科,湖南省,valid,pending,MOE,2026,截至2026年6月17日,1972,
s_d03a41c607e4e68c1cb655f678887e08,4143010533,中南大学,中南大学,湖南省,长沙市,本科,教育部,valid,pending,MOE,2026,截至2026年6月17日,1886,
s_2bfd287774267a1437387db2e22589ac,4143010538,中南林业科技大学,中南林业科技大学,湖南省,长沙市,本科,湖南省,valid,pending,MOE,2026,截至2026年6月17日,1890,
s_023a1c329ab2ab0771710e32b0407cda,4143012656,中南林业科技大学涉外学院,中南林业科技大学涉外学院,湖南省,长沙市,本科,湖南省教育厅,valid,pending,MOE,2026,截至2026年6月17日,1922,民办
s_c77dc7cac53d4edfe554a89fed8995ec,4143014903,株洲科技职业学院,株洲科技职业学院,湖南省,株洲市,专科,湖南省教育厅,valid,pending,MOE,2026,截至2026年6月17日,2026,民办
s_eade32b138ecf6e3b7d9c6c728b93fad,4143010836,株洲师范高等专科学校,株洲师范高等专科学校,湖南省,株洲市,专科,湖南省,valid,pending,MOE,2026,截至2026年6月17日,1943,
s_55dba0f069fe732624e04cc04aef1681,4122010206,白城师范学院,白城师范学院,吉林省,白城市,本科,吉林省,valid,pending,MOE,2026,截至2026年6月17日,560,
s_0aa89ebc7d8f0b1b317b70b32edfe427,4122013743,白城医学高等专科学校,白城医学高等专科学校,吉林省,白城市,专科,吉林省,valid,pending,MOE,2026,截至2026年6月17日,596,
s_76252705a748b895afaed94336b3b295,4122014107,白城职业技术学院,白城职业技术学院,吉林省,白城市,专科,吉林省,valid,pending,MOE,2026,截至2026年6月17日,599,
s_a7cdce5dbe19422ecd6a85d4f94e4836,4122010201,北华大学,北华大学,吉林省,吉林市,本科,吉林省,valid,pending,MOE,2026,截至2026年6月17日,555,
s_d3c5e3a8531765f270cde47c014a2679,4122010188,东北电力大学,东北电力大学,吉林省,吉林市,本科,吉林省,valid,pending,MOE,2026,截至2026年6月17日,548,
s_65b9311228ff69513e5dfce2f19d9618,4122010200,东北师范大学,东北师范大学,吉林省,长春市,本科,教育部,valid,pending,MOE,2026,截至2026年6月17日,554,
s_254cd6b91abafb094c15d4d1883f8c62,4122010207,吉林财经大学,吉林财经大学,吉林省,长春市,本科,吉林省,valid,pending,MOE,2026,截至2026年6月17日,561,
s_de2ae2307e93b89aced076f3cd0d7b54,4122014426,吉林城市职业技术学院,吉林城市职业技术学院,吉林省,长春市,专科,吉林省教育厅,valid,pending,MOE,2026,截至2026年6月17日,603,民办
s_5d0e0f115cac510af930eb9b8c1588e5,4122010183,吉林大学,吉林大学,吉林省,长春市,本科,教育部,valid,pending,MOE,2026,截至2026年6月17日,545,
s_f1cbd9e7aa5d4f54f43cd0f2d5583423,4122012902,吉林电子信息职业技术学院,吉林电子信息职业技术学院,吉林省,吉林市,专科,吉林省,valid,pending,MOE,2026,截至2026年6月17日,593,
s_f0f4ad1cf9ba21928270e7a2b5048288,4122013607,吉林动画学院,吉林动画学院,吉林省,长春市,本科,吉林省教育厅,valid,pending,MOE,2026,截至2026年6月17日,577,民办
s_fdd45e0d28e158641b997697abeee5d9,4122010204,吉林工程技术师范学院,吉林工程技术师范学院,吉林省,长春市,本科,吉林省,valid,pending,MOE,2026,截至2026年6月17日,558,
s_da87631b3362bb795cd3b4e435d89ff2,4122012904,吉林工程职业学院,吉林工程职业学院,吉林省,四平市,专科,吉林省,valid,pending,MOE,2026,截至2026年6月17日,595,
s_448ca73d76281ee73fd24761ef58b8f9,4122011261,吉林工商学院,吉林工商学院,吉林省,长春市,本科,吉林省,valid,pending,MOE,2026,截至2026年6月17日,565,
s_b24b2e8c581e4ca0aa0c7dcacbfbfa9b,4122012903,吉林工业职业技术学院,吉林工业职业技术学院,吉林省,吉林市,专科,吉林省,valid,pending,MOE,2026,截至2026年6月17日,594,
s_efb7bb480a384a2af90a0e7b888aeea4,4122010192,吉林化工大学,吉林化工大学,吉林省,吉林市,本科,吉林省,valid,pending,MOE,2026,截至2026年6月17日,551,
s_0008e63af8d259ce5947e2942ad2209b,4122010191,吉林建筑大学,吉林建筑大学,吉林省,长春市,本科,吉林省,valid,pending,MOE,2026,截至2026年6月17日,550,
s_4cf844a083a916efd3fd05411cd99548,4122013604,吉林建筑科技学院,吉林建筑科技学院,吉林省,长春市,本科,吉林省教育厅,valid,pending,MOE,2026,截至2026年6月17日,574,民办
s_3a341f28f99c9b035812c7c41df0c4b5,4122012049,吉林交通职业技术学院,吉林交通职业技术学院,吉林省,长春市,专科,吉林省,valid,pending,MOE,2026,截至2026年6月17日,590,
s_9010448f9fac9622c4f1fdf9a05085d1,4122011441,吉林警察学院,吉林警察学院,吉林省,长春市,本科,吉林省,valid,pending,MOE,2026,截至2026年6月17日,568,
s_b14b2cd383c530419e1402d8c5ca2a6c,4122014291,吉林科技职业技术学院,吉林科技职业技术学院,吉林省,长春市,专科,吉林省教育厅,valid,pending,MOE,2026,截至2026年6月17日,601,民办
s_301420c4be82b0b309fc7fc3e9507acd,4122010193,吉林农业大学,吉林农业大学,吉林省,长春市,本科,吉林省,valid,pending,MOE,2026,截至2026年6月17日,552,
s_2ca65b01432968f3bb80f1cf8b9dcd27,4122011439,吉林农业科技学院,吉林农业科技学院,吉林省,吉林市,本科,吉林省,valid,pending,MOE,2026,截至2026年6月17日,567,
s_c626a606f36956288713cc138c8449ae,4122010203,吉林师范大学,吉林师范大学,吉林省,四平市,本科,吉林省,valid,pending,MOE,2026,截至2026年6月17日,557,
s_f474606d8d59dfd7696284c827555e6e,4122013622,吉林师范大学博达学院,吉林师范大学博达学院,吉林省,四平市,本科,吉林省教育厅,valid,pending,MOE,2026,截至2026年6月17日,578,民办
s_7cb8488b942fef13e5418e5369887afd,4122014602,吉林水利电力职业学院,吉林水利电力职业学院,吉林省,长春市,专科,吉林省,valid,pending,MOE,2026,截至2026年6月17日,605,
s_43010313435740129680a9f2521d5f89,4122012901,吉林司法警官职业学院,吉林司法警官职业学院,吉林省,长春市,专科,吉林省,valid,pending,MOE,2026,截至2026年6月17日,592,
s_6402d9a6dff71256378f79b65975fd55,4122010208,吉林体育学院,吉林体育学院,吉林省,长春市,本科,吉林省,valid,pending,MOE,2026,截至2026年6月17日,562,
s_5b20ff891dccc7cfa86c8d88320b3eb1,4122014052,吉林铁道职业技术大学,吉林铁道职业技术大学,吉林省,吉林市,本科,吉林省,valid,pending,MOE,2026,截至2026年6月17日,584,
s_eef061e1d6b89e7267af7f97fd3b547b,4122014743,吉林通用航空职业技术学院,吉林通用航空职业技术学院,吉林省,吉林市,专科,吉林省,valid,pending,MOE,2026,截至2026年6月17日,609,
s_d0fe274f4b0c082fa920b4a708900e46,4122010964,吉林外国语大学,吉林外国语大学,吉林省,长春市,本科,吉林省教育厅,valid,pending,MOE,2026,截至2026年6月17日,564,民办
s_ea34b3ee9046e91e32d41051cd0f10d7,4122013706,吉林医药学院,吉林医药学院,吉林省,吉林市,本科,吉林省,valid,pending,MOE,2026,截至2026年6月17日,581,
s_e988ec6d3f209c4a87a34055acad0191,4122010209,吉林艺术学院,吉林艺术学院,吉林省,长春市,本科,吉林省,valid,pending,MOE,2026,截至2026年6月17日,563,
s_3014a2133b2828587db02162e26b74c6,4122014567,吉林职业技术学院,吉林职业技术学院,吉林省,延边朝鲜族自治州,专科,吉林省教育厅,valid,pending,MOE,2026,截至2026年6月17日,604,民办
s_ea1e9cb84ed8280f32168e9225297902,4122010847,辽源职业技术学院,辽源职业技术学院,吉林省,辽源市,专科,吉林省,valid,pending,MOE,2026,截至2026年6月17日,586,
s_a42b4c1977e44f7e8e20e27347590319,4122014702,梅河口康美职业技术学院,梅河口康美职业技术学院,吉林省,通化市,专科,吉林省教育厅,valid,pending,MOE,2026,截至2026年6月17日,608,民办
s_1c94878424ee0bb0dac15c6081aa510a,4122014910,四平现代职业学院,四平现代职业学院,吉林省,四平市,专科,吉林省,valid,pending,MOE,2026,截至2026年6月17日,612,
s_8de14f1e35d94545f682f6c33624a7a0,4122011044,四平职业大学,四平职业大学,吉林省,四平市,专科,吉林省,valid,pending,MOE,2026,截至2026年6月17日,587,
s_c87f755612f8b58d087a3c803aeb2d3b,4122013917,松原职业技术学院,松原职业技术学院,吉林省,松原市,专科,吉林省,valid,pending,MOE,2026,截至2026年6月17日,598,
s_2306adc988558e8f633503203e165254,4122010202,通化师范学院,通化师范学院,吉林省,通化市,本科,吉林省,valid,pending,MOE,2026,截至2026年6月17日,556,
s_35fdba87c7deb874205c103fef2835bf,4122014744,通化医药健康职业学院,通化医药健康职业学院,吉林省,通化市,专科,吉林省,valid,pending,MOE,2026,截至2026年6月17日,610,
s_1fcfdeda0ac6b3eabff16383bb03e4fe,4122010184,延边大学,延边大学,吉林省,延边朝鲜族自治州,本科,吉林省,valid,pending,MOE,2026,截至2026年6月17日,546,
s_f961969c7833985df5d3ddba84f6b5cd,4122014340,延边职业技术学院,延边职业技术学院,吉林省,延边朝鲜族自治州,专科,吉林省,valid,pending,MOE,2026,截至2026年6月17日,602,
s_3f0f7ddb27faf4fa52f7a54ced639818,4122014190,长白山职业技术学院,长白山职业技术学院,吉林省,白山市,专科,吉林省,valid,pending,MOE,2026,截至2026年6月17日,600,
s_1d7ed3b44d26410c41ab61e9d5ff2de9,4122013603,长春财经学院,长春财经学院,吉林省,长春市,本科,吉林省教育厅,valid,pending,MOE,2026,截至2026年6月17日,573,民办
s_e586a85127e45b58d950383d5dd923b7,4122011726,长春大学,长春大学,吉林省,长春市,本科,吉林省,valid,pending,MOE,2026,截至2026年6月17日,569,
s_5a06beb17ef771097d73aa0a3d2542db,4122013623,长春大学旅游学院,长春大学旅游学院,吉林省,长春市,本科,吉林省教育厅,valid,pending,MOE,2026,截至2026年6月17日,579,民办
s_b682ae082cf20035eb271a8f0ca2777c,4122013602,长春电子科技学院,长春电子科技学院,吉林省,长春市,本科,吉林省教育厅,valid,pending,MOE,2026,截至2026年6月17日,572,民办
s_42ac976055c77712bcbee89db95eb6b1,4122011437,长春工程学院,长春工程学院,吉林省,长春市,本科,吉林省,valid,pending,MOE,2026,截至2026年6月17日,566,
s_ef23065b357b7476d1e786277fbe85a0,4122010190,长春工业大学,长春工业大学,吉林省,长春市,本科,吉林省,valid,pending,MOE,2026,截至2026年6月17日,549,
s_efbd6a0682e0575889d38646648c1d66,4122013601,长春工业大学人文信息学院,长春工业大学人文信息学院,吉林省,长春市,本科,吉林省教育厅,valid,pending,MOE,2026,截至2026年6月17日,571,民办
s_92ca6edcfe34cc7643687943a1fb5645,4122013600,长春光华学院,长春光华学院,吉林省,长春市,本科,吉林省教育厅,valid,pending,MOE,2026,截至2026年6月17日,570,民办
s_008f2e3c17bdb4e87b98ddd87ca2bc70,4122013605,长春建筑学院,长春建筑学院,吉林省,长春市,本科,吉林省教育厅,valid,pending,MOE,2026,截至2026年6月17日,575,民办
s_edcf0bc2ee4f01b1b6679a35c13ffff8,4122014603,长春健康职业学院,长春健康职业学院,吉林省,长春市,专科,吉林省教育厅,valid,pending,MOE,2026,截至2026年6月17日,606,民办
s_206bbc4f7b3ccd4c021d16823df9a4bd,4122011440,长春金融高等专科学校,长春金融高等专科学校,吉林省,长春市,专科,吉林省,valid,pending,MOE,2026,截至2026年6月17日,588,
s_ea3423de0c46ab9d32d2f4585d54d9f5,4122013606,长春科技学院,长春科技学院,吉林省,长春市,本科,吉林省教育厅,valid,pending,MOE,2026,截至2026年6月17日,576,民办
s_109be508dae635ba580b8cb4bb43fe79,4122010186,长春理工大学,长春理工大学,吉林省,长春市,本科,吉林省,valid,pending,MOE,2026,截至2026年6月17日,547,
s_7b104c8da3e2ec86e3645ea4e8841611,4122011436,长春汽车职业技术大学,长春汽车职业技术大学,吉林省,长春市,本科,吉林省,valid,pending,MOE,2026,截至2026年6月17日,582,
s_915c68adf91d48771c88d50955db0523,4122013662,长春人文学院,长春人文学院,吉林省,长春市,本科,吉林省教育厅,valid,pending,MOE,2026,截至2026年6月17日,580,民办
s_e0d30ae868da0e2ae7cb04df8dde9378,4122010205,长春师范大学,长春师范大学,吉林省,长春市,本科,吉林省,valid,pending,MOE,2026,截至2026年6月17日,559,
s_74056e7c29a8a030d37433235a1e7396,3622000335,长春师范高等专科学校,长春师范高等专科学校,吉林省,长春市,专科,吉林省,valid,pending,MOE,2026,截至2026年6月17日,585,
s_455060cb73a55795a495ccb62ae6c6ca,4122014894,长春数字科技职业学院,长春数字科技职业学院,吉林省,长春市,专科,吉林省教育厅,valid,pending,MOE,2026,截至2026年6月17日,611,民办
s_9348f152b7b97e186b1c55146f959c62,4122013916,长春信息技术职业学院,长春信息技术职业学院,吉林省,长春市,专科,吉林省教育厅,valid,pending,MOE,2026,截至2026年6月17日,597,民办
s_58eb6075b5148ea30115e13076929c5d,4122011823,长春医学高等专科学校,长春医学高等专科学校,吉林省,长春市,专科,吉林省,valid,pending,MOE,2026,截至2026年6月17日,589,
s_0d000068affbe4845c0c55bdc41197a2,4122012306,长春医药职业学院,长春医药职业学院,吉林省,长春市,专科,吉林省教育厅,valid,pending,MOE,2026,截至2026年6月17日,591,民办
s_ee4dedb374adfaee6e940f3827fde1de,4122014701,长春早期教育职业学院,长春早期教育职业学院,吉林省,长春市,专科,吉林省教育厅,valid,pending,MOE,2026,截至2026年6月17日,607,民办
s_6a053a65c71d22a92d824e8e10355bf8,4122013161,长春职业技术大学,长春职业技术大学,吉林省,长春市,本科,吉林省,valid,pending,MOE,2026,截至2026年6月17日,583,
s_52aa0bd48b8e8a34379478211e8edc95,4122010199,长春中医药大学,长春中医药大学,吉林省,长春市,本科,吉林省,valid,pending,MOE,2026,截至2026年6月17日,553,
s_95ddf89d2e4a5b2b13ab5e2561f38346,4132010292,常州大学,常州大学,江苏省,常州市,本科,江苏省,valid,pending,MOE,2026,截至2026年6月17日,774,
s_341f038f809fe796711aae30752bcc0e,4132013992,常州大学怀德学院,常州大学怀德学院,江苏省,泰州市,本科,江苏省教育厅,valid,pending,MOE,2026,截至2026年6月17日,837,民办
s_0c0d5313180e3e8cfc1647af860af16b,4132012807,常州纺织服装职业技术学院,常州纺织服装职业技术学院,江苏省,常州市,专科,江苏省,valid,pending,MOE,2026,截至2026年6月17日,879,
s_d69eb8bca6108a408f79e84904a0c0cb,4132013102,常州工程职业技术学院,常州工程职业技术学院,江苏省,常州市,专科,江苏省,valid,pending,MOE,2026,截至2026年6月17日,891,
s_a8ac44fb1a704f75d79402edeac29432,4132011055,常州工学院,常州工学院,江苏省,常州市,本科,江苏省,valid,pending,MOE,2026,截至2026年6月17日,800,
s_66a948020d2f7e284c29cc364b7266bc,4132013101,常州工业职业技术学院,常州工业职业技术学院,江苏省,常州市,专科,江苏省,valid,pending,MOE,2026,截至2026年6月17日,890,
s_1725a6d38f15be00551788cf6cab58b2,4132013114,常州机电职业技术学院,常州机电职业技术学院,江苏省,常州市,专科,江苏省,valid,pending,MOE,2026,截至2026年6月17日,901,
s_85f7e58248ea12fafc6d296e92628d94,4132014913,常州铁道职业技术学院,常州铁道职业技术学院,江苏省,常州市,专科,江苏省,valid,pending,MOE,2026,截至2026年6月17日,938,
s_59166ab17b07c271f4cfef845bdd3f23,4132012317,常州信息职业技术大学,常州信息职业技术大学,江苏省,常州市,本科,江苏省,valid,pending,MOE,2026,截至2026年6月17日,849,
s_b252298e4684f6be67e8f3e7cdcb3483,4132014773,常州幼儿师范高等专科学校,常州幼儿师范高等专科学校,江苏省,常州市,专科,江苏省,valid,pending,MOE,2026,截至2026年6月17日,933,
s_3696f6ff7d391d69a22fc80913e226f8,4132010286,东南大学,东南大学,江苏省,南京市,本科,教育部,valid,pending,MOE,2026,截至2026年6月17日,768,
s_d70ca5186a69cd5dafb01c60a1b0e021,4132012689,东南大学成贤学院,东南大学成贤学院,江苏省,南京市,本科,江苏省教育厅,valid,pending,MOE,2026,截至2026年6月17日,812,民办
s_fb97b6c888cb372de966fa433c53c117,4132012078,硅湖职业技术学院,硅湖职业技术学院,江苏省,苏州市,专科,江苏省教育厅,valid,pending,MOE,2026,截至2026年6月17日,861,民办
s_266802046a84c6b232e78cdfdc488947,4132010294,河海大学,河海大学,江苏省,南京市,本科,教育部,valid,pending,MOE,2026,截至2026年6月17日,776,
s_1e1151e32c441c40618b90e9776f5a6d,4132011049,淮安大学,淮安大学,江苏省,淮安市,本科,江苏省,valid,pending,MOE,2026,截至2026年6月17日,799,
s_fcdc45ecddc4e15a142caee61e0e9e2f,4132010323,淮阴师范学院,淮阴师范学院,江苏省,淮安市,本科,江苏省,valid,pending,MOE,2026,截至2026年6月17日,790,
s_c5f014c9530620cb74932cb71100e74d,4132013105,建东职业技术学院,建东职业技术学院,江苏省,常州市,专科,江苏省教育厅,valid,pending,MOE,2026,截至2026年6月17日,894,民办
s_4bc59f2c0be148e522bf63319d86e431,4132013113,江海职业技术学院,江海职业技术学院,江苏省,扬州市,专科,江苏省教育厅,valid,pending,MOE,2026,截至2026年6月17日,900,民办
s_349670b3b720480aad1551bbe12d171e,4132010295,江南大学,江南大学,江苏省,无锡市,本科,教育部,valid,pending,MOE,2026,截至2026年6月17日,777,
s_76f0715af58ca2d0a23b21bd5b38f310,4132013017,江南影视艺术职业学院,江南影视艺术职业学院,江苏省,无锡市,专科,江苏省教育厅,valid,pending,MOE,2026,截至2026年6月17日,888,民办
s_445fdf3ccc02927c80ec866d65e1471d,4132014589,江苏安全技术职业学院,江苏安全技术职业学院,江苏省,徐州市,专科,江苏省,valid,pending,MOE,2026,截至2026年6月17日,931,
s_d7f5e466c9a4e0ad51bbdcb267177be1,4132014542,江苏财会职业学院,江苏财会职业学院,江苏省,连云港市,专科,江苏省,valid,pending,MOE,2026,截至2026年6月17日,928,
s_28c6019a9de4398e21af1f85f1605a17,4132013753,江苏财经职业技术学院,江苏财经职业技术学院,江苏省,淮安市,专科,江苏省,valid,pending,MOE,2026,截至2026年6月17日,908,
s_686f5aeb8d1c19690e014ab5c4a9edde,4132014000,江苏城市职业学院,江苏城市职业学院,江苏省,南京市,专科,江苏省,valid,pending,MOE,2026,截至2026年6月17日,913,
s_b1241e48f8c7337a11cba4919dd7e827,4132014543,江苏城乡建设职业学院,江苏城乡建设职业学院,江苏省,常州市,专科,江苏省,valid,pending,MOE,2026,截至2026年6月17日,929,
s_133e3009dc24747438fbd9fc2e47c3f4,4132010299,江苏大学,江苏大学,江苏省,镇江市,本科,江苏省,valid,pending,MOE,2026,截至2026年6月17日,779,
s_75ecf7554b8ac6fd05e6a43f918022bb,4132013986,江苏大学京江学院,江苏大学京江学院,江苏省,镇江市,本科,江苏省教育厅,valid,pending,MOE,2026,截至2026年6月17日,831,民办
s_4ce3121971dfd71706986b7f48b310be,4132014436,江苏第二师范学院,江苏第二师范学院,江苏省,南京市,本科,江苏省,valid,pending,MOE,2026,截至2026年6月17日,841,
s_c015cb3cd5b46b94d1217934a9464b7c,4132012805,江苏电子信息职业学院,江苏电子信息职业学院,江苏省,淮安市,专科,江苏省,valid,pending,MOE,2026,截至2026年6月17日,877,
s_ef55eeb5ddf203822a37e26f3e1ddfb5,4132010958,江苏工程职业技术学院,江苏工程职业技术学院,江苏省,南通市,专科,江苏省,valid,pending,MOE,2026,截至2026年6月17日,853,
s_ecea1cbaeaf5cc5b386b7860726dfe3d,4132012679,江苏海事职业技术学院,江苏海事职业技术学院,江苏省,南京市,专科,江苏省,valid,pending,MOE,2026,截至2026年6月17日,864,
s_cd8d327fd953cc7be60a09533cf3dde2,4132011641,江苏海洋大学,江苏海洋大学,江苏省,连云港市,本科,江苏省,valid,pending,MOE,2026,截至2026年6月17日,807,
s_ea91f83235ba0d942f61962f56fe82c0,4132014568,江苏航空职业技术学院,江苏航空职业技术学院,江苏省,镇江市,专科,江苏省,valid,pending,MOE,2026,截至2026年6月17日,930,
s_e315479674502135d0a4770cbf7bad5d,4132012703,江苏航运职业技术学院,江苏航运职业技术学院,江苏省,南通市,专科,江苏省,valid,pending,MOE,2026,截至2026年6月17日,875,
s_97af6453a00fd7e4477d720910259624,4132014541,江苏护理职业学院,江苏护理职业学院,江苏省,淮安市,专科,江苏省,valid,pending,MOE,2026,截至2026年6月17日,927,
s_2a8cef790d4f24fa0ae3f244e8583d83,4132010849,江苏建筑职业技术大学,江苏建筑职业技术大学,江苏省,徐州市,本科,江苏省,valid,pending,MOE,2026,截至2026年6月17日,848,
s_b4388ba7213d4ac7c4a4397b6e425891,4132012047,江苏经贸职业技术学院,江苏经贸职业技术学院,江苏省,南京市,专科,江苏省,valid,pending,MOE,2026,截至2026年6月17日,859,
s_2f780ce1efe10749f779b67a685f1c2c,4132010329,江苏警官学院,江苏警官学院,江苏省,南京市,本科,江苏省,valid,pending,MOE,2026,截至2026年6月17日,793,
s_f3be62a1627b9284b2144d1f411c1371,4132010289,江苏科技大学,江苏科技大学,江苏省,镇江市,本科,江苏省,valid,pending,MOE,2026,截至2026年6月17日,771,
s_3c1df56df17fe7fe439457b62d469b49,4132013991,江苏科技大学苏州理工学院,江苏科技大学苏州理工学院,江苏省,苏州市,本科,江苏省教育厅,valid,pending,MOE,2026,截至2026年6月17日,836,民办
s_207786d1381e4fd9519d1b713c8d639f,4132011463,江苏理工学院,江苏理工学院,江苏省,常州市,本科,江苏省,valid,pending,MOE,2026,截至2026年6月17日,806,
s_7af9ef23b565e3e6f13bcbc15d786673,4132012678,江苏联合职业技术学院,江苏联合职业技术学院,江苏省,南京市,专科,江苏省,valid,pending,MOE,2026,截至2026年6月17日,863,
s_c519b2658c26f3f0780630e7800d9841,4132014604,江苏旅游职业学院,江苏旅游职业学院,江苏省,扬州市,专科,江苏省,valid,pending,MOE,2026,截至2026年6月17日,932,
s_15a6d37562ef7041fe24c564f72ad1fb,4132013103,江苏农林职业技术学院,江苏农林职业技术学院,江苏省,镇江市,专科,江苏省,valid,pending,MOE,2026,截至2026年6月17日,892,
s_215dbcfd70c40333cf8333bebd901335,4132012806,江苏农牧科技职业学院,江苏农牧科技职业学院,江苏省,泰州市,专科,江苏省,valid,pending,MOE,2026,截至2026年6月17日,878,
s_20cbf5b79f7cde91a7cd6f6a76b78202,4132014475,江苏商贸职业学院,江苏商贸职业学院,江苏省,南通市,专科,江苏省,valid,pending,MOE,2026,截至2026年6月17日,924,
s_218cf8113683bd89f971e0362689bb1e,4132010320,江苏师范大学,江苏师范大学,江苏省,徐州市,本科,江苏省,valid,pending,MOE,2026,截至2026年6月17日,789,
s_a857d44295286c9f6a152d4913d30af0,4132013988,江苏师范大学科文学院,江苏师范大学科文学院,江苏省,徐州市,本科,江苏省教育厅,valid,pending,MOE,2026,截至2026年6月17日,833,民办
s_fee619b6cc0482469d057feeba8d263f,4132013104,江苏食品药品职业技术学院,江苏食品药品职业技术学院,江苏省,淮安市,专科,江苏省,valid,pending,MOE,2026,截至2026年6月17日,893,
s_405a20ee42370ca8357f9bfb26ca9b58,4132014841,江苏司法警官职业学院,江苏司法警官职业学院,江苏省,南京市,专科,江苏省,valid,pending,MOE,2026,截至2026年6月17日,934,
s_f815c8f6fbc23ea75aad1e3d4d3eb077,4132014255,江苏卫生健康职业学院,江苏卫生健康职业学院,江苏省,南京市,专科,江苏省,valid,pending,MOE,2026,截至2026年6月17日,918,
s_6711f71607a4d71f40b3019cce3cd409,4132013108,江苏信息职业技术学院,江苏信息职业技术学院,江苏省,无锡市,专科,江苏省,valid,pending,MOE,2026,截至2026年6月17日,897,
s_47a149afb90366e5bd9f0c66fd128e7b,4132012682,江苏医药职业学院,江苏医药职业学院,江苏省,盐城市,专科,江苏省,valid,pending,MOE,2026,截至2026年6月17日,867,
s_1077afebe01437d51692d337e5a0432f,4132013137,江阴职业技术学院,江阴职业技术学院,江苏省,无锡市,专科,江苏省,valid,pending,MOE,2026,截至2026年6月17日,902,
s_31a3b29c479b4d4eb8d3616f9687a83c,4132013100,金肯职业技术学院,金肯职业技术学院,江苏省,南京市,专科,江苏省教育厅,valid,pending,MOE,2026,截至2026年6月17日,889,民办
s_dcd9d01ba208c63e57c674140b79da50,4132013573,金陵科技学院,金陵科技学院,江苏省,南京市,本科,江苏省,valid,pending,MOE,2026,截至2026年6月17日,815,
s_3477c7be65a48ba98faf54dc9414038e,4132013750,金山职业技术学院,金山职业技术学院,江苏省,镇江市,专科,江苏省教育厅,valid,pending,MOE,2026,截至2026年6月17日,905,民办
s_6e4a0b10f6b0030f623e5417e29e1174,4132012054,九州职业技术学院,九州职业技术学院,江苏省,徐州市,专科,江苏省教育厅,valid,pending,MOE,2026,截至2026年6月17日,860,民办
s_76ca10569fa18208d0ee61c2aeb53d80,4132013963,昆山登云科技职业学院,昆山登云科技职业学院,江苏省,苏州市,专科,江苏省教育厅,valid,pending,MOE,2026,截至2026年6月17日,911,民办
s_f0fda68bfd4e69d51747d6e17705662c,4132016406,昆山杜克大学,昆山杜克大学,江苏省,昆山市,本科,江苏省教育厅,valid,pending,MOE,2026,截至2026年6月17日,843,中外合作办学及内地与港澳合作办学
s_836d06b7b34d4bf84b5319f852b2233b,4132011585,连云港师范学院,连云港师范学院,江苏省,连云港市,本科,江苏省,valid,pending,MOE,2026,截至2026年6月17日,844,
s_b92ecadde1129877c1a17e0e1ce38a48,4132011050,连云港职业技术学院,连云港职业技术学院,江苏省,连云港市,专科,江苏省,valid,pending,MOE,2026,截至2026年6月17日,855,
s_9fd63bd1274e5ffa953771a34b36932d,4132010826,明达职业技术学院,明达职业技术学院,江苏省,盐城市,专科,江苏省教育厅,valid,pending,MOE,2026,截至2026年6月17日,852,民办
s_35bbc07dff39e51e57552d70d8d0e8ef,4132010327,南京财经大学,南京财经大学,江苏省,南京市,本科,江苏省,valid,pending,MOE,2026,截至2026年6月17日,792,
s_48c907d2ec06bd5a373b8166e75ba21b,4132013990,南京财经大学红山学院,南京财经大学红山学院,江苏省,南京市,本科,江苏省教育厅,valid,pending,MOE,2026,截至2026年6月17日,835,民办
s_e3447cde1560d046bd528794c7461dd7,4132014001,南京城市职业学院,南京城市职业学院,江苏省,南京市,专科,江苏省,valid,pending,MOE,2026,截至2026年6月17日,914,
s_fb56cba657afd94be5a9bd4bd1f6804b,4132013687,南京传媒学院,南京传媒学院,江苏省,南京市,本科,江苏省教育厅,valid,pending,MOE,2026,截至2026年6月17日,820,民办
s_da5d67e9f0416f864d785020e664dd25,4132010284,南京大学,南京大学,江苏省,南京市,本科,教育部,valid,pending,MOE,2026,截至2026年6月17日,766,
s_4bbeec38cdb008b49e6f713cf425b972,4132013646,南京大学金陵学院,南京大学金陵学院,江苏省,南京市,本科,江苏省教育厅,valid,pending,MOE,2026,截至2026年6月17日,817,民办
s_77d1d5d0860a068d19953f1d7c8fc02b,4132011276,南京工程学院,南京工程学院,江苏省,南京市,本科,江苏省,valid,pending,MOE,2026,截至2026年6月17日,803,
s_78b8fa8c0aa46d4b7227324d89966338,4132010291,南京工业大学,南京工业大学,江苏省,南京市,本科,江苏省,valid,pending,MOE,2026,截至2026年6月17日,773,
s_d6fc1983cab9ecce63074e9b9fe2eaa0,4132013905,南京工业大学浦江学院,南京工业大学浦江学院,江苏省,南京市,本科,江苏省教育厅,valid,pending,MOE,2026,截至2026年6月17日,823,民办
s_5547fb009fea1e50dd27173c7af0c498,4132010850,南京工业职业技术大学,南京工业职业技术大学,江苏省,南京市,本科,江苏省,valid,pending,MOE,2026,截至2026年6月17日,798,
s_a1d73bf395108b516ad6749b45c33b71,4132010287,南京航空航天大学,南京航空航天大学,江苏省,南京市,本科,工业和信息化部,valid,pending,MOE,2026,截至2026年6月17日,769,
s_285a1257f5272aa5fa4ec8a8749ddc88,4132013655,南京航空航天大学金城学院,南京航空航天大学金城学院,江苏省,南京市,本科,江苏省教育厅,valid,pending,MOE,2026,截至2026年6月17日,819,民办
s_e679cb744eb8aa315eaab0beadd93bba,4132014056,南京机电职业技术学院,南京机电职业技术学院,江苏省,南京市,专科,江苏省,valid,pending,MOE,2026,截至2026年6月17日,915,
s_a238522a2d4599f13e949ca28f9c7f7a,4132012804,南京交通职业技术学院,南京交通职业技术学院,江苏省,南京市,专科,江苏省,valid,pending,MOE,2026,截至2026年6月17日,876,
s_dbb8d276de836a11391aa02f65b6a89a,4132012213,南京警察学院,南京警察学院,江苏省,南京市,本科,公安部,valid,pending,MOE,2026,截至2026年6月17日,811,
s_14a41d33ff53b18b41b1f69b5dfbfc44,4132012920,南京科技职业学院,南京科技职业学院,江苏省,南京市,专科,江苏省,valid,pending,MOE,2026,截至2026年6月17日,884,
s_d0365f4d30ff3dcd1f85e8c50130e024,4132010288,南京理工大学,南京理工大学,江苏省,南京市,本科,工业和信息化部,valid,pending,MOE,2026,截至2026年6月17日,770,
s_b7e53275fb80c8a904239c72aa892a9b,4132013842,南京理工大学泰州科技学院,南京理工大学泰州科技学院,江苏省,泰州市,本科,江苏省教育厅,valid,pending,MOE,2026,截至2026年6月17日,821,民办
s_41236ed6a8b4b7aae110f37c4b0acf2d,4132013654,南京理工大学紫金学院,南京理工大学紫金学院,江苏省,南京市,本科,江苏省教育厅,valid,pending,MOE,2026,截至2026年6月17日,818,民办
s_d4857f147f3c4c2c39691170b432a226,4132010298,南京林业大学,南京林业大学,江苏省,南京市,本科,江苏省,valid,pending,MOE,2026,截至2026年6月17日,778,
s_9220fa070b1aa4257b40f7ac69637eff,4132014180,南京旅游职业学院,南京旅游职业学院,江苏省,南京市,专科,江苏省,valid,pending,MOE,2026,截至2026年6月17日,917,
s_8ba93a50aaad8a2ebc3d693609912b7b,4132010307,南京农业大学,南京农业大学,江苏省,南京市,本科,教育部,valid,pending,MOE,2026,截至2026年6月17日,783,
s_e4e87fbb7486715aa6f90c3702457770,4132011287,南京审计大学,南京审计大学,江苏省,南京市,本科,江苏省,valid,pending,MOE,2026,截至2026年6月17日,804,
s_1c5020c29aa8fde7ca61720972a2f404,4132013994,南京审计大学金审学院,南京审计大学金审学院,江苏省,南京市,本科,江苏省教育厅,valid,pending,MOE,2026,截至2026年6月17日,839,民办
s_f7db1132ce96c2debf6d5209ebc1ff3e,4132010319,南京师范大学,南京师范大学,江苏省,南京市,本科,江苏省,valid,pending,MOE,2026,截至2026年6月17日,788,
s_023624077e9340bf88117aa4091938a2,4132013843,南京师范大学泰州学院,南京师范大学泰州学院,江苏省,泰州市,本科,江苏省教育厅,valid,pending,MOE,2026,截至2026年6月17日,822,民办
s_658814717f68e08d7f70baf4f5179ede,4132013906,南京师范大学中北学院,南京师范大学中北学院,江苏省,镇江市,本科,江苏省教育厅,valid,pending,MOE,2026,截至2026年6月17日,824,民办
s_dcd6094e82a8226b2de28d3788f0edad,4132013964,南京视觉艺术职业学院,南京视觉艺术职业学院,江苏省,南京市,专科,江苏省教育厅,valid,pending,MOE,2026,截至2026年6月17日,912,民办
s_5b261aa97cedecab129604f3983e0742,4132012048,南京特殊教育师范学院,南京特殊教育师范学院,江苏省,南京市,本科,江苏省,valid,pending,MOE,2026,截至2026年6月17日,809,
s_5f505e7b4de863a0b02c25feca9e1d2c,4132010330,南京体育学院,南京体育学院,江苏省,南京市,本科,江苏省,valid,pending,MOE,2026,截至2026年6月17日,794,
s_3357ed0ac2aa02d42a6fb15a8f8fc80a,4132013106,南京铁道职业技术学院,南京铁道职业技术学院,江苏省,南京市,专科,江苏省,valid,pending,MOE,2026,截至2026年6月17日,895,
s_02d35ed3b648b7d780447078a7a9e857,4132011460,南京晓庄学院,南京晓庄学院,江苏省,南京市,本科,江苏省,valid,pending,MOE,2026,截至2026年6月17日,805,
s_ec24b2e88e6dc78ee404ccfc1b2ab902,4132010300,南京信息工程大学,南京信息工程大学,江苏省,南京市,本科,江苏省,valid,pending,MOE,2026,截至2026年6月17日,780,
s_f947b3e563142d316f2807cbd7bba299,4132013112,南京信息职业技术学院,南京信息职业技术学院,江苏省,南京市,专科,江苏省,valid,pending,MOE,2026,截至2026年6月17日,899,
s_5611c6142f0cbd4f9c4ce3d6756e1d97,4132010312,南京医科大学,南京医科大学,江苏省,南京市,本科,江苏省,valid,pending,MOE,2026,截至2026年6月17日,784,
s_5167ff6bed5c77d140397370e50ce793,4132013980,南京医科大学康达学院,南京医科大学康达学院,江苏省,连云港市,本科,江苏省教育厅,valid,pending,MOE,2026,截至2026年6月17日,825,民办
s_48e69b2fbf4fc4073eae8f04a13cbdc8,4132010331,南京艺术学院,南京艺术学院,江苏省,南京市,本科,江苏省,valid,pending,MOE,2026,截至2026年6月17日,795,
s_60fe9c2e7d4d0e13657568e9478b3cf5,4132010293,南京邮电大学,南京邮电大学,江苏省,南京市,本科,江苏省,valid,pending,MOE,2026,截至2026年6月17日,775,
s_00e7ae9f66c168c609bcfcf117c88f82,4132013989,南京邮电大学通达学院,南京邮电大学通达学院,江苏省,扬州市,本科,江苏省教育厅,valid,pending,MOE,2026,截至2026年6月17日,834,民办
s_92a9320ecca73fea48453f65b75cedbb,4132010315,南京中医药大学,南京中医药大学,江苏省,南京市,本科,江苏省,valid,pending,MOE,2026,截至2026年6月17日,786,
s_babd2df497e3a8b01934f13b922676fd,4132013981,南京中医药大学翰林学院,南京中医药大学翰林学院,江苏省,泰州市,本科,江苏省教育厅,valid,pending,MOE,2026,截至2026年6月17日,826,民办
s_165ac89e99e8a18e21d221209f49d993,4132010304,南通大学,南通大学,江苏省,南通市,本科,江苏省,valid,pending,MOE,2026,截至2026年6月17日,781,
s_e3df40101f88e16588d1ee4565f64f25,4132013993,南通大学杏林学院,南通大学杏林学院,江苏省,南通市,本科,江苏省教育厅,valid,pending,MOE,2026,截至2026年6月17日,838,民办
s_c27f70759de7b914997d8173bd7615f3,4132012684,南通科技职业学院,南通科技职业学院,江苏省,南通市,专科,江苏省,valid,pending,MOE,2026,截至2026年6月17日,869,
s_4e537e38a824834ced10158875c85e05,4132012056,南通理工学院,南通理工学院,江苏省,南通市,本科,江苏省教育厅,valid,pending,MOE,2026,截至2026年6月17日,810,民办
s_14d35e3db1af26a89fec0fac891503e3,4132014493,南通师范高等专科学校,南通师范高等专科学校,江苏省,南通市,专科,江苏省,valid,pending,MOE,2026,截至2026年6月17日,925,
s_f059ff91985ec485e6e36efa3bb44a21,4132014915,南通卫生健康职业学院,南通卫生健康职业学院,江苏省,南通市,专科,江苏省,valid,pending,MOE,2026,截至2026年6月17日,940,
s_2b8786633ab064c133bb5ab337df693f,4132011052,南通职业大学,南通职业大学,江苏省,南通市,专科,江苏省,valid,pending,MOE,2026,截至2026年6月17日,857,
s_ce015f10f555a0d53293c34e4f3b05a4,4132011122,三江学院,三江学院,江苏省,南京市,本科,江苏省教育厅,valid,pending,MOE,2026,截至2026年6月17日,802,民办
s_ab6fd3ee0c45188920dbafd23d4bc94b,4132011288,沙洲职业工学院,沙洲职业工学院,江苏省,苏州市,专科,江苏省,valid,pending,MOE,2026,截至2026年6月17日,858,
s_91f600c24b49172b9e0f1c00a369b8d1,4132013962,苏州百年职业学院,苏州百年职业学院,江苏省,苏州市,专科,江苏省教育厅,valid,pending,MOE,2026,截至2026年6月17日,910,中外合作办学及内地与港澳合作办学
s_392da219a6022eb1de68d490be6bd715,4132013983,苏州城市学院,苏州城市学院,江苏省,苏州市,本科,江苏省,valid,pending,MOE,2026,截至2026年6月17日,828,
s_587a424c3c59f54e69c59a84fab716d1,4132010285,苏州大学,苏州大学,江苏省,苏州市,本科,江苏省,valid,pending,MOE,2026,截至2026年6月17日,767,
s_a6e7216a254d6c195b4b7de648e70bda,4132013984,苏州大学应用技术学院,苏州大学应用技术学院,江苏省,苏州市,本科,江苏省教育厅,valid,pending,MOE,2026,截至2026年6月17日,829,民办
s_7f21c63c3543e5a45ab142620b0d65a4,4132014163,苏州高博职业学院,苏州高博职业学院,江苏省,苏州市,专科,江苏省教育厅,valid,pending,MOE,2026,截至2026年6月17日,916,民办
s_9bd4488a76d2e3ef42e5df28274fadfe,4132010333,苏州工学院,苏州工学院,江苏省,苏州市,本科,江苏省,valid,pending,MOE,2026,截至2026年6月17日,797,
s_f4d4452c7de53291809fcae05a97420b,4132014295,苏州工业园区服务外包职业学院,苏州工业园区服务外包职业学院,江苏省,苏州市,专科,江苏省,valid,pending,MOE,2026,截至2026年6月17日,921,
s_0bb5b402dd0a58d2d814895d7ce1df32,4132012809,苏州工业园区职业技术学院,苏州工业园区职业技术学院,江苏省,苏州市,专科,江苏省,valid,pending,MOE,2026,截至2026年6月17日,881,
s_3eaee2590eec3d8ef38c44212c064bdc,4132012686,苏州工业职业技术学院,苏州工业职业技术学院,江苏省,苏州市,专科,江苏省,valid,pending,MOE,2026,截至2026年6月17日,871,
s_0a8fe3d3ca9707e285b1beaa3558a4db,4132010960,苏州工艺美术职业技术学院,苏州工艺美术职业技术学院,江苏省,苏州市,专科,江苏省,valid,pending,MOE,2026,截至2026年6月17日,854,
s_99298f493ccf76ffbb35df568354fb7d,4132013751,苏州健雄职业技术学院,苏州健雄职业技术学院,江苏省,苏州市,专科,江苏省,valid,pending,MOE,2026,截至2026年6月17日,906,
s_6b54149fdb84cb359b0183bfa39c2694,4132012685,苏州经贸职业技术学院,苏州经贸职业技术学院,江苏省,苏州市,专科,江苏省,valid,pending,MOE,2026,截至2026年6月17日,870,
s_928e1aa01257e22b7fab1f018e57bd8d,4132010332,苏州科技大学,苏州科技大学,江苏省,苏州市,本科,江苏省,valid,pending,MOE,2026,截至2026年6月17日,796,
s_011a93ae18f8e72caf59bb896f2455ef,4132013985,苏州科技大学天平学院,苏州科技大学天平学院,江苏省,南京市,本科,江苏省教育厅,valid,pending,MOE,2026,截至2026年6月17日,830,民办
s_8a095f2d131981a5d6d8f4db4e81d42a,4132014914,苏州旅游职业学院,苏州旅游职业学院,江苏省,苏州市,专科,江苏省,valid,pending,MOE,2026,截至2026年6月17日,939,
s_880ed3ff716e785f5c0d7b7f3c78df0b,4132012808,苏州农业职业技术学院,苏州农业职业技术学院,江苏省,苏州市,专科,江苏省,valid,pending,MOE,2026,截至2026年6月17日,880,
s_1e4ecca42c2e2c93c33939e11322bd14,4132012687,苏州托普信息职业技术学院,苏州托普信息职业技术学院,江苏省,苏州市,专科,江苏省教育厅,valid,pending,MOE,2026,截至2026年6月17日,872,民办
s_269657d747fc15593d4015124be48463,4132012688,苏州卫生职业技术学院,苏州卫生职业技术学院,江苏省,苏州市,专科,江苏省,valid,pending,MOE,2026,截至2026年6月17日,873,
s_1d8beef1e87fe3e7b775275bc807eb8d,4132014256,苏州信息职业技术学院,苏州信息职业技术学院,江苏省,苏州市,专科,江苏省,valid,pending,MOE,2026,截至2026年6月17日,919,
s_f2cc63848fc072f3340dee7bec901ba7,3632000583,苏州幼儿师范高等专科学校,苏州幼儿师范高等专科学校,江苏省,苏州市,专科,江苏省,valid,pending,MOE,2026,截至2026年6月17日,851,
s_9b9360e3e368685f05584a90b238203a,4132011054,苏州职业技术大学,苏州职业技术大学,江苏省,苏州市,本科,江苏省,valid,pending,MOE,2026,截至2026年6月17日,846,
s_537d69f28bdb41865ca6c33681a0b748,4132014160,宿迁学院,宿迁学院,江苏省,宿迁市,本科,江苏省,valid,pending,MOE,2026,截至2026年6月17日,840,
s_56fbce342a973344aeb14046548c864c,4132014854,宿迁幼儿师范高等专科学校,宿迁幼儿师范高等专科学校,江苏省,宿迁市,专科,江苏省,valid,pending,MOE,2026,截至2026年6月17日,936,
s_f9dfd9bf5d83bd29d04b04eb9687cbc1,4132014293,宿迁泽达职业技术学院,宿迁泽达职业技术学院,江苏省,宿迁市,专科,江苏省教育厅,valid,pending,MOE,2026,截至2026年6月17日,920,民办
s_2b31adae8ee36428efb1fc30950e8e34,4132013110,宿迁职业技术学院,宿迁职业技术学院,江苏省,宿迁市,专科,江苏省,valid,pending,MOE,2026,截至2026年6月17日,898,
s_0ba9882ee8c7f2e3797bc6d90ead34a1,4132012918,太湖创意职业技术学院,太湖创意职业技术学院,江苏省,无锡市,专科,江苏省教育厅,valid,pending,MOE,2026,截至2026年6月17日,882,民办
s_7c2475a72e2729fc5b405fd547d59921,4132012917,泰州学院,泰州学院,江苏省,泰州市,本科,江苏省,valid,pending,MOE,2026,截至2026年6月17日,813,
s_ca42f62aaabe523109afb54188bd9369,4132012106,泰州职业技术学院,泰州职业技术学院,江苏省,泰州市,专科,江苏省,valid,pending,MOE,2026,截至2026年6月17日,862,
s_22cca64554e84d513f5a7880892f8cf9,4132013748,无锡城市职业技术学院,无锡城市职业技术学院,江苏省,无锡市,专科,江苏省,valid,pending,MOE,2026,截至2026年6月17日,903,
s_5a5bb24bf9fcd098926602be7c7220a8,4132013749,无锡工艺职业技术学院,无锡工艺职业技术学院,江苏省,无锡市,专科,江苏省,valid,pending,MOE,2026,截至2026年6月17日,904,
s_8f4ef29e1605e3c131aa01e650a9de54,4132012681,无锡科技职业学院,无锡科技职业学院,江苏省,无锡市,专科,江苏省,valid,pending,MOE,2026,截至2026年6月17日,866,
s_d7f491c80d71fd0c90c7c0367c30ac57,4132012923,无锡南洋职业技术学院,无锡南洋职业技术学院,江苏省,无锡市,专科,江苏省教育厅,valid,pending,MOE,2026,截至2026年6月17日,887,民办
s_e3db5f2e3ea8692427aac318bf8b210b,4132012702,无锡商业职业技术学院,无锡商业职业技术学院,江苏省,无锡市,专科,江苏省,valid,pending,MOE,2026,截至2026年6月17日,874,
s_57b556f65cdeeb42096acd8c86247521,4132014855,无锡师范高等专科学校,无锡师范高等专科学校,江苏省,无锡市,专科,江苏省,valid,pending,MOE,2026,截至2026年6月17日,937,
s_a16e5d418d984496bcef6b46d953b8f7,4132013571,无锡太湖学院,无锡太湖学院,江苏省,无锡市,本科,江苏省教育厅,valid,pending,MOE,2026,截至2026年6月17日,814,民办
s_3a3cae1f5200178d8c431b2b3f339ceb,4132013982,无锡学院,无锡学院,江苏省,无锡市,本科,江苏省,valid,pending,MOE,2026,截至2026年6月17日,827,
s_e0474d1712b2f97adaadf3d2bcaa3fa4,4132010848,无锡职业技术大学,无锡职业技术大学,江苏省,无锡市,本科,江苏省,valid,pending,MOE,2026,截至2026年6月17日,845,
s_39d8d767c8e0c5427922dfdbeddf5409,4132016403,西交利物浦大学,西交利物浦大学,江苏省,苏州市,本科,江苏省教育厅,valid,pending,MOE,2026,截至2026年6月17日,842,中外合作办学及内地与港澳合作办学
s_b2c2e5fd3d5f44eff1d355192eb97142,4132011998,徐州工程学院,徐州工程学院,江苏省,徐州市,本科,江苏省,valid,pending,MOE,2026,截至2026年6月17日,808,
s_9ce82ad512ce6c6f72a4f8a3fd4c9569,4132013107,徐州工业职业技术学院,徐州工业职业技术学院,江苏省,徐州市,专科,江苏省,valid,pending,MOE,2026,截至2026年6月17日,896,
s_787d14fde1db258c700ee6c8e191e435,4132014401,徐州生物工程职业技术学院,徐州生物工程职业技术学院,江苏省,徐州市,专科,江苏省,valid,pending,MOE,2026,截至2026年6月17日,923,
s_28086a68f8eda6849411f0e45e58d768,4132010313,徐州医科大学,徐州医科大学,江苏省,徐州市,本科,江苏省,valid,pending,MOE,2026,截至2026年6月17日,785,
s_28cb1b2fb4515edea7225d93b04e0b48,4132014329,徐州幼儿师范高等专科学校,徐州幼儿师范高等专科学校,江苏省,徐州市,专科,江苏省,valid,pending,MOE,2026,截至2026年6月17日,922,
s_925f2c0f4f894a24726fd5a21ab95e6b,4132012919,炎黄职业技术学院,炎黄职业技术学院,江苏省,淮安市,专科,江苏省教育厅,valid,pending,MOE,2026,截至2026年6月17日,883,民办
s_558aa07223e0ad8c3b9fa3e9551d85bb,4132010305,盐城工学院,盐城工学院,江苏省,盐城市,本科,江苏省,valid,pending,MOE,2026,截至2026年6月17日,782,
s_91a8316879bfdd11865f09e30454a58e,4132013752,盐城工业职业技术学院,盐城工业职业技术学院,江苏省,盐城市,专科,江苏省,valid,pending,MOE,2026,截至2026年6月17日,907,
s_49107649b1d74feb13e217182367820d,4132014853,盐城农业科技职业学院,盐城农业科技职业学院,江苏省,盐城市,专科,江苏省,valid,pending,MOE,2026,截至2026年6月17日,935,
s_d578a3fbba8c015a208446338e1ce226,4132010324,盐城师范学院,盐城师范学院,江苏省,盐城市,本科,江苏省,valid,pending,MOE,2026,截至2026年6月17日,791,
s_9df1af7d0c6237722345a74ef393ab4c,3632000466,盐城幼儿师范高等专科学校,盐城幼儿师范高等专科学校,江苏省,盐城市,专科,江苏省,valid,pending,MOE,2026,截至2026年6月17日,850,
s_c50ac082cb84f8d8f1e924b9eb774559,4132011117,扬州大学,扬州大学,江苏省,扬州市,本科,江苏省,valid,pending,MOE,2026,截至2026年6月17日,801,
s_dd3455001c1a772ffd2fd204d2637c7c,4132013987,扬州大学广陵学院,扬州大学广陵学院,江苏省,扬州市,本科,江苏省教育厅,valid,pending,MOE,2026,截至2026年6月17日,832,民办
s_bc7e979b32ebb60e1c5cb4cb79bfd4d5,4132013754,扬州工业职业技术学院,扬州工业职业技术学院,江苏省,扬州市,专科,江苏省,valid,pending,MOE,2026,截至2026年6月17日,909,
s_fb17b740d1fbe12fb02c06220e5a648f,4132012683,扬州环境资源职业技术学院,扬州环境资源职业技术学院,江苏省,扬州市,专科,江苏省,valid,pending,MOE,2026,截至2026年6月17日,868,
s_f573b73d3c41c20b16cb1cd55d9a5fa6,4132011462,扬州职业技术大学,扬州职业技术大学,江苏省,扬州市,本科,江苏省,valid,pending,MOE,2026,截至2026年6月17日,847,
s_ef38df02f7e34ec2def138607c7c58ad,4132014528,扬州中瑞酒店职业学院,扬州中瑞酒店职业学院,江苏省,扬州市,专科,江苏省教育厅,valid,pending,MOE,2026,截至2026年6月17日,926,民办
s_406d0a1108f6bbe1e0ccf736522956f4,4132012680,应天职业技术学院,应天职业技术学院,江苏省,南京市,专科,江苏省教育厅,valid,pending,MOE,2026,截至2026年6月17日,865,民办
s_0292fefafc954c85c5d64d9f6c572dae,4132011051,镇江市高等专科学校,镇江市高等专科学校,江苏省,镇江市,专科,江苏省,valid,pending,MOE,2026,截至2026年6月17日,856,
s_242cae699c1df426018061561b928096,4132012921,正德职业技术学院,正德职业技术学院,江苏省,南京市,专科,江苏省教育厅,valid,pending,MOE,2026,截至2026年6月17日,885,民办
s_11a65e99dbc6f0ce14bdf8a94acc3e7d,4132010290,中国矿业大学,中国矿业大学,江苏省,徐州市,本科,教育部,valid,pending,MOE,2026,截至2026年6月17日,772,
s_c0253a864fce9e9c93bb63cf4de46d6a,4132013579,中国矿业大学徐海学院,中国矿业大学徐海学院,江苏省,徐州市,本科,江苏省教育厅,valid,pending,MOE,2026,截至2026年6月17日,816,民办
s_04f7108017b8d5e4cece5dbc44d4b30b,4132010316,中国药科大学,中国药科大学,江苏省,南京市,本科,教育部,valid,pending,MOE,2026,截至2026年6月17日,787,
s_25271f955551ba93fb37a4c6f8cb6e8e,4132012922,钟山职业技术学院,钟山职业技术学院,江苏省,南京市,专科,江苏省教育厅,valid,pending,MOE,2026,截至2026年6月17日,886,民办
s_66b7ea21d438009f9bb947f7505170e9,4136010405,东华理工大学,东华理工大学,江西省,抚州市,本科,江西省,valid,pending,MOE,2026,截至2026年6月17日,1274,
s_9d8adb96a723cc0b78b2659fb6b3d0a0,4136013775,抚州医药学院,抚州医药学院,江西省,抚州市,本科,江西省,valid,pending,MOE,2026,截至2026年6月17日,1319,
s_e3a96a7c6a0e180ddefa2495e71c2d5a,3636000519,抚州幼儿师范高等专科学校,抚州幼儿师范高等专科学校,江西省,抚州市,专科,江西省,valid,pending,MOE,2026,截至2026年6月17日,1324,
s_19a507cdb5916278c7ea1ac92d14fbb0,4136013428,抚州职业技术学院,抚州职业技术学院,江西省,抚州市,专科,江西省,valid,pending,MOE,2026,截至2026年6月17日,1348,
s_ac32fe00dedeb78fd71a91054a1a6e52,4136013432,赣东学院,赣东学院,江西省,抚州市,本科,江西省,valid,pending,MOE,2026,截至2026年6月17日,1304,
s_6dd21879d2c9a0dee07fa29d65125878,4136014856,赣东职业技术学院,赣东职业技术学院,江西省,抚州市,专科,江西省教育厅,valid,pending,MOE,2026,截至2026年6月17日,1382,民办
s_8526f38c76e9c87ad29fba3f019b898f,4136013434,赣南科技学院,赣南科技学院,江西省,赣州市,本科,江西省,valid,pending,MOE,2026,截至2026年6月17日,1306,
s_b2c3339f323ec9fee877c4db5b654838,4136010418,赣南师范大学,赣南师范大学,江西省,赣州市,本科,江西省,valid,pending,MOE,2026,截至2026年6月17日,1284,
s_e587be3c8d015fdfda404ee8b309b0b4,4136013439,赣南师范大学科技学院,赣南师范大学科技学院,江西省,赣州市,本科,江西省教育厅,valid,pending,MOE,2026,截至2026年6月17日,1311,民办
s_88413ca1d1cb30f205ad506595e93cce,4136014569,赣南卫生健康职业学院,赣南卫生健康职业学院,江西省,赣州市,专科,江西省,valid,pending,MOE,2026,截至2026年6月17日,1372,
s_faf4b71b009ed3b04fdff770077456a2,4136010413,赣南医科大学,赣南医科大学,江西省,赣州市,本科,江西省,valid,pending,MOE,2026,截至2026年6月17日,1280,
s_7c80de7e5365873519380e0e9d449603,4136013873,赣西科技职业学院,赣西科技职业学院,江西省,新余市,专科,江西省教育厅,valid,pending,MOE,2026,截至2026年6月17日,1356,民办
s_4e0af56dcfcc235f22cafaf5c4a15338,4136014921,赣州起元职业学院,赣州起元职业学院,江西省,赣州市,专科,江西省教育厅,valid,pending,MOE,2026,截至2026年6月17日,1387,民办
s_4725be2f6015174d2d0e46633a57679e,4136014465,赣州师范高等专科学校,赣州师范高等专科学校,江西省,赣州市,专科,江西省,valid,pending,MOE,2026,截至2026年6月17日,1365,
s_c8a129c314c562668dd2912354c8822c,4136014922,赣州远恒佳职业学院,赣州远恒佳职业学院,江西省,赣州市,专科,江西省教育厅,valid,pending,MOE,2026,截至2026年6月17日,1388,民办
s_a5fe267d39179803c0164680236cb8c8,4136014665,赣州职业技术学院,赣州职业技术学院,江西省,赣州市,专科,江西省,valid,pending,MOE,2026,截至2026年6月17日,1375,
s_8f713799c8dd263c31877f5a059fed0d,4136014748,和君职业学院,和君职业学院,江西省,赣州市,专科,江西省教育厅,valid,pending,MOE,2026,截至2026年6月17日,1378,民办
s_cd89669da246b1b3de507461223e5c4e,4136010404,华东交通大学,华东交通大学,江西省,南昌市,本科,江西省,valid,pending,MOE,2026,截至2026年6月17日,1273,
s_d15c12377dac8920c8eef4a9d6ad80f3,4136014807,吉安幼儿师范高等专科学校,吉安幼儿师范高等专科学校,江西省,吉安市,专科,江西省,valid,pending,MOE,2026,截至2026年6月17日,1379,
s_a92a48285e44dadc95e246cfbab92cc5,4136014504,吉安职业技术学院,吉安职业技术学院,江西省,吉安市,专科,江西省,valid,pending,MOE,2026,截至2026年6月17日,1368,
s_25c2a036c70214495245c5ad73ef5457,4136010421,江西财经大学,江西财经大学,江西省,南昌市,本科,江西省,valid,pending,MOE,2026,截至2026年6月17日,1286,
s_b6d406003e4a80e12b9e11d084050f20,4136013441,江西财经大学现代经济管理学院,江西财经大学现代经济管理学院,江西省,南昌市,本科,江西省教育厅,valid,pending,MOE,2026,截至2026年6月17日,1313,民办
s_cb9b9e2cc5c16576cf5393a3b65d63b4,4136012941,江西财经职业学院,江西财经职业学院,江西省,九江市,专科,江西省,valid,pending,MOE,2026,截至2026年6月17日,1337,
s_f1bdc6ef65d2d035cc6edde570e5be64,4136014250,江西传媒职业学院,江西传媒职业学院,江西省,南昌市,专科,江西省,valid,pending,MOE,2026,截至2026年6月17日,1362,
s_744806cc45785b77ff2f187247f7d4c6,4136012933,江西电力职业技术学院,江西电力职业技术学院,江西省,南昌市,专科,江西省,valid,pending,MOE,2026,截至2026年6月17日,1331,
s_3ca5344db7b787d4b4de527d7cd57473,4136014906,江西电子信息职业技术学院,江西电子信息职业技术学院,江西省,南昌市,专科,江西省,valid,pending,MOE,2026,截至2026年6月17日,1383,
s_5f57627950af00c16ab207bff23387f7,4136014839,江西飞行学院,江西飞行学院,江西省,南昌市,本科,江西省,valid,pending,MOE,2026,截至2026年6月17日,1317,
s_46ec0b51d623cc08795d704deba4a40c,4136014167,江西枫林涉外经贸职业学院,江西枫林涉外经贸职业学院,江西省,九江市,专科,江西省教育厅,valid,pending,MOE,2026,截至2026年6月17日,1359,民办
s_66a03f2ef956484e7a44eab6f1218c8c,4136013418,江西服装学院,江西服装学院,江西省,南昌市,本科,江西省教育厅,valid,pending,MOE,2026,截至2026年6月17日,1298,民办
s_6f45e5d0f91140510c9ca20a51cecfa0,4136012766,江西工程学院,江西工程学院,江西省,新余市,本科,江西省教育厅,valid,pending,MOE,2026,截至2026年6月17日,1295,民办
s_093612e3edb988cdd896e09fb6b55502,4136013868,江西工程职业学院,江西工程职业学院,江西省,南昌市,专科,江西省,valid,pending,MOE,2026,截至2026年6月17日,1351,
s_f8a5d67ecc3a81cf2cc036e543a67cc5,4136014321,江西工商职业技术学院,江西工商职业技术学院,江西省,南昌市,专科,江西省教育厅,valid,pending,MOE,2026,截至2026年6月17日,1363,民办
s_81dd322123774331f46a5c70d632e721,4136012944,江西工业工程职业技术学院,江西工业工程职业技术学院,江西省,萍乡市,专科,江西省,valid,pending,MOE,2026,截至2026年6月17日,1340,
s_4ccc04867d5418f20c205f86b3a3e551,4136013423,江西工业贸易职业技术学院,江西工业贸易职业技术学院,江西省,南昌市,专科,江西省,valid,pending,MOE,2026,截至2026年6月17日,1343,
s_17bab644009d284cb5b511c9cb613a91,4136010839,江西工业职业技术学院,江西工业职业技术学院,江西省,南昌市,专科,江西省,valid,pending,MOE,2026,截至2026年6月17日,1325,
s_011e3666446a4da4b29ffcf79c2580c9,4136014249,江西管理职业学院,江西管理职业学院,江西省,南昌市,专科,江西省,valid,pending,MOE,2026,截至2026年6月17日,1361,
s_b714ef5c383739a0d90daaaf7db01be7,4136013871,江西航空职业技术学院,江西航空职业技术学院,江西省,南昌市,专科,江西省教育厅,valid,pending,MOE,2026,截至2026年6月17日,1354,民办
s_6b9e3f2afe9e8bbc6a879819d8aad788,4136014505,江西洪州职业学院,江西洪州职业学院,江西省,宜春市,专科,江西省教育厅,valid,pending,MOE,2026,截至2026年6月17日,1369,民办
s_b8599c7dff3030c4467f845db711d71b,4136012934,江西环境工程职业学院,江西环境工程职业学院,江西省,赣州市,专科,江西省,valid,pending,MOE,2026,截至2026年6月17日,1332,
s_9b59d8d09da9c3fad8f1c00f3fbb3e8c,4136012976,江西机电职业技术学院,江西机电职业技术学院,江西省,南昌市,专科,江西省,valid,pending,MOE,2026,截至2026年6月17日,1341,
s_7bdba42007814393685bc72e345aa4e4,4136013427,江西建设职业技术学院,江西建设职业技术学院,江西省,南昌市,专科,江西省,valid,pending,MOE,2026,截至2026年6月17日,1347,
s_dc56d5598bf2f79e36dd923ffd47f16a,4136012940,江西交通职业技术学院,江西交通职业技术学院,江西省,南昌市,专科,江西省,valid,pending,MOE,2026,截至2026年6月17日,1336,
s_b0b90bb52841aa58773250964ad67fe0,4136013866,江西经济管理职业学院,江西经济管理职业学院,江西省,南昌市,专科,江西省,valid,pending,MOE,2026,截至2026年6月17日,1349,
s_0273d953f044990e89eefd100876146d,4136011504,江西警察学院,江西警察学院,江西省,南昌市,本科,江西省,valid,pending,MOE,2026,截至2026年6月17日,1292,
s_c1050135453232a38e1624c0c1522bd5,4136011318,江西科技师范大学,江西科技师范大学,江西省,南昌市,本科,江西省,valid,pending,MOE,2026,截至2026年6月17日,1290,
s_796aaa2629f7f5b2ca8c06c62999cf19,4136010846,江西科技学院,江西科技学院,江西省,南昌市,本科,江西省教育厅,valid,pending,MOE,2026,截至2026年6月17日,1287,民办
s_932907fd93e44514812e5c0bc954af9b,4136013419,江西科技职业学院,江西科技职业学院,江西省,南昌市,专科,江西省教育厅,valid,pending,MOE,2026,截至2026年6月17日,1342,民办
s_cb74b1145304938233a90105585ec39d,4136010407,江西理工大学,江西理工大学,江西省,赣州市,本科,江西省,valid,pending,MOE,2026,截至2026年6月17日,1276,
s_9ee1516f9dfeda0aa9e5571a6dc084d4,4136012932,江西旅游商贸职业学院,江西旅游商贸职业学院,江西省,南昌市,专科,江西省,valid,pending,MOE,2026,截至2026年6月17日,1330,
s_8b3e7eb115eda7c144506b4688615e46,4136010410,江西农业大学,江西农业大学,江西省,南昌市,本科,江西省,valid,pending,MOE,2026,截至2026年6月17日,1278,
s_05f521be738d224fee83e3555182a873,4136013436,江西农业大学南昌商学院,江西农业大学南昌商学院,江西省,南昌市,本科,江西省教育厅,valid,pending,MOE,2026,截至2026年6月17日,1308,民办
s_699b93f3a1c9f039f7d591c03980b401,4136013872,江西农业工程职业学院,江西农业工程职业学院,江西省,宜春市,专科,江西省,valid,pending,MOE,2026,截至2026年6月17日,1355,
s_994d9af16933cae5905a55178f9bd4dd,4136013869,江西青年职业学院,江西青年职业学院,江西省,南昌市,专科,江西省,valid,pending,MOE,2026,截至2026年6月17日,1352,
s_88d30c965d7712b601f41adb863d8d46,4136013776,江西软件职业技术大学,江西软件职业技术大学,江西省,南昌市,本科,江西省教育厅,valid,pending,MOE,2026,截至2026年6月17日,1315,民办
s_ae78606dc131b6490c9fcb20c2a029c0,4136013426,江西生物科技职业学院,江西生物科技职业学院,江西省,南昌市,专科,江西省,valid,pending,MOE,2026,截至2026年6月17日,1346,
s_3d2497d88cf9ddac105012a1c97b91de,4136010414,江西师范大学,江西师范大学,江西省,南昌市,本科,江西省,valid,pending,MOE,2026,截至2026年6月17日,1281,
s_4762fe91f70457090d81415bc0076fe7,4136013438,江西师范大学科学技术学院,江西师范大学科学技术学院,江西省,南昌市,本科,江西省教育厅,valid,pending,MOE,2026,截至2026年6月17日,1310,民办
s_03cdf5d8c31797ef15105f3f10be3264,4136014537,江西师范高等专科学校,江西师范高等专科学校,江西省,鹰潭市,专科,江西省,valid,pending,MOE,2026,截至2026年6月17日,1370,
s_9b7ecadb312687a368f35272a8f64ee0,4136011319,江西水利电力大学,江西水利电力大学,江西省,南昌市,本科,江西省,valid,pending,MOE,2026,截至2026年6月17日,1291,
s_4e50a74434c89360b6fb919ebfbd067d,4136014476,江西水利职业学院,江西水利职业学院,江西省,南昌市,专科,江西省,valid,pending,MOE,2026,截至2026年6月17日,1366,
s_bc006ba4ef5f1afaf263d2b505d3f0e1,4136012929,江西司法警官职业学院,江西司法警官职业学院,江西省,南昌市,专科,江西省,valid,pending,MOE,2026,截至2026年6月17日,1328,
s_47637133544ac4722d61bef35d62dcc5,4136012930,江西陶瓷工艺美术职业技术学院,江西陶瓷工艺美术职业技术学院,江西省,景德镇市,专科,江西省,valid,pending,MOE,2026,截至2026年6月17日,1329,
s_4f939cf8c136a6e4639c3db4d24f821a,4136013422,江西外语外贸职业大学,江西外语外贸职业大学,江西省,南昌市,本科,江西省,valid,pending,MOE,2026,截至2026年6月17日,1322,
s_4a6f8291907c01c075651da244c29fe8,4136013965,江西卫生职业学院,江西卫生职业学院,江西省,南昌市,专科,江西省,valid,pending,MOE,2026,截至2026年6月17日,1357,
s_ecfb6deaba91108f62c84e2f4510204b,4136014657,江西婺源茶业职业学院,江西婺源茶业职业学院,江西省,上饶市,专科,江西省,valid,pending,MOE,2026,截至2026年6月17日,1374,
s_52ac0875008da5445acfd0467fff5eb2,4136012943,江西现代职业技术学院,江西现代职业技术学院,江西省,南昌市,专科,江西省,valid,pending,MOE,2026,截至2026年6月17日,1339,
s_12e34bd72862c1885dcf108d3b81624c,4136014166,江西新能源科技职业学院,江西新能源科技职业学院,江西省,新余市,专科,江西省教育厅,valid,pending,MOE,2026,截至2026年6月17日,1358,民办
s_2ab49778b728c61f60b2a32a6268d313,4136012939,江西信息应用职业技术学院,江西信息应用职业技术学院,江西省,南昌市,专科,江西省,valid,pending,MOE,2026,截至2026年6月17日,1335,
s_27002c3c2c17f8ce1f09296ef341a610,4136014241,江西冶金职业技术学院,江西冶金职业技术学院,江西省,新余市,专科,江西省,valid,pending,MOE,2026,截至2026年6月17日,1360,
s_c8ed788c2628aa761aaf4ee0f68d045a,4136010888,江西医学高等专科学校,江西医学高等专科学校,江西省,上饶市,专科,江西省,valid,pending,MOE,2026,截至2026年6月17日,1326,
s_06cdb35daea64d9cd97c87827ddfd21b,4136012936,江西艺术职业学院,江西艺术职业学院,江西省,南昌市,专科,江西省,valid,pending,MOE,2026,截至2026年6月17日,1333,
s_614bbc8749dc997760393ffc3473633c,4136013425,江西应用工程职业学院,江西应用工程职业学院,江西省,萍乡市,专科,江西省,valid,pending,MOE,2026,截至2026年6月17日,1345,
s_bdbaa0b9e214e556ffde3ceae6eb68dc,4136012942,江西应用技术职业学院,江西应用技术职业学院,江西省,赣州市,专科,江西省,valid,pending,MOE,2026,截至2026年6月17日,1338,
s_b776078bd6b5e1292cf3475f5852ed70,4136012938,江西应用科技学院,江西应用科技学院,江西省,南昌市,本科,江西省教育厅,valid,pending,MOE,2026,截至2026年6月17日,1297,民办
s_c596efe06b1865cbc5280ff0445763fa,4136014837,江西樟树中医药职业学院,江西樟树中医药职业学院,江西省,宜春市,专科,江西省教育厅,valid,pending,MOE,2026,截至2026年6月17日,1381,民办
s_7f3671de8c764d1d312dd80329985293,4136011785,江西职业技术大学,江西职业技术大学,江西省,九江市,本科,江西省,valid,pending,MOE,2026,截至2026年6月17日,1318,
s_d28d8f83fd938231c5bcf54cbdb3f749,4136013867,江西制造职业技术学院,江西制造职业技术学院,江西省,南昌市,专科,江西省,valid,pending,MOE,2026,截至2026年6月17日,1350,
s_e35eb3e7f2b248bc54777ce947654b38,4136010412,江西中医药大学,江西中医药大学,江西省,南昌市,本科,江西省,valid,pending,MOE,2026,截至2026年6月17日,1279,
s_aea140378590090102d04f8db2ba0b68,4136010419,井冈山大学,井冈山大学,江西省,吉安市,本科,江西省,valid,pending,MOE,2026,截至2026年6月17日,1285,
s_1d7167e8c1e385103c893fbd3068675a,4136010408,景德镇陶瓷大学,景德镇陶瓷大学,江西省,景德镇市,本科,江西省,valid,pending,MOE,2026,截至2026年6月17日,1277,
s_d30b5c0ec617851d65c9e778c5061dca,4136014402,景德镇陶瓷职业技术学院,景德镇陶瓷职业技术学院,江西省,景德镇市,专科,江西省教育厅,valid,pending,MOE,2026,截至2026年6月17日,1364,民办
s_179267cb7138ce7f0c9614c4d31b245e,4136014960,景德镇卫生健康职业学院,景德镇卫生健康职业学院,江西省,景德镇市,专科,江西省,valid,pending,MOE,2026,截至2026年6月17日,1391,
s_c082eb04b3a5b327d713f9e39cbfc99f,4136010894,景德镇学院,景德镇学院,江西省,景德镇市,本科,江西省,valid,pending,MOE,2026,截至2026年6月17日,1288,
s_084641e3fa5574b7fea008d301b680ed,4136013435,景德镇艺术职业大学,景德镇艺术职业大学,江西省,景德镇市,本科,江西省教育厅,valid,pending,MOE,2026,截至2026年6月17日,1307,民办
s_44687152713d72ae2f3c6808ea491281,4136014403,九江科技职业大学,九江科技职业大学,江西省,九江市,本科,江西省教育厅,valid,pending,MOE,2026,截至2026年6月17日,1320,民办
s_96fe8b3624de7ca88c3d27c8f45694f7,4136014706,九江理工职业学院,九江理工职业学院,江西省,九江市,专科,江西省教育厅,valid,pending,MOE,2026,截至2026年6月17日,1377,民办
s_b8c1a7f8f0fe24a27afb62b51790d65c,4136014919,九江卫生健康职业学院,九江卫生健康职业学院,江西省,九江市,专科,江西省,valid,pending,MOE,2026,截至2026年6月17日,1385,
s_cd4aea6e206ff82cb4b03bb93a41dcd5,4136011843,九江学院,九江学院,江西省,九江市,本科,江西省,valid,pending,MOE,2026,截至2026年6月17日,1294,
s_63ebc34f0789e8b8ecff3bcabc9698ec,4136011505,九江职业大学,九江职业大学,江西省,九江市,专科,江西省,valid,pending,MOE,2026,截至2026年6月17日,1327,
s_1ec255c29ec2fbe39cb656a965b120f1,4136010403,南昌大学,南昌大学,江西省,南昌市,本科,江西省,valid,pending,MOE,2026,截至2026年6月17日,1272,
s_8bec13279343d986a8129dae49984dde,4136013430,南昌大学共青学院,南昌大学共青学院,江西省,九江市,本科,江西省教育厅,valid,pending,MOE,2026,截至2026年6月17日,1302,民办
s_b056f56f997d0f7504a2b5cc2829337d,4136013429,南昌大学科学技术学院,南昌大学科学技术学院,江西省,南昌市,本科,江西省教育厅,valid,pending,MOE,2026,截至2026年6月17日,1301,民办
s_3f02356c1b6d7d566a9c7c6526a186ef,4136013421,南昌工学院,南昌工学院,江西省,南昌市,本科,江西省教育厅,valid,pending,MOE,2026,截至2026年6月17日,1300,民办
s_de6cfe2eb5f36225a2c801d5aee661d8,4136010406,南昌航空大学,南昌航空大学,江西省,南昌市,本科,江西省,valid,pending,MOE,2026,截至2026年6月17日,1275,
s_def6e897382499f946b4bab0a45503a2,4136013433,南昌航空大学科技学院,南昌航空大学科技学院,江西省,南昌市,本科,江西省教育厅,valid,pending,MOE,2026,截至2026年6月17日,1305,民办
s_a762854ffa522b2996eabff3a4cbbeff,4136014705,南昌健康职业技术学院,南昌健康职业技术学院,江西省,南昌市,专科,江西省,valid,pending,MOE,2026,截至2026年6月17日,1376,
s_77a43df04a4425d02e07e3a7ece36f10,4136013431,南昌交通学院,南昌交通学院,江西省,南昌市,本科,江西省教育厅,valid,pending,MOE,2026,截至2026年6月17日,1303,民办
s_f13d48568af5289039ecc18e53a06f94,4136014168,南昌科技职业大学,南昌科技职业大学,江西省,南昌市,本科,江西省教育厅,valid,pending,MOE,2026,截至2026年6月17日,1321,民办
s_f1b0ae502e6ebb9096bdcd0718932c3d,4136012795,南昌理工学院,南昌理工学院,江西省,南昌市,本科,江西省教育厅,valid,pending,MOE,2026,截至2026年6月17日,1296,民办
s_35121ea90e03c6f14b6a90edde292386,4136014437,南昌师范学院,南昌师范学院,江西省,南昌市,本科,江西省,valid,pending,MOE,2026,截至2026年6月17日,1316,
s_43cb74c785019fc85de3289c55f152c6,4136013437,南昌医学院,南昌医学院,江西省,南昌市,本科,江西省,valid,pending,MOE,2026,截至2026年6月17日,1309,
s_f8a47d142f83973235547a4917d6465f,4136013440,南昌应用技术师范学院,南昌应用技术师范学院,江西省,南昌市,本科,江西省教育厅,valid,pending,MOE,2026,截至2026年6月17日,1312,民办
s_3e16c304ad1f63d078adde9951892cd7,4136014544,南昌影视传播职业学院,南昌影视传播职业学院,江西省,南昌市,专科,江西省教育厅,valid,pending,MOE,2026,截至2026年6月17日,1371,民办
s_de7e906e514e907125235154d46b6436,4136013420,南昌职业大学,南昌职业大学,江西省,南昌市,本科,江西省教育厅,valid,pending,MOE,2026,截至2026年6月17日,1299,民办
s_46cae660f875fa74e31c6b6b806df2bb,4136014656,萍乡卫生职业学院,萍乡卫生职业学院,江西省,萍乡市,专科,江西省,valid,pending,MOE,2026,截至2026年6月17日,1373,
s_a296f3dcb1ab907e4136149b83e8e141,4136010895,萍乡学院,萍乡学院,江西省,萍乡市,本科,江西省,valid,pending,MOE,2026,截至2026年6月17日,1289,
s_3c1440d8d8742ec28bdd29c3c699342b,4136014959,萍乡职业技术学院,萍乡职业技术学院,江西省,萍乡市,专科,江西省,valid,pending,MOE,2026,截至2026年6月17日,1390,
s_8f62fc3661ffc3aed5c437a7f5400ce9,4136014958,鄱阳职业学院,鄱阳职业学院,江西省,上饶市,专科,江西省,valid,pending,MOE,2026,截至2026年6月17日,1389,
s_7a956b94ecdc5ffd0383950994fe781f,4136010416,上饶师范学院,上饶师范学院,江西省,上饶市,本科,江西省,valid,pending,MOE,2026,截至2026年6月17日,1282,
s_ffbc4e671a441677139638c67b83659b,4136014808,上饶卫生健康职业学院,上饶卫生健康职业学院,江西省,上饶市,专科,江西省,valid,pending,MOE,2026,截至2026年6月17日,1380,
s_01a4bc9f58dc6083c157ef3bac542cb8,3636000312,上饶幼儿师范高等专科学校,上饶幼儿师范高等专科学校,江西省,上饶市,专科,江西省,valid,pending,MOE,2026,截至2026年6月17日,1323,
s_644ab5de421099b5277ef704a81b7696,4136013870,上饶职业技术学院,上饶职业技术学院,江西省,上饶市,专科,江西省,valid,pending,MOE,2026,截至2026年6月17日,1353,
s_1768b1e7c47d676d124fbc9ae0083766,4136011508,新余学院,新余学院,江西省,新余市,本科,江西省,valid,pending,MOE,2026,截至2026年6月17日,1293,
s_a3738486f7799854284a4de4a1a49461,4136014920,新余职业技术学院,新余职业技术学院,江西省,新余市,专科,江西省,valid,pending,MOE,2026,截至2026年6月17日,1386,
s_391c51e54710437592f21e79b2962ee6,4136010417,宜春学院,宜春学院,江西省,宜春市,本科,江西省,valid,pending,MOE,2026,截至2026年6月17日,1283,
s_a569e02ba4ef45a92c00caaa96d39ee1,4136014494,宜春幼儿师范高等专科学校,宜春幼儿师范高等专科学校,江西省,宜春市,专科,江西省,valid,pending,MOE,2026,截至2026年6月17日,1367,
s_fed902bb6320c733175915afaa6973bb,4136013424,宜春职业技术学院,宜春职业技术学院,江西省,宜春市,专科,江西省,valid,pending,MOE,2026,截至2026年6月17日,1344,
s_22eeb06a5aea0763e226ad8c96b58d81,4136014907,鹰潭卫生职业学院,鹰潭卫生职业学院,江西省,鹰潭市,专科,江西省教育厅,valid,pending,MOE,2026,截至2026年6月17日,1384,民办
s_4016368e5d2b7a0e51ca22e2c93d61ec,4136012937,鹰潭职业技术学院,鹰潭职业技术学院,江西省,鹰潭市,专科,江西省,valid,pending,MOE,2026,截至2026年6月17日,1334,
s_b49362cd7a90eb3781d4b5d2310d08fa,4136013774,豫章师范学院,豫章师范学院,江西省,南昌市,本科,江西省,valid,pending,MOE,2026,截至2026年6月17日,1314,
s_8f0ae34aec66b1048a2f33a599a9b5e7,4121010169,鞍山师范学院,鞍山师范学院,辽宁省,鞍山市,本科,辽宁省,valid,pending,MOE,2026,截至2026年6月17日,455,
s_ab4fb78c52054ceb0d3969d67affabd0,4121014700,鞍山职业技术学院,鞍山职业技术学院,辽宁省,鞍山市,专科,辽宁省,valid,pending,MOE,2026,截至2026年6月17日,542,
s_c40f0a6ba792e20e1e5c4ae0ddbf537d,4121012931,渤海船舶职业学院,渤海船舶职业学院,辽宁省,葫芦岛市,专科,辽宁省,valid,pending,MOE,2026,截至2026年6月17日,517,
s_1b6c880307a3f6a6a4c16a8f49c071ef,4121010167,渤海大学,渤海大学,辽宁省,锦州市,本科,辽宁省,valid,pending,MOE,2026,截至2026年6月17日,454,
s_1cef10aae91df341905c6b968edafd53,4121010171,朝阳师范学院,朝阳师范学院,辽宁省,朝阳市,本科,辽宁省,valid,pending,MOE,2026,截至2026年6月17日,492,
s_be7e263d77007f61c47dac62b072ca99,4221051143,朝阳职业技术学院,朝阳职业技术学院,辽宁省,朝阳市,专科,辽宁省,valid,pending,MOE,2026,截至2026年6月17日,543,
s_61fc7fecf834898c388b77ec45beca5b,4121013218,大连财经学院,大连财经学院,辽宁省,大连市,本科,辽宁省教育厅,valid,pending,MOE,2026,截至2026年6月17日,482,民办
s_9b597fd7e529446940fe1f2a5616ba51,4121011258,大连大学,大连大学,辽宁省,大连市,本科,辽宁省,valid,pending,MOE,2026,截至2026年6月17日,464,
s_16d4043a49457dbabb38289572c94fdb,4121013631,大连东软信息学院,大连东软信息学院,辽宁省,大连市,本科,辽宁省教育厅,valid,pending,MOE,2026,截至2026年6月17日,488,民办
s_5934895da0245baa0d572a3c213fd7c1,4121013959,大连翻译职业学院,大连翻译职业学院,辽宁省,大连市,专科,辽宁省教育厅,valid,pending,MOE,2026,截至2026年6月17日,519,民办
s_f7e8d3d73bf15558f5e51dc9ba3ca9f8,4121013961,大连枫叶职业技术学院,大连枫叶职业技术学院,辽宁省,大连市,专科,辽宁省教育厅,valid,pending,MOE,2026,截至2026年6月17日,521,民办
s_c119206b24b4f0c279ede553b2d4f9dd,4121013198,大连工程学院,大连工程学院,辽宁省,大连市,本科,辽宁省教育厅,valid,pending,MOE,2026,截至2026年6月17日,471,民办
s_2ab6974fe8570891e5e67d9a438c369c,4121010152,大连工业大学,大连工业大学,辽宁省,大连市,本科,辽宁省,valid,pending,MOE,2026,截至2026年6月17日,441,
s_1ae77a12c78f61195105191f6a64006f,4121013203,大连工业大学艺术与信息工程学院,大连工业大学艺术与信息工程学院,辽宁省,大连市,本科,辽宁省教育厅,valid,pending,MOE,2026,截至2026年6月17日,475,民办
s_d2077e9e443d72554a45c3110c3b77aa,4121010151,大连海事大学,大连海事大学,辽宁省,大连市,本科,交通运输部,valid,pending,MOE,2026,截至2026年6月17日,440,
s_baeb6be80a11614269cb619ba2f6787d,4121010158,大连海洋大学,大连海洋大学,辽宁省,大连市,本科,辽宁省,valid,pending,MOE,2026,截至2026年6月17日,445,
s_d29537a1950e9863696533a752b14e3d,4121014209,大连航运职业技术学院,大连航运职业技术学院,辽宁省,大连市,专科,辽宁省教育厅,valid,pending,MOE,2026,截至2026年6月17日,527,民办
s_a9361bd861da4ee1111993fa949aff8d,4121010150,大连交通大学,大连交通大学,辽宁省,大连市,本科,辽宁省,valid,pending,MOE,2026,截至2026年6月17日,439,
s_d1b7670e0d8ade5c19b857464c715f35,4121013207,大连科技学院,大连科技学院,辽宁省,大连市,本科,辽宁省教育厅,valid,pending,MOE,2026,截至2026年6月17日,476,民办
s_1d48865dba7964d34ccaf4beb7dc4389,4121010141,大连理工大学,大连理工大学,辽宁省,大连市,本科,教育部,valid,pending,MOE,2026,截至2026年6月17日,430,
s_7d4988e759587eea34a3c25a183ab158,4121012026,大连民族大学,大连民族大学,辽宁省,大连市,本科,国家民委,valid,pending,MOE,2026,截至2026年6月17日,469,
s_8b620231e36f7341d19dd6231c1372d4,4121014228,大连汽车职业技术学院,大连汽车职业技术学院,辽宁省,大连市,专科,辽宁省教育厅,valid,pending,MOE,2026,截至2026年6月17日,529,民办
s_90fc1875dd47a00b6113020e8268775a,4121013958,大连软件职业学院,大连软件职业学院,辽宁省,大连市,专科,辽宁省教育厅,valid,pending,MOE,2026,截至2026年6月17日,518,民办
s_2059485ff5b4be6120aabf2d02eb95e7,4121012730,大连商务职业学院,大连商务职业学院,辽宁省,大连市,专科,辽宁省教育厅,valid,pending,MOE,2026,截至2026年6月17日,510,民办
s_9ed98c7e4b43e5780745da7ad493fe2e,4121010172,大连外国语大学,大连外国语大学,辽宁省,大连市,本科,辽宁省,valid,pending,MOE,2026,截至2026年6月17日,456,
s_beb75858e25c9d17f4e9162845b6457e,4121010161,大连医科大学,大连医科大学,辽宁省,大连市,本科,辽宁省,valid,pending,MOE,2026,截至2026年6月17日,448,
s_7cd9317ede1a65f21bce8753d8152b2d,4121013212,大连医科大学中山学院,大连医科大学中山学院,辽宁省,大连市,本科,辽宁省教育厅,valid,pending,MOE,2026,截至2026年6月17日,478,民办
s_124b4ea7ba2dd5bdb613bf826f84251f,4121013599,大连艺术学院,大连艺术学院,辽宁省,大连市,本科,辽宁省教育厅,valid,pending,MOE,2026,截至2026年6月17日,484,民办
s_6cbac0fea285ca466daec1f2c664826e,4121010845,大连职业技术学院,大连职业技术学院,辽宁省,大连市,专科,辽宁省,valid,pending,MOE,2026,截至2026年6月17日,497,
s_177336ab3566a63cd61602f275a8496f,4121014227,大连装备制造职业技术学院,大连装备制造职业技术学院,辽宁省,大连市,专科,辽宁省教育厅,valid,pending,MOE,2026,截至2026年6月17日,528,民办
s_2966a78a53487dd948ef0e4dacf4d9a4,4121010173,东北财经大学,东北财经大学,辽宁省,大连市,本科,辽宁省,valid,pending,MOE,2026,截至2026年6月17日,457,
s_05dba959415304091253c618f9bfbca7,4121010145,东北大学,东北大学,辽宁省,沈阳市,本科,教育部,valid,pending,MOE,2026,截至2026年6月17日,434,
s_a8b7c8b65472ae894ea09e1941222654,4121010179,抚顺师范高等专科学校,抚顺师范高等专科学校,辽宁省,抚顺市,专科,辽宁省,valid,pending,MOE,2026,截至2026年6月17日,493,
s_5177829db56aa3d22a9ed5bddde12130,4121011037,抚顺职业技术学院,抚顺职业技术学院,辽宁省,抚顺市,专科,辽宁省,valid,pending,MOE,2026,截至2026年6月17日,499,
s_e8dd869f5dc20fee9679ae1c9ac817ee,4121011250,阜新高等专科学校,阜新高等专科学校,辽宁省,阜新市,专科,辽宁省,valid,pending,MOE,2026,截至2026年6月17日,501,
s_c980b5a2c0879c3fcca1f337444942c5,4121010180,锦州师范高等专科学校,锦州师范高等专科学校,辽宁省,锦州市,专科,辽宁省,valid,pending,MOE,2026,截至2026年6月17日,494,
s_2c8a131135aa9eacc8453578fd93e797,4121010160,锦州医科大学,锦州医科大学,辽宁省,锦州市,本科,辽宁省,valid,pending,MOE,2026,截至2026年6月17日,447,
s_001f07f445348a2a7ca54b61382f937e,4121013213,锦州医科大学医疗学院,锦州医科大学医疗学院,辽宁省,锦州市,本科,辽宁省教育厅,valid,pending,MOE,2026,截至2026年6月17日,479,民办
s_da71e3917294ffe6dad3dd786e0b231a,4121011779,辽东学院,辽东学院,辽宁省,丹东市,本科,辽宁省,valid,pending,MOE,2026,截至2026年6月17日,468,
s_eebb674f3ec612414a5f4f059cc0d5b1,4121014077,辽河石油职业技术学院,辽河石油职业技术学院,辽宁省,盘锦市,专科,辽宁省,valid,pending,MOE,2026,截至2026年6月17日,523,
s_3432293042e14e6b3df47247d92645db,4121013900,辽宁财贸学院,辽宁财贸学院,辽宁省,葫芦岛市,本科,辽宁省教育厅,valid,pending,MOE,2026,截至2026年6月17日,489,民办
s_30c4a6035415b37c06fd0782e7463a09,4121014288,辽宁城市建设职业技术学院,辽宁城市建设职业技术学院,辽宁省,沈阳市,专科,辽宁省,valid,pending,MOE,2026,截至2026年6月17日,533,
s_81f63ba84ece163e0ad19897d41bf190,4121013957,辽宁传媒学院,辽宁传媒学院,辽宁省,沈阳市,本科,辽宁省教育厅,valid,pending,MOE,2026,截至2026年6月17日,490,民办
s_a0cb01abce5d23bcba7382f667182166,4121010140,辽宁大学,辽宁大学,辽宁省,沈阳市,本科,辽宁省,valid,pending,MOE,2026,截至2026年6月17日,429,
s_7b77b4e27f5a0402373687159a9aa64a,4121014106,辽宁地质工程职业学院,辽宁地质工程职业学院,辽宁省,丹东市,专科,辽宁省,valid,pending,MOE,2026,截至2026年6月17日,524,
s_710c977a87d17ebe2b49a0d752c1bb08,4121010841,辽宁对外经贸学院,辽宁对外经贸学院,辽宁省,大连市,本科,辽宁省教育厅,valid,pending,MOE,2026,截至2026年6月17日,462,民办
s_57e60026097389f50f3bf00fb018764e,4121010147,辽宁工程技术大学,辽宁工程技术大学,辽宁省,阜新市,本科,辽宁省,valid,pending,MOE,2026,截至2026年6月17日,436,
s_3b2d26b05745aae8163fcb3b140e4e3e,4121014287,辽宁工程职业学院,辽宁工程职业学院,辽宁省,铁岭市,专科,辽宁省,valid,pending,MOE,2026,截至2026年6月17日,532,
s_b5dd9100a8893fa25df775f21e22ec15,4121010154,辽宁工业大学,辽宁工业大学,辽宁省,锦州市,本科,辽宁省,valid,pending,MOE,2026,截至2026年6月17日,443,
s_5e4524c9bbf029f24b1ba0236e52d43a,4121012897,辽宁广告职业学院,辽宁广告职业学院,辽宁省,沈阳市,专科,辽宁省教育厅,valid,pending,MOE,2026,截至2026年6月17日,513,民办
s_d83381c7f0cac856cdbabd7dd0ad41f5,4121012896,辽宁轨道交通职业学院,辽宁轨道交通职业学院,辽宁省,沈阳市,专科,辽宁省,valid,pending,MOE,2026,截至2026年6月17日,512,
s_034df8b32a470443245039ce83b1418f,4121013610,辽宁何氏医学院,辽宁何氏医学院,辽宁省,沈阳市,本科,辽宁省教育厅,valid,pending,MOE,2026,截至2026年6月17日,486,民办
s_1b723d3a46d31ad37b09514bf0954037,4121012898,辽宁机电职业技术学院,辽宁机电职业技术学院,辽宁省,丹东市,专科,辽宁省,valid,pending,MOE,2026,截至2026年6月17日,514,
s_bc6b038b7e2d837b13f05367ff3bfd1d,4121014189,辽宁建筑职业学院,辽宁建筑职业学院,辽宁省,辽阳市,专科,辽宁省,valid,pending,MOE,2026,截至2026年6月17日,526,
s_d9b09956be8e1bf960a840304f79c6c4,4121012895,辽宁金融职业学院,辽宁金融职业学院,辽宁省,沈阳市,专科,辽宁省,valid,pending,MOE,2026,截至2026年6月17日,511,
s_92c800ffda9ea644eeb7b2392d61d97d,4121012899,辽宁经济职业技术学院,辽宁经济职业技术学院,辽宁省,沈阳市,专科,辽宁省,valid,pending,MOE,2026,截至2026年6月17日,515,
s_da3fc3540549f13e768caff15ec762c9,4121011432,辽宁警察学院,辽宁警察学院,辽宁省,大连市,本科,辽宁省,valid,pending,MOE,2026,截至2026年6月17日,466,
s_c0b5d96583e00c30936516b08ba3006f,4121010146,辽宁科技大学,辽宁科技大学,辽宁省,鞍山市,本科,辽宁省,valid,pending,MOE,2026,截至2026年6月17日,435,
s_ae64feb482e66b842d20b4989a46251e,4121011430,辽宁科技学院,辽宁科技学院,辽宁省,本溪市,本科,辽宁省,valid,pending,MOE,2026,截至2026年6月17日,465,
s_e0ace6442c5341c3987fb5268b43ebac,4121013217,辽宁理工学院,辽宁理工学院,辽宁省,锦州市,本科,辽宁省教育厅,valid,pending,MOE,2026,截至2026年6月17日,481,民办
s_ac82188e1ff6dece8b520fd9616c56ad,4121012595,辽宁理工职业大学,辽宁理工职业大学,辽宁省,锦州市,本科,辽宁省教育厅,valid,pending,MOE,2026,截至2026年6月17日,470,民办
s_07485fbb4192da71e10ec4777cc8a1f4,4121014464,辽宁民族师范高等专科学校,辽宁民族师范高等专科学校,辽宁省,沈阳市,专科,辽宁省,valid,pending,MOE,2026,截至2026年6月17日,538,
s_dc509b7c5616ced6de46843cf4a1aeff,4121010957,辽宁农业职业技术学院,辽宁农业职业技术学院,辽宁省,营口市,专科,辽宁省,valid,pending,MOE,2026,截至2026年6月17日,498,
s_8645166b387f1f552fed94f46f22fcec,4121014473,辽宁轻工职业学院,辽宁轻工职业学院,辽宁省,大连市,专科,辽宁省,valid,pending,MOE,2026,截至2026年6月17日,539,
s_bc11c59eb5c23ab76ef788f3f6c613da,4121013960,辽宁商贸职业学院,辽宁商贸职业学院,辽宁省,沈阳市,专科,辽宁省,valid,pending,MOE,2026,截至2026年6月17日,520,
s_6e4826a4b355ebdbdbdc8372a422b9b9,4121012593,辽宁生态工程职业学院,辽宁生态工程职业学院,辽宁省,沈阳市,专科,辽宁省,valid,pending,MOE,2026,截至2026年6月17日,508,
s_b0315b7c58419de44419b286e7d1f4e4,4121011500,辽宁省交通高等专科学校,辽宁省交通高等专科学校,辽宁省,沈阳市,专科,辽宁省,valid,pending,MOE,2026,截至2026年6月17日,502,
s_d80e355cd1fd713d5e3fd1b0f6b89ea6,4121010165,辽宁师范大学,辽宁师范大学,辽宁省,大连市,本科,辽宁省,valid,pending,MOE,2026,截至2026年6月17日,452,
s_d088e0685dc02c895c0d3727cd6b6d23,4121013215,辽宁师范大学海华学院,辽宁师范大学海华学院,辽宁省,大连市,本科,辽宁省教育厅,valid,pending,MOE,2026,截至2026年6月17日,480,民办
s_0a9d8d6a88d6b504ded6751873bd4ed7,4121014662,辽宁师范高等专科学校,辽宁师范高等专科学校,辽宁省,沈阳市,专科,辽宁省,valid,pending,MOE,2026,截至2026年6月17日,541,
s_19914d73a39554820d7098ce5b106760,4121012900,辽宁石化职业技术学院,辽宁石化职业技术学院,辽宁省,锦州市,专科,辽宁省,valid,pending,MOE,2026,截至2026年6月17日,516,
s_cafe22d170953671e4bd8bc439c3a1d9,4121010148,辽宁石油化工大学,辽宁石油化工大学,辽宁省,抚顺市,本科,辽宁省,valid,pending,MOE,2026,截至2026年6月17日,437,
s_9f4f8b1fe573dd6987a2c6cc18134514,4121011735,辽宁税务高等专科学校,辽宁税务高等专科学校,辽宁省,大连市,专科,辽宁省,valid,pending,MOE,2026,截至2026年6月17日,503,
s_7beeec707daceca9b185505cdc216bb8,4121014526,辽宁特殊教育师范高等专科学校,辽宁特殊教育师范高等专科学校,辽宁省,沈阳市,专科,辽宁省,valid,pending,MOE,2026,截至2026年6月17日,540,
s_de8d034add22031ab7cb1ddecd171df1,4121012591,辽宁体育运动职业技术学院,辽宁体育运动职业技术学院,辽宁省,沈阳市,专科,辽宁省,valid,pending,MOE,2026,截至2026年6月17日,506,
s_14b89cc76924be865a2d7e9b3f9b7a53,4121014188,辽宁铁道职业技术学院,辽宁铁道职业技术学院,辽宁省,锦州市,专科,辽宁省,valid,pending,MOE,2026,截至2026年6月17日,525,
s_b9cdb0d2335c95a015042b648cca237b,4121014240,辽宁现代服务职业技术学院,辽宁现代服务职业技术学院,辽宁省,沈阳市,专科,辽宁省,valid,pending,MOE,2026,截至2026年6月17日,530,
s_807c40e865d49cf0d6e9cda726ade624,4121014286,辽宁冶金职业技术学院,辽宁冶金职业技术学院,辽宁省,本溪市,专科,辽宁省,valid,pending,MOE,2026,截至2026年6月17日,531,
s_574d5b63d68cea923c910c58064046e9,4121014289,辽宁医药职业学院,辽宁医药职业学院,辽宁省,沈阳市,专科,辽宁省,valid,pending,MOE,2026,截至2026年6月17日,534,
s_d8919fd30873ed7c1c84dcc8880cedad,4121014398,辽宁政法职业学院,辽宁政法职业学院,辽宁省,沈阳市,专科,辽宁省,valid,pending,MOE,2026,截至2026年6月17日,537,
s_29bd9712a91a06fb1231f0f40c61090c,4121012592,辽宁职业学院,辽宁职业学院,辽宁省,铁岭市,专科,辽宁省,valid,pending,MOE,2026,截至2026年6月17日,507,
s_0b3fda4df2e0cbfeb3638563ce777fd2,4121010162,辽宁中医药大学,辽宁中医药大学,辽宁省,沈阳市,本科,辽宁省,valid,pending,MOE,2026,截至2026年6月17日,449,
s_46bd64b933a4c01d8549d4e11112ce81,4121013609,辽宁中医药大学杏林学院,辽宁中医药大学杏林学院,辽宁省,沈阳市,本科,辽宁省教育厅,valid,pending,MOE,2026,截至2026年6月17日,485,民办
s_5f8b747ba2c7a1fe461a25e22286dd07,4121014076,辽宁装备制造职业技术学院,辽宁装备制造职业技术学院,辽宁省,沈阳市,专科,辽宁省,valid,pending,MOE,2026,截至2026年6月17日,522,
s_e73f979fc3bd0066c4fad80f024520ea,4121011249,辽阳职业技术学院,辽阳职业技术学院,辽宁省,辽阳市,专科,辽宁省,valid,pending,MOE,2026,截至2026年6月17日,500,
s_ae62d733ed20dd69fbcd3552d3187404,4121010178,鲁迅美术学院,鲁迅美术学院,辽宁省,沈阳市,本科,辽宁省,valid,pending,MOE,2026,截至2026年6月17日,461,
s_24b60316c52fea4d86569e0c2a3881e9,4121012063,盘锦职业技术学院,盘锦职业技术学院,辽宁省,盘锦市,专科,辽宁省,valid,pending,MOE,2026,截至2026年6月17日,504,
s_7974b36ba5b308d4c48df14d50ee6962,4121014385,沈阳北软信息职业技术学院,沈阳北软信息职业技术学院,辽宁省,沈阳市,专科,辽宁省教育厅,valid,pending,MOE,2026,截至2026年6月17日,536,民办
s_d97088bc6a28427b4bab58f9a83751e3,4121013208,沈阳城市建设学院,沈阳城市建设学院,辽宁省,沈阳市,本科,辽宁省教育厅,valid,pending,MOE,2026,截至2026年6月17日,477,民办
s_4e838eb1243ad16fd4a3a5de85911f8f,4121013220,沈阳城市学院,沈阳城市学院,辽宁省,沈阳市,本科,辽宁省教育厅,valid,pending,MOE,2026,截至2026年6月17日,483,民办
s_7b2659d5c96a30f03a56d2d7e79deda8,4121011035,沈阳大学,沈阳大学,辽宁省,沈阳市,本科,辽宁省,valid,pending,MOE,2026,截至2026年6月17日,463,
s_5ede11ed5ea5a577c509ad3e3ef44743,4121011632,沈阳工程学院,沈阳工程学院,辽宁省,沈阳市,本科,辽宁省,valid,pending,MOE,2026,截至2026年6月17日,467,
s_f6a2d6a5bc3f49e1f3319115b44a35ab,4121013201,沈阳工学院,沈阳工学院,辽宁省,抚顺市,本科,辽宁省教育厅,valid,pending,MOE,2026,截至2026年6月17日,474,民办
s_ee2d40317cbe1269f40b4ed41e83cadf,4121010142,沈阳工业大学,沈阳工业大学,辽宁省,沈阳市,本科,辽宁省,valid,pending,MOE,2026,截至2026年6月17日,431,
s_1ad2ee97dc6daffe0ddfca1200e1f68e,4121013199,沈阳工业大学工程学院,沈阳工业大学工程学院,辽宁省,辽阳市,本科,辽宁省教育厅,valid,pending,MOE,2026,截至2026年6月17日,472,民办
s_f5839dbffd2e85c4458238b10d271649,4121010143,沈阳航空航天大学,沈阳航空航天大学,辽宁省,沈阳市,本科,辽宁省,valid,pending,MOE,2026,截至2026年6月17日,432,
s_0efa6eae6417108279f530e795facd87,4121013200,沈阳航空航天大学北方科技学院,沈阳航空航天大学北方科技学院,辽宁省,沈阳市,本科,辽宁省教育厅,valid,pending,MOE,2026,截至2026年6月17日,473,民办
s_d2484b81b64238a2f5a3c4d19da50ff0,4121012590,沈阳航空职业技术学院,沈阳航空职业技术学院,辽宁省,沈阳市,专科,辽宁省,valid,pending,MOE,2026,截至2026年6月17日,505,
s_3d4b66eba78c162069021ee1798c26c8,4121010149,沈阳化工大学,沈阳化工大学,辽宁省,沈阳市,本科,辽宁省,valid,pending,MOE,2026,截至2026年6月17日,438,
s_716786171d1696eac5cbdb7ea2b6f55c,4121010153,沈阳建筑大学,沈阳建筑大学,辽宁省,沈阳市,本科,辽宁省,valid,pending,MOE,2026,截至2026年6月17日,442,
s_7c5f97891733465b46183f00a6ea101f,4121013621,沈阳科技学院,沈阳科技学院,辽宁省,沈阳市,本科,辽宁省教育厅,valid,pending,MOE,2026,截至2026年6月17日,487,民办
s_95e9e054c532f97738f32adc745ed153,4121010144,沈阳理工大学,沈阳理工大学,辽宁省,沈阳市,本科,辽宁省,valid,pending,MOE,2026,截至2026年6月17日,433,
s_0a8e8dfec57d773d0b86407d1313b0b4,4121010157,沈阳农业大学,沈阳农业大学,辽宁省,沈阳市,本科,辽宁省,valid,pending,MOE,2026,截至2026年6月17日,444,
s_1e9a5aef7bde7307192964fe4a428572,4121010166,沈阳师范大学,沈阳师范大学,辽宁省,沈阳市,本科,辽宁省,valid,pending,MOE,2026,截至2026年6月17日,453,
s_3aca45b332448329f7423c6098f60356,4121010176,沈阳体育学院,沈阳体育学院,辽宁省,沈阳市,本科,辽宁省,valid,pending,MOE,2026,截至2026年6月17日,459,
s_69bb081eb5758a81eae13b7af147f77a,4121010163,沈阳药科大学,沈阳药科大学,辽宁省,沈阳市,本科,辽宁省,valid,pending,MOE,2026,截至2026年6月17日,450,
s_ed1db2fbd86bffe731b4dbb2e75aa804,4121010164,沈阳医学院,沈阳医学院,辽宁省,沈阳市,本科,辽宁省,valid,pending,MOE,2026,截至2026年6月17日,451,
s_8404d06685b386a28ff2626287368630,4121010177,沈阳音乐学院,沈阳音乐学院,辽宁省,沈阳市,本科,辽宁省,valid,pending,MOE,2026,截至2026年6月17日,460,
s_3a48405073d323a88c90d28420d01db4,4121012594,沈阳职业技术学院,沈阳职业技术学院,辽宁省,沈阳市,专科,辽宁省,valid,pending,MOE,2026,截至2026年6月17日,509,
s_f89a901002a06101f82f37f8a0aa5b23,4121010182,铁岭师范高等专科学校,铁岭师范高等专科学校,辽宁省,铁岭市,专科,辽宁省,valid,pending,MOE,2026,截至2026年6月17日,496,
s_56eaddcf444ea7db8c0a766651f59e6e,4121014290,铁岭卫生职业学院,铁岭卫生职业学院,辽宁省,铁岭市,专科,辽宁省,valid,pending,MOE,2026,截至2026年6月17日,535,
s_1f379ac818177f6b1fd1073edf7258e1,4121014435,营口理工学院,营口理工学院,辽宁省,营口市,本科,辽宁省,valid,pending,MOE,2026,截至2026年6月17日,491,
s_a245faa8778f3017773211b4257c2356,4121010181,营口职业技术学院,营口职业技术学院,辽宁省,营口市,专科,辽宁省,valid,pending,MOE,2026,截至2026年6月17日,495,
s_6f7ec510407a55446bf86fe3cb3d0dbd,4121010175,中国刑事警察学院,中国刑事警察学院,辽宁省,沈阳市,本科,公安部,valid,pending,MOE,2026,截至2026年6月17日,458,
s_39db74df64002780e0296391b560f49a,4121010159,中国医科大学,中国医科大学,辽宁省,沈阳市,本科,辽宁省,valid,pending,MOE,2026,截至2026年6月17日,446,
s_ab28ed481dfaf178cc2882e2bd429ea7,4115014339,阿拉善职业技术学院,阿拉善职业技术学院,内蒙古自治区,阿拉善盟,专科,内蒙古自治区,valid,pending,MOE,2026,截至2026年6月17日,422,
s_5999965233726fd1606b63ff513e1527,4115013864,包头钢铁职业技术学院,包头钢铁职业技术学院,内蒙古自治区,包头市,专科,内蒙古自治区,valid,pending,MOE,2026,截至2026年6月17日,408,
s_068243454d450200057afa236f5a70b7,4115012671,包头轻工职业技术学院,包头轻工职业技术学院,内蒙古自治区,包头市,专科,内蒙古自治区,valid,pending,MOE,2026,截至2026年6月17日,397,
s_eda9d69fa82b5db18a571757c7886fc4,4115014187,包头铁道职业技术学院,包头铁道职业技术学院,内蒙古自治区,包头市,专科,内蒙古自治区,valid,pending,MOE,2026,截至2026年6月17日,414,
s_3096f2f91342fa2cd9b0a61c5d93afc7,4115012057,包头职业技术学院,包头职业技术学院,内蒙古自治区,包头市,专科,内蒙古自治区,valid,pending,MOE,2026,截至2026年6月17日,396,
s_7eb3449961e5c98f9b10a69e84e6df21,4115010138,赤峰大学,赤峰大学,内蒙古自治区,赤峰市,本科,内蒙古自治区,valid,pending,MOE,2026,截至2026年6月17日,381,
s_911b2be295383a87df9a5b3bc1c644c0,4115014338,赤峰工业职业技术学院,赤峰工业职业技术学院,内蒙古自治区,赤峰市,专科,内蒙古自治区,valid,pending,MOE,2026,截至2026年6月17日,421,
s_c39a838fcc7ae3d00d73b7ebf6999bb9,4115014699,赤峰应用技术职业学院,赤峰应用技术职业学院,内蒙古自治区,赤峰市,专科,内蒙古自治区,valid,pending,MOE,2026,截至2026年6月17日,427,
s_4b61525b24c4cd2a300cb53d9e149648,4115014050,赤峰职业技术学院,赤峰职业技术学院,内蒙古自治区,赤峰市,专科,内蒙古自治区教育厅,valid,pending,MOE,2026,截至2026年6月17日,412,民办
s_e1316ffcc67829e966272c0f5287b4d4,4115014501,鄂尔多斯生态环境职业学院,鄂尔多斯生态环境职业学院,内蒙古自治区,鄂尔多斯市,专科,内蒙古自治区,valid,pending,MOE,2026,截至2026年6月17日,425,
s_8c52e86ca07319040527d2e9d16d73c1,4115014532,鄂尔多斯应用技术学院,鄂尔多斯应用技术学院,内蒙古自治区,鄂尔多斯市,本科,内蒙古自治区,valid,pending,MOE,2026,截至2026年6月17日,390,
s_f98de37a72373a11e60be286333acb25,4115014248,鄂尔多斯职业学院,鄂尔多斯职业学院,内蒙古自治区,鄂尔多斯市,专科,内蒙古自治区,valid,pending,MOE,2026,截至2026年6月17日,416,
s_e169293cc98c9d383df4b5777547c7ee,4115011631,河套学院,河套学院,内蒙古自治区,巴彦淖尔市,本科,内蒙古自治区,valid,pending,MOE,2026,截至2026年6月17日,385,
s_36e77e61cd6b2c5dd9b57945624477e7,4115011709,呼和浩特民族学院,呼和浩特民族学院,内蒙古自治区,呼和浩特市,本科,内蒙古自治区,valid,pending,MOE,2026,截至2026年6月17日,386,
s_b9c551edf055321aa76c3959f056eb64,4115012670,呼和浩特职业技术大学,呼和浩特职业技术大学,内蒙古自治区,呼和浩特市,本科,内蒙古自治区,valid,pending,MOE,2026,截至2026年6月17日,394,
s_b81a5b556c93020e7ab0ec5f83bb7c8e,4115010819,呼伦贝尔学院,呼伦贝尔学院,内蒙古自治区,呼伦贝尔市,本科,内蒙古自治区,valid,pending,MOE,2026,截至2026年6月17日,383,
s_ae2d766e12a1ef11361b7f41063caf46,4115014283,呼伦贝尔职业技术学院,呼伦贝尔职业技术学院,内蒙古自治区,呼伦贝尔市,专科,内蒙古自治区,valid,pending,MOE,2026,截至2026年6月17日,418,
s_37579a4249c4e1652c9a9b5e33216e3a,4115011427,集宁师范学院,集宁师范学院,内蒙古自治区,乌兰察布市,本科,内蒙古自治区,valid,pending,MOE,2026,截至2026年6月17日,384,
s_a954bc8d855e1c960a0d3aa30974dc07,4115013741,科尔沁艺术职业学院,科尔沁艺术职业学院,内蒙古自治区,通辽市,专科,内蒙古自治区,valid,pending,MOE,2026,截至2026年6月17日,406,
s_daabc72a6c21f9f21595115dc7f84f97,4115014285,满洲里俄语职业学院,满洲里俄语职业学院,内蒙古自治区,呼伦贝尔市,专科,内蒙古自治区,valid,pending,MOE,2026,截至2026年6月17日,419,
s_9ec8958679ed4db7db526b5c333e849d,4115014049,内蒙古北方职业技术学院,内蒙古北方职业技术学院,内蒙古自治区,呼和浩特市,专科,内蒙古自治区教育厅,valid,pending,MOE,2026,截至2026年6月17日,411,民办
s_fbc4ffaefc4dc52e4e0f4f361258303c,4115010139,内蒙古财经大学,内蒙古财经大学,内蒙古自治区,呼和浩特市,本科,内蒙古自治区,valid,pending,MOE,2026,截至2026年6月17日,382,
s_d7c0d7e1b0e36659f8bb9f9bd9363990,4115010126,内蒙古大学,内蒙古大学,内蒙古自治区,呼和浩特市,本科,内蒙古自治区,valid,pending,MOE,2026,截至2026年6月17日,374,
s_47e6b4ca4ff843b3cc5bd9893deeba9a,4115014199,内蒙古大学创业学院,内蒙古大学创业学院,内蒙古自治区,呼和浩特市,本科,内蒙古自治区教育厅,valid,pending,MOE,2026,截至2026年6月17日,387,民办
s_408fb87f2c6247225ca8975a05895dd7,4115012673,内蒙古电子信息职业技术学院,内蒙古电子信息职业技术学院,内蒙古自治区,呼和浩特市,专科,内蒙古自治区,valid,pending,MOE,2026,截至2026年6月17日,398,
s_7b56383f7707bd0849ba6cc14a78e853,4115011429,内蒙古丰州职业学院,内蒙古丰州职业学院,内蒙古自治区,呼和浩特市,专科,内蒙古自治区教育厅,valid,pending,MOE,2026,截至2026年6月17日,395,民办
s_8f3b6676bb05ea55283ebe6e859ce025,4115010128,内蒙古工业大学,内蒙古工业大学,内蒙古自治区,呼和浩特市,本科,内蒙古自治区,valid,pending,MOE,2026,截至2026年6月17日,376,
s_09b07493377b7f68b4120a659877d4d5,4115014282,内蒙古工业职业学院,内蒙古工业职业学院,内蒙古自治区,呼和浩特市,专科,内蒙古自治区教育厅,valid,pending,MOE,2026,截至2026年6月17日,417,民办
s_cb25c086e8c25345409b162ad31d91e9,4115014205,内蒙古鸿德文理学院,内蒙古鸿德文理学院,内蒙古自治区,呼和浩特市,本科,内蒙古自治区教育厅,valid,pending,MOE,2026,截至2026年6月17日,388,民办
s_7d2d4033fa273fbd80d5118850121ef9,4115012675,内蒙古化工职业学院,内蒙古化工职业学院,内蒙古自治区,呼和浩特市,专科,内蒙古自治区,valid,pending,MOE,2026,截至2026年6月17日,400,
s_6ddc0292eb858234b963c166f9033a69,4115012674,内蒙古机电职业技术学院,内蒙古机电职业技术学院,内蒙古自治区,呼和浩特市,专科,内蒙古自治区,valid,pending,MOE,2026,截至2026年6月17日,399,
s_b4c74888c0f3cb09428f7aae8b91fe5e,4115010871,内蒙古建筑职业技术大学,内蒙古建筑职业技术大学,内蒙古自治区,呼和浩特市,本科,内蒙古自治区,valid,pending,MOE,2026,截至2026年6月17日,392,
s_00686643563ce416e8dfa5b52d0f64ea,4115013824,内蒙古交通职业技术学院,内蒙古交通职业技术学院,内蒙古自治区,赤峰市,专科,内蒙古自治区,valid,pending,MOE,2026,截至2026年6月17日,407,
s_8f1f706867a12307cc5d8eb5c831b702,4115014051,内蒙古经贸外语职业学院,内蒙古经贸外语职业学院,内蒙古自治区,呼和浩特市,专科,内蒙古自治区教育厅,valid,pending,MOE,2026,截至2026年6月17日,413,民办
s_b69efd3eb89cae7b73a01245d8c47081,4115012797,内蒙古警察学院,内蒙古警察学院,内蒙古自治区,呼和浩特市,本科,内蒙古自治区,valid,pending,MOE,2026,截至2026年6月17日,391,
s_e6612f5a0a56cc1c4ecda2c6ac907753,4115010127,内蒙古科技大学,内蒙古科技大学,内蒙古自治区,包头市,本科,内蒙古自治区,valid,pending,MOE,2026,截至2026年6月17日,375,
s_417de3d2541f8454c7b2a649530bd6a3,4115014048,内蒙古科技职业学院,内蒙古科技职业学院,内蒙古自治区,呼和浩特市,专科,内蒙古自治区教育厅,valid,pending,MOE,2026,截至2026年6月17日,410,民办
s_5b4c1ee5b7cd9c80543c9a94a879aca9,4115014387,内蒙古美术职业学院,内蒙古美术职业学院,内蒙古自治区,巴彦淖尔市,专科,内蒙古自治区教育厅,valid,pending,MOE,2026,截至2026年6月17日,423,民办
s_4752664e4f318fd4c0a8bae6a501bef7,4115010136,内蒙古民族大学,内蒙古民族大学,内蒙古自治区,通辽市,本科,内蒙古自治区,valid,pending,MOE,2026,截至2026年6月17日,380,
s_bca0b4be01e9804628ad11e495b71217,4115014463,内蒙古民族幼儿师范高等专科学校,内蒙古民族幼儿师范高等专科学校,内蒙古自治区,鄂尔多斯市,专科,内蒙古自治区,valid,pending,MOE,2026,截至2026年6月17日,424,
s_b6cebca57f81c887cb01e1eb29e480ac,4115014337,内蒙古能源职业学院,内蒙古能源职业学院,内蒙古自治区,呼和浩特市,专科,内蒙古自治区教育厅,valid,pending,MOE,2026,截至2026年6月17日,420,民办
s_09a98e31283cdd39bcf96d55e41e05ac,4115010129,内蒙古农业大学,内蒙古农业大学,内蒙古自治区,呼和浩特市,本科,内蒙古自治区,valid,pending,MOE,2026,截至2026年6月17日,377,
s_80023a73e394ab8eb44ad4f666e62a6b,4115012676,内蒙古商贸职业学院,内蒙古商贸职业学院,内蒙古自治区,呼和浩特市,专科,内蒙古自治区,valid,pending,MOE,2026,截至2026年6月17日,401,
s_86ce350f90b5c0c4640fd88b25a0c8c9,4115010135,内蒙古师范大学,内蒙古师范大学,内蒙古自治区,呼和浩特市,本科,内蒙古自治区,valid,pending,MOE,2026,截至2026年6月17日,379,
s_5febdd3895b901e31a20371f572aaf57,4115012894,内蒙古体育职业学院,内蒙古体育职业学院,内蒙古自治区,呼和浩特市,专科,内蒙古自治区,valid,pending,MOE,2026,截至2026年6月17日,403,
s_7e67d5183eeb846a0ad3a6ad8250353d,4115010132,内蒙古医科大学,内蒙古医科大学,内蒙古自治区,呼和浩特市,本科,内蒙古自治区,valid,pending,MOE,2026,截至2026年6月17日,378,
s_823dcffd204f357ea734d63e5bbb127a,4115014531,内蒙古艺术学院,内蒙古艺术学院,内蒙古自治区,呼和浩特市,本科,内蒙古自治区,valid,pending,MOE,2026,截至2026年6月17日,389,
s_8694eb494d55ed7d99c8c741de1e7e23,4115013740,通辽职业学院,通辽职业学院,内蒙古自治区,通辽市,专科,内蒙古自治区,valid,pending,MOE,2026,截至2026年6月17日,405,
s_73a0460b8e2036c68c81fce1f83b3dd8,4115013915,乌海职业技术学院,乌海职业技术学院,内蒙古自治区,乌海市,专科,内蒙古自治区,valid,pending,MOE,2026,截至2026年6月17日,409,
s_6a6b4de0a047d96abb624167b1916e1e,4115014219,乌兰察布医学高等专科学校,乌兰察布医学高等专科学校,内蒙古自治区,乌兰察布市,专科,内蒙古自治区,valid,pending,MOE,2026,截至2026年6月17日,415,
s_3e949fcfad7f59e18f8b2bc55382b503,4115013699,乌兰察布职业学院,乌兰察布职业学院,内蒙古自治区,乌兰察布市,专科,内蒙古自治区,valid,pending,MOE,2026,截至2026年6月17日,404,
s_b312d0becdaeac4ce2f790736dffec81,4115012677,锡林郭勒职业学院,锡林郭勒职业学院,内蒙古自治区,锡林郭勒盟,专科,内蒙古自治区,valid,pending,MOE,2026,截至2026年6月17日,402,
s_8eec5761edea4bc160becd09185ab616,4115012443,兴安职业技术大学,兴安职业技术大学,内蒙古自治区,兴安盟,本科,内蒙古自治区,valid,pending,MOE,2026,截至2026年6月17日,393,
s_d08054166c98d2db1101a80b2788c9c2,4115014539,扎兰屯职业学院,扎兰屯职业学院,内蒙古自治区,呼伦贝尔市,专科,内蒙古自治区,valid,pending,MOE,2026,截至2026年6月17日,426,
s_c0e53759a3d2d7927e4ba6e0ffbfebd5,4164011407,北方民族大学,北方民族大学,宁夏回族自治区,银川市,本科,国家民委,valid,pending,MOE,2026,截至2026年6月17日,2897,
s_89e7952e607501b42ec65520916de855,4164014976,固原农林职业技术学院,固原农林职业技术学院,宁夏回族自治区,固原市,专科,宁夏回族自治区,valid,pending,MOE,2026,截至2026年6月17日,2917,
s_bf5aee33582d93ee6bdade57b66571b1,4164013088,宁夏财经职业技术学院,宁夏财经职业技术学院,宁夏回族自治区,银川市,专科,宁夏回族自治区,valid,pending,MOE,2026,截至2026年6月17日,2907,
s_1e1b4f9e7923ea2547837aefae23443c,4164010749,宁夏大学,宁夏大学,宁夏回族自治区,银川市,本科,宁夏回族自治区,valid,pending,MOE,2026,截至2026年6月17日,2894,
s_90daff6bba910e7440f69122bf6503bb,4164013325,宁夏大学新华学院,宁夏大学新华学院,宁夏回族自治区,银川市,本科,宁夏回族自治区教育厅,valid,pending,MOE,2026,截至2026年6月17日,2899,民办
s_f35bd5b29c854fd1c40c5522dd2e95f2,4164013087,宁夏工商职业技术大学,宁夏工商职业技术大学,宁夏回族自治区,银川市,本科,宁夏回族自治区,valid,pending,MOE,2026,截至2026年6月17日,2903,
s_4b56c808155bc03e42981118c985e6eb,4164012837,宁夏工业职业学院,宁夏工业职业学院,宁夏回族自治区,银川市,专科,宁夏回族自治区,valid,pending,MOE,2026,截至2026年6月17日,2906,
s_1c8c758636f8c7be0bc5808589194056,4164013151,宁夏建设职业技术学院,宁夏建设职业技术学院,宁夏回族自治区,银川市,专科,宁夏回族自治区,valid,pending,MOE,2026,截至2026年6月17日,2909,
s_6adf2a582d4d2de9dabef308782a49e3,4164014847,宁夏交通职业技术学院,宁夏交通职业技术学院,宁夏回族自治区,银川市,专科,宁夏回族自治区,valid,pending,MOE,2026,截至2026年6月17日,2916,
s_36b4265225a6f531d94f14ee74c6f860,4164013089,宁夏警官职业学院,宁夏警官职业学院,宁夏回族自治区,银川市,专科,宁夏回族自治区,valid,pending,MOE,2026,截至2026年6月17日,2908,
s_ac939eefd1544a04b0d543d2481f2306,4164012544,宁夏理工学院,宁夏理工学院,宁夏回族自治区,石嘴山市,本科,宁夏回族自治区教育厅,valid,pending,MOE,2026,截至2026年6月17日,2898,民办
s_7ac886176167784eadf0e6678e031d3e,4164012716,宁夏民族职业技术学院,宁夏民族职业技术学院,宁夏回族自治区,吴忠市,专科,宁夏回族自治区,valid,pending,MOE,2026,截至2026年6月17日,2905,
s_6f7f8d45b9cf3dc8a920308334c97558,4164014377,宁夏葡萄酒与防沙治沙职业技术学院,宁夏葡萄酒与防沙治沙职业技术学院,宁夏回族自治区,银川市,专科,宁夏回族自治区,valid,pending,MOE,2026,截至2026年6月17日,2910,
s_310e1a390b9fc4865207f18bc6237305,4164010753,宁夏师范大学,宁夏师范大学,宁夏回族自治区,固原市,本科,宁夏回族自治区,valid,pending,MOE,2026,截至2026年6月17日,2896,
s_6ce04bf407dd30648fed2c5ce564f8f4,4164014624,宁夏体育职业学院,宁夏体育职业学院,宁夏回族自治区,银川市,专科,宁夏回族自治区,valid,pending,MOE,2026,截至2026年6月17日,2913,
s_8ff614110f9b9a4679b3283faba46341,4164014804,宁夏卫生健康职业技术学院,宁夏卫生健康职业技术学院,宁夏回族自治区,石嘴山市,专科,宁夏回族自治区,valid,pending,MOE,2026,截至2026年6月17日,2915,
s_a8af52cdbde54fc723ec622b1d6314dd,4164010752,宁夏医科大学,宁夏医科大学,宁夏回族自治区,银川市,本科,宁夏回族自治区,valid,pending,MOE,2026,截至2026年6月17日,2895,
s_15b6211e19f941bac463a9e683423c6f,4164014522,宁夏艺术职业学院,宁夏艺术职业学院,宁夏回族自治区,银川市,专科,宁夏回族自治区,valid,pending,MOE,2026,截至2026年6月17日,2912,
s_e0ebc34191ff9b9217e83aa524f97fd2,4164014986,宁夏应用技术学院,宁夏应用技术学院,宁夏回族自治区,石嘴山市,本科,宁夏回族自治区教育厅,valid,pending,MOE,2026,截至2026年6月17日,2904,民办
s_e988d723db8c4ac82828df2c61319a94,4164014498,宁夏幼儿师范高等专科学校,宁夏幼儿师范高等专科学校,宁夏回族自治区,银川市,专科,宁夏回族自治区,valid,pending,MOE,2026,截至2026年6月17日,2911,
s_f9f0488a30c5220884bcb55994246315,4164013086,宁夏职业技术大学,宁夏职业技术大学,宁夏回族自治区,银川市,本科,宁夏回族自治区,valid,pending,MOE,2026,截至2026年6月17日,2902,
s_eeca34e1fecddbd0189bd0ffd709c7e3,4164014739,石嘴山工贸职业技术学院,石嘴山工贸职业技术学院,宁夏回族自治区,石嘴山市,专科,宁夏回族自治区,valid,pending,MOE,2026,截至2026年6月17日,2914,
s_c7543cd5fa5c898aeece56b6b3a3ab35,4164014200,银川科技学院,银川科技学院,宁夏回族自治区,银川市,本科,宁夏回族自治区教育厅,valid,pending,MOE,2026,截至2026年6月17日,2901,民办
s_104fa666bdf87e06bed74eef33a4d608,4164013820,银川能源学院,银川能源学院,宁夏回族自治区,银川市,本科,宁夏回族自治区教育厅,valid,pending,MOE,2026,截至2026年6月17日,2900,民办
s_9844e9f024680579f95a1505e539cc5d,4163014521,青海柴达木职业技术学院,青海柴达木职业技术学院,青海省,海西蒙古族藏族自治州,专科,青海省,valid,pending,MOE,2026,截至2026年6月17日,2892,
s_89fc7e432bf7c352490382d9c1b399ef,4163010743,青海大学,青海大学,青海省,西宁市,本科,青海省,valid,pending,MOE,2026,截至2026年6月17日,2880,
s_0e6e481e9a3992a5218ea9643d49224f,4163013674,青海大学昆仑学院,青海大学昆仑学院,青海省,西宁市,本科,青海省教育厅,valid,pending,MOE,2026,截至2026年6月17日,2883,民办
s_d47bc164bc2c4db9c827ab41676699e4,4163014520,青海高等职业技术学院,青海高等职业技术学院,青海省,海东市,专科,青海省,valid,pending,MOE,2026,截至2026年6月17日,2891,
s_bc2ddf0f4f3a6fcc1d87543a00bbfbc5,4163012974,青海建筑职业技术学院,青海建筑职业技术学院,青海省,西宁市,专科,青海省,valid,pending,MOE,2026,截至2026年6月17日,2889,
s_540284eb2c7fe3f499d2926620a6655f,4163012852,青海警官职业学院,青海警官职业学院,青海省,西宁市,专科,青海省,valid,pending,MOE,2026,截至2026年6月17日,2887,
s_b3da3459a98bb1ec3783f8c7a8dfaa5e,4163014881,青海理工学院,青海理工学院,青海省,西宁市,本科,青海省,valid,pending,MOE,2026,截至2026年6月17日,2884,
s_720cc0671140458ae8b0e784f85921c9,4163010748,青海民族大学,青海民族大学,青海省,西宁市,本科,青海省,valid,pending,MOE,2026,截至2026年6月17日,2882,
s_f1ea8cc80eafe86604404968c211950f,4163012972,青海农牧科技职业学院,青海农牧科技职业学院,青海省,西宁市,专科,青海省,valid,pending,MOE,2026,截至2026年6月17日,2888,
s_b20c77cf430bd025cdc70e4a6771f229,4163010746,青海师范大学,青海师范大学,青海省,西宁市,本科,青海省,valid,pending,MOE,2026,截至2026年6月17日,2881,
s_fe03d3347481b86a5304610c712d228b,4163012562,青海卫生职业技术学院,青海卫生职业技术学院,青海省,西宁市,专科,青海省,valid,pending,MOE,2026,截至2026年6月17日,2886,
s_c69325479c882cd510712defc50b2cb0,4163012973,青海职业技术大学,青海职业技术大学,青海省,西宁市,本科,青海省,valid,pending,MOE,2026,截至2026年6月17日,2885,
s_c547dabdf6071e4f864d453df247e495,4163014519,西宁城市职业技术学院,西宁城市职业技术学院,青海省,西宁市,专科,青海省,valid,pending,MOE,2026,截至2026年6月17日,2890,
s_5d79535df449171843a63fcefb3414a0,4137014964,滨州健康科技职业学院,滨州健康科技职业学院,山东省,滨州市,专科,山东省教育厅,valid,pending,MOE,2026,截至2026年6月17日,1563,民办
s_b6543a5aec3c4201e1e9cd4edf772b52,4137014749,滨州科技职业学院,滨州科技职业学院,山东省,滨州市,专科,山东省教育厅,valid,pending,MOE,2026,截至2026年6月17日,1546,民办
s_5ca3b893ad285897299bdd752c758973,4137012818,滨州职业技术大学,滨州职业技术大学,山东省,滨州市,本科,山东省,valid,pending,MOE,2026,截至2026年6月17日,1465,
s_7aa1528e2725168dc187001e44e68980,4137014857,德州工程职业学院,德州工程职业学院,山东省,德州市,专科,山东省教育厅,valid,pending,MOE,2026,截至2026年6月17日,1550,民办
s_a5292df0d9ce05f73e13d8d5bb8ee3a2,4137012842,德州科技职业学院,德州科技职业学院,山东省,德州市,专科,山东省教育厅,valid,pending,MOE,2026,截至2026年6月17日,1485,民办
s_74db46f312554b9c61804d15361efc1c,4137010448,德州学院,德州学院,山东省,德州市,本科,山东省,valid,pending,MOE,2026,截至2026年6月17日,1413,
s_b671185380aaae6ecdb6b0106583aae5,4137013389,德州职业技术学院,德州职业技术学院,山东省,德州市,专科,山东省,valid,pending,MOE,2026,截至2026年6月17日,1505,
s_d7af6c83e07a43e112d55071d40d4dc4,4137014963,德州智能技术职业学院,德州智能技术职业学院,山东省,德州市,专科,山东省,valid,pending,MOE,2026,截至2026年6月17日,1562,
s_0eade71e42c436df76c1b65649a89f67,4137013007,东营科技职业学院,东营科技职业学院,山东省,东营市,专科,山东省,valid,pending,MOE,2026,截至2026年6月17日,1491,
s_0d86f87094d2fdf40004719e67c62dd7,4137012440,东营职业学院,东营职业学院,山东省,东营市,专科,山东省,valid,pending,MOE,2026,截至2026年6月17日,1482,
s_46bdffe91d5056dcb41890a28d7faf64,4137014118,菏泽家政职业学院,菏泽家政职业学院,山东省,菏泽市,专科,山东省,valid,pending,MOE,2026,截至2026年6月17日,1520,
s_99ea3ff18231f2bf3d6d1986cff1c133,4137014928,菏泽生物医药职业学院,菏泽生物医药职业学院,山东省,菏泽市,专科,山东省教育厅,valid,pending,MOE,2026,截至2026年6月17日,1559,民办
s_b51791b981be041693f18eedb4ddae55,4137010455,菏泽学院,菏泽学院,山东省,菏泽市,本科,山东省,valid,pending,MOE,2026,截至2026年6月17日,1419,
s_224bc5649f9e3af30dec99ec44b8ae54,4137010444,菏泽医学专科学校,菏泽医学专科学校,山东省,菏泽市,专科,山东省,valid,pending,MOE,2026,截至2026年6月17日,1471,
s_7039f1919ad3c4e39bfc29c8b4b998ae,4137014477,菏泽职业学院,菏泽职业学院,山东省,菏泽市,专科,山东省,valid,pending,MOE,2026,截至2026年6月17日,1533,
s_a20948b40b38446f5bf411548e5a9e56,4137010427,济南大学,济南大学,山东省,济南市,本科,山东省,valid,pending,MOE,2026,截至2026年6月17日,1398,
s_c10a4a4476cc84c74a596b43baa6a008,4137013855,济南工程职业技术学院,济南工程职业技术学院,山东省,济南市,专科,山东省,valid,pending,MOE,2026,截至2026年6月17日,1509,
s_8220c894ef02ce926e2387e7286b4d34,4137014343,济南护理职业学院,济南护理职业学院,山东省,济南市,专科,山东省,valid,pending,MOE,2026,截至2026年6月17日,1528,
s_3e8f9cc7bd9bec324a3ce26e4bab8554,4137014332,济南幼儿师范高等专科学校,济南幼儿师范高等专科学校,山东省,济南市,专科,山东省,valid,pending,MOE,2026,截至2026年6月17日,1527,
s_7420616917b4c176030047720339ca3e,4137013323,济南职业学院,济南职业学院,山东省,济南市,专科,山东省,valid,pending,MOE,2026,截至2026年6月17日,1502,
s_1a4b88eba3ccbf20cb94fd24c0ea71fc,4137014924,济宁汽车工程职业学院,济宁汽车工程职业学院,山东省,济宁市,专科,山东省教育厅,valid,pending,MOE,2026,截至2026年6月17日,1555,民办
s_8cbad5fd5bad012dc0cc6cef380a691a,4137014961,济宁卫生健康职业学院,济宁卫生健康职业学院,山东省,济宁市,专科,山东省,valid,pending,MOE,2026,截至2026年6月17日,1560,
s_27cd6b9e1168885bf2f28e211bc0f4a6,4137010454,济宁学院,济宁学院,山东省,济宁市,本科,山东省,valid,pending,MOE,2026,截至2026年6月17日,1418,
s_eef75fbb055186cd4b155208d012c515,4137010443,济宁医学院,济宁医学院,山东省,济宁市,本科,山东省,valid,pending,MOE,2026,截至2026年6月17日,1409,
s_03341583e75021092f0669a1933b87a1,4137012335,济宁职业技术学院,济宁职业技术学院,山东省,济宁市,专科,山东省,valid,pending,MOE,2026,截至2026年6月17日,1479,
s_c1126958e9467e76b5ce632797093450,4137014878,康复大学,康复大学,山东省,青岛市,本科,山东省,valid,pending,MOE,2026,截至2026年6月17日,1463,
s_eecc9ad24ab27ad2bfacdb83537b279f,4137012330,莱芜职业技术学院,莱芜职业技术学院,山东省,济南市,专科,山东省,valid,pending,MOE,2026,截至2026年6月17日,1478,
s_013f7df23346771ad85208b88c986630,4137010447,聊城大学,聊城大学,山东省,聊城市,本科,山东省,valid,pending,MOE,2026,截至2026年6月17日,1412,
s_15197bee2aaed0304ce7d8380f841430,4137013373,聊城大学东昌学院,聊城大学东昌学院,山东省,聊城市,本科,山东省教育厅,valid,pending,MOE,2026,截至2026年6月17日,1443,民办
s_16b89a017b8350ef0003a7e7a104b08a,4137014923,聊城科技职业学院,聊城科技职业学院,山东省,聊城市,专科,山东省,valid,pending,MOE,2026,截至2026年6月17日,1554,
s_cd13754ea3bbc2b03e3cdd369a90bb7f,4137012441,聊城职业技术学院,聊城职业技术学院,山东省,聊城市,专科,山东省,valid,pending,MOE,2026,截至2026年6月17日,1483,
s_e62c7682169216bc908925a0e6e948b6,4137014927,临沂城市职业学院,临沂城市职业学院,山东省,临沂市,专科,山东省教育厅,valid,pending,MOE,2026,截至2026年6月17日,1558,民办
s_fcbd3955959bc6671eb2fcb8797354ff,4137010452,临沂大学,临沂大学,山东省,临沂市,本科,山东省,valid,pending,MOE,2026,截至2026年6月17日,1416,
s_01b5eba1cdca7d74f850fd8c1ae1d1f9,4137014979,临沂工学院,临沂工学院,山东省,临沂市,本科,山东省教育厅,valid,pending,MOE,2026,截至2026年6月17日,1468,民办
s_67a6c645d2e39145621ece8b255b80e2,4137014708,临沂科技职业学院,临沂科技职业学院,山东省,临沂市,专科,山东省,valid,pending,MOE,2026,截至2026年6月17日,1543,
s_ae38017ec7c5c3677b77b7a15527f97b,4137014195,临沂职业学院,临沂职业学院,山东省,临沂市,专科,山东省,valid,pending,MOE,2026,截至2026年6月17日,1522,
s_dc7af56cbcf9b9205c1109030b9296f1,4137010451,鲁东大学,鲁东大学,山东省,烟台市,本科,山东省,valid,pending,MOE,2026,截至2026年6月17日,1415,
s_56aa600775caf4c846f556c354c6b873,4137010431,齐鲁工业大学,齐鲁工业大学,山东省,济南市,本科,山东省,valid,pending,MOE,2026,截至2026年6月17日,1401,
s_c8726f2e576fc6ad37b3a97361c91d53,4137013998,齐鲁理工学院,齐鲁理工学院,山东省,济南市,本科,山东省教育厅,valid,pending,MOE,2026,截至2026年6月17日,1454,民办
s_a1a002786309dc4f6ee8ec170597211d,4137014276,齐鲁师范学院,齐鲁师范学院,山东省,济南市,本科,山东省,valid,pending,MOE,2026,截至2026年6月17日,1458,
s_556a036e9324a66df7c1685a562002d8,4137010825,齐鲁医药学院,齐鲁医药学院,山东省,淄博市,本科,山东省教育厅,valid,pending,MOE,2026,截至2026年6月17日,1423,民办
s_aef0ebb7685e2fb237f4d81e5c6a45b3,4137010868,青岛滨海学院,青岛滨海学院,山东省,青岛市,本科,山东省教育厅,valid,pending,MOE,2026,截至2026年6月17日,1424,民办
s_08f5bb6d7c6b637638d749a1f2f1ad76,4137013378,青岛城市学院,青岛城市学院,山东省,青岛市,本科,山东省教育厅,valid,pending,MOE,2026,截至2026年6月17日,1444,民办
s_6ffba982dde28e88033bc0e050378ada,4137011065,青岛大学,青岛大学,山东省,青岛市,本科,山东省,valid,pending,MOE,2026,截至2026年6月17日,1427,
s_fe2d86847371629ddca781d23921cd54,4137014327,青岛电影学院,青岛电影学院,山东省,青岛市,本科,山东省教育厅,valid,pending,MOE,2026,截至2026年6月17日,1460,民办
s_9e94445a9e1b883fdc058cee6212d3e5,4137013005,青岛飞洋职业技术学院,青岛飞洋职业技术学院,山东省,青岛市,专科,山东省教育厅,valid,pending,MOE,2026,截至2026年6月17日,1490,民办
s_d6c45e84de57323d5d5da329f90a8512,4137013014,青岛港湾职业技术学院,青岛港湾职业技术学院,山东省,青岛市,专科,山东省,valid,pending,MOE,2026,截至2026年6月17日,1496,
s_fae551f1bbff935e16cdc5934f229046,4137014666,青岛工程职业学院,青岛工程职业学院,山东省,青岛市,专科,山东省,valid,pending,MOE,2026,截至2026年6月17日,1539,
s_b5825d1bb090689bddeafada7817dfb2,4137013995,青岛工学院,青岛工学院,山东省,青岛市,本科,山东省教育厅,valid,pending,MOE,2026,截至2026年6月17日,1452,民办
s_5e6fcdf0c4da348c9ab9e90231f98640,4137014709,青岛航空科技职业学院,青岛航空科技职业学院,山东省,青岛市,专科,山东省教育厅,valid,pending,MOE,2026,截至2026年6月17日,1544,民办
s_7cd945ce91ec8f3fa0c8309bf6a7e679,4137013015,青岛恒星科技学院,青岛恒星科技学院,山东省,青岛市,本科,山东省教育厅,valid,pending,MOE,2026,截至2026年6月17日,1437,民办
s_15ec06894b986bed7bd5247c054b866d,4137013320,青岛黄海学院,青岛黄海学院,山东省,青岛市,本科,山东省教育厅,valid,pending,MOE,2026,截至2026年6月17日,1438,民办
s_fe22b28c1797f0aeacd919d2991b142c,4137014962,青岛健康科技职业学院,青岛健康科技职业学院,山东省,青岛市,专科,山东省,valid,pending,MOE,2026,截至2026年6月17日,1561,
s_d6f552eb855b3a3ae8e6083e5d44ee21,4137013011,青岛酒店管理职业技术学院,青岛酒店管理职业技术学院,山东省,青岛市,专科,山东省,valid,pending,MOE,2026,截至2026年6月17日,1494,
s_a7746e7f89833e5580bfc88095198f01,4137010426,青岛科技大学,青岛科技大学,山东省,青岛市,本科,山东省,valid,pending,MOE,2026,截至2026年6月17日,1397,
s_86cecaf4b1144a4df317ef1903b8688b,4137010429,青岛理工大学,青岛理工大学,山东省,青岛市,本科,山东省,valid,pending,MOE,2026,截至2026年6月17日,1399,
s_6cc2131ffde94fa19f73b73e80abefdf,4137010435,青岛农业大学,青岛农业大学,山东省,青岛市,本科,山东省,valid,pending,MOE,2026,截至2026年6月17日,1404,
s_85d379856ff220dcc9859dc521281a4c,4137013997,青岛农业大学海都学院,青岛农业大学海都学院,山东省,烟台市,本科,山东省教育厅,valid,pending,MOE,2026,截至2026年6月17日,1453,民办
s_2063fc78cd98d774dcd783316b28910f,4137013321,青岛求实职业技术学院,青岛求实职业技术学院,山东省,青岛市,专科,山东省教育厅,valid,pending,MOE,2026,截至2026年6月17日,1501,民办
s_164ac15a64dc220c967dbe8792a8ca23,4137014688,青岛幼儿师范高等专科学校,青岛幼儿师范高等专科学校,山东省,青岛市,专科,山东省,valid,pending,MOE,2026,截至2026年6月17日,1540,
s_f5048793cb05ba9e5bca3cc442f0e0d8,4137014320,青岛远洋船员职业学院,青岛远洋船员职业学院,山东省,青岛市,专科,山东省,valid,pending,MOE,2026,截至2026年6月17日,1526,
s_81b55394b10e21d4ae9b4ea45c5177ac,4137012324,青岛职业技术学院,青岛职业技术学院,山东省,青岛市,专科,山东省,valid,pending,MOE,2026,截至2026年6月17日,1474,
s_416320e6e4e88d26a537d4090fead22b,4137010446,曲阜师范大学,曲阜师范大学,山东省,济宁市,本科,山东省,valid,pending,MOE,2026,截至2026年6月17日,1411,
s_4f41eab46a61230157d419f6bb834f99,4137012070,曲阜远东职业技术学院,曲阜远东职业技术学院,山东省,济宁市,专科,山东省教育厅,valid,pending,MOE,2026,截至2026年6月17日,1473,民办
s_e80d5369a33b5cd8786ca26acf871e07,4137014605,日照航海工程职业学院,日照航海工程职业学院,山东省,日照市,专科,山东省教育厅,valid,pending,MOE,2026,截至2026年6月17日,1538,民办
s_a69eef82d2bfa11e5af0a22101ef2b89,4137014858,日照康养职业学院,日照康养职业学院,山东省,日照市,专科,山东省教育厅,valid,pending,MOE,2026,截至2026年6月17日,1551,民办
s_2a1cbadbff01f1497b0a5b1e12f81bb9,4137014925,日照科技职业学院,日照科技职业学院,山东省,日照市,专科,山东省教育厅,valid,pending,MOE,2026,截至2026年6月17日,1556,民办
s_bf8c53281b649bd36e20012512a16efc,4137012062,日照职业技术大学,日照职业技术大学,山东省,日照市,本科,山东省,valid,pending,MOE,2026,截至2026年6月17日,1466,
s_83c76db4269383058edc24dcf51140f6,4137010456,山东财经大学,山东财经大学,山东省,济南市,本科,山东省,valid,pending,MOE,2026,截至2026年6月17日,1420,
s_3156dad92c6d5d8b6a54ac40ff57ed98,4137013999,山东财经大学东方学院,山东财经大学东方学院,山东省,泰安市,本科,山东省教育厅,valid,pending,MOE,2026,截至2026年6月17日,1455,民办
s_063a64da216d7242f962276cf27f9099,4137013383,山东财经大学燕山学院,山东财经大学燕山学院,山东省,济南市,本科,山东省教育厅,valid,pending,MOE,2026,截至2026年6月17日,1446,民办
s_6c6d59cb64c301f9a4b9dd7954f27a07,4137014809,山东城市服务职业学院,山东城市服务职业学院,山东省,烟台市,专科,山东省,valid,pending,MOE,2026,截至2026年6月17日,1547,
s_45ae7340c75506fde88f46388836e9b3,4137014080,山东城市建设职业学院,山东城市建设职业学院,山东省,济南市,专科,山东省,valid,pending,MOE,2026,截至2026年6月17日,1517,
s_8b87cee43d6266233bce76821fdf7362,4137012947,山东畜牧兽医职业学院,山东畜牧兽医职业学院,山东省,潍坊市,专科,山东省,valid,pending,MOE,2026,截至2026年6月17日,1489,
s_1e2b6e6521c780b1ce75bcdf57ddf6ab,4137014193,山东传媒职业学院,山东传媒职业学院,山东省,济南市,专科,山东省,valid,pending,MOE,2026,截至2026年6月17日,1521,
s_ecf9f660a7bd7192791074361ac43a30,4137010422,山东大学,山东大学,山东省,济南市,本科,教育部,valid,pending,MOE,2026,截至2026年6月17日,1393,
s_cfaf58d42571d7a54a62d38fecf98031,4137010438,山东第二医科大学,山东第二医科大学,山东省,潍坊市,本科,山东省,valid,pending,MOE,2026,截至2026年6月17日,1405,
s_7ab5f0b1d29edd115c1089a64b825548,4137010439,山东第一医科大学,山东第一医科大学,山东省,济南市,本科,山东省,valid,pending,MOE,2026,截至2026年6月17日,1406,
s_18709167f173d6f3590a5902a64c6704,4137011827,山东电力高等专科学校,山东电力高等专科学校,山东省,济南市,专科,山东省,valid,pending,MOE,2026,截至2026年6月17日,1472,
s_73525065189aa0ab2b3006c0992a9259,4137013856,山东电子职业技术学院,山东电子职业技术学院,山东省,济南市,专科,山东省,valid,pending,MOE,2026,截至2026年6月17日,1510,
s_c9fa00fde5cfaaff91337a323098644b,4137012841,山东服装职业学院,山东服装职业学院,山东省,泰安市,专科,山东省,valid,pending,MOE,2026,截至2026年6月17日,1484,
s_d73606cec11e2d8c543edd357a7675c7,4137013356,山东工程职业技术大学,山东工程职业技术大学,山东省,济南市,本科,山东省教育厅,valid,pending,MOE,2026,截至2026年6月17日,1441,民办
s_55909b849f0b0c8adb6e275f8a7e2064,4137011688,山东工商学院,山东工商学院,山东省,烟台市,本科,山东省,valid,pending,MOE,2026,截至2026年6月17日,1432,
s_f6cca54e276bf045b7859a97c10870d8,4137013318,山东工业职业学院,山东工业职业学院,山东省,淄博市,专科,山东省,valid,pending,MOE,2026,截至2026年6月17日,1499,
s_4a2bf8ad8151fea705cb51f49daa6278,4137010908,山东工艺美术学院,山东工艺美术学院,山东省,济南市,本科,山东省,valid,pending,MOE,2026,截至2026年6月17日,1426,
s_426a261cd146bc6e57b6b3189ced52bd,4137014438,山东管理学院,山东管理学院,山东省,济南市,本科,山东省,valid,pending,MOE,2026,截至2026年6月17日,1461,
s_af83faf4b412982d6ac94859faea8180,4137014346,山东海事职业学院,山东海事职业学院,山东省,潍坊市,专科,山东省教育厅,valid,pending,MOE,2026,截至2026年6月17日,1530,民办
s_ca99bddc0c0f230ef890043c4b7500fd,4137010449,山东航空学院,山东航空学院,山东省,滨州市,本科,山东省,valid,pending,MOE,2026,截至2026年6月17日,1414,
s_9571e99b9496265b012db713e4258859,4137013857,山东华宇工学院,山东华宇工学院,山东省,德州市,本科,山东省教育厅,valid,pending,MOE,2026,截至2026年6月17日,1450,民办
s_987f71bf5cf969403a42d04665409e94,4137013319,山东化工职业学院,山东化工职业学院,山东省,淄博市,专科,山东省,valid,pending,MOE,2026,截至2026年6月17日,1500,
s_9396813590833511ddba26e1429127d6,4137010430,山东建筑大学,山东建筑大学,山东省,济南市,本科,山东省,valid,pending,MOE,2026,截至2026年6月17日,1400,
s_d927b89fd3c548e50b8a6081064bb4df,4137011510,山东交通学院,山东交通学院,山东省,济南市,本科,山东省,valid,pending,MOE,2026,截至2026年6月17日,1431,
s_0dda389ed8b19ed650537ebf95c5540a,4137013008,山东交通职业学院,山东交通职业学院,山东省,潍坊市,专科,山东省,valid,pending,MOE,2026,截至2026年6月17日,1492,
s_c180ce87fcfa7bb492260236cba5528c,4137013317,山东经贸职业学院,山东经贸职业学院,山东省,潍坊市,专科,山东省,valid,pending,MOE,2026,截至2026年6月17日,1498,
s_0d032db74381e7f2be83b7ac27aef808,4137011324,山东警察学院,山东警察学院,山东省,济南市,本科,山东省,valid,pending,MOE,2026,截至2026年6月17日,1430,
s_46cd9471aa68f651fdfa6e0c3a61609a,4137010424,山东科技大学,山东科技大学,山东省,青岛市,本科,山东省,valid,pending,MOE,2026,截至2026年6月17日,1395,
s_81f77630ee95664a94e00c6bf18d21e8,4137012819,山东科技职业大学,山东科技职业大学,山东省,潍坊市,本科,山东省,valid,pending,MOE,2026,截至2026年6月17日,1469,
s_9318dd58c46d77f8568686ef74f03c7f,4137012329,山东劳动职业技术学院,山东劳动职业技术学院,山东省,济南市,专科,山东省,valid,pending,MOE,2026,截至2026年6月17日,1477,
s_f74b4195130aa5e825d20795b45ed7a4,4137010433,山东理工大学,山东理工大学,山东省,淄博市,本科,山东省,valid,pending,MOE,2026,截至2026年6月17日,1402,
s_784fbd31cb6bc362aa90aa2e23af94aa,4137014242,山东理工职业学院,山东理工职业学院,山东省,济宁市,专科,山东省,valid,pending,MOE,2026,截至2026年6月17日,1524,
s_30f2a9ba1fcf3a67915bf5e88f343303,4137012844,山东力明科技职业学院,山东力明科技职业学院,山东省,泰安市,专科,山东省教育厅,valid,pending,MOE,2026,截至2026年6月17日,1486,民办
s_07023c92478a37735825df952435f87b,4137013858,山东旅游职业学院,山东旅游职业学院,山东省,济南市,专科,山东省,valid,pending,MOE,2026,截至2026年6月17日,1511,
s_e28cfe9aa6d871c7b4b32393dac64fe7,4137013859,山东铝业职业学院,山东铝业职业学院,山东省,淄博市,专科,山东省,valid,pending,MOE,2026,截至2026年6月17日,1512,
s_022d40c436cf4b8e98189bf41ba843af,4137010434,山东农业大学,山东农业大学,山东省,泰安市,本科,山东省,valid,pending,MOE,2026,截至2026年6月17日,1403,
s_92e1a346d1c72552934bc958e868ef6a,4137014439,山东农业工程学院,山东农业工程学院,山东省,济南市,本科,山东省,valid,pending,MOE,2026,截至2026年6月17日,1462,
s_df63e2648ad31014974354d9ba114d4b,4137012331,山东女子学院,山东女子学院,山东省,济南市,本科,山东省,valid,pending,MOE,2026,截至2026年6月17日,1433,
s_bf4280c1f4d0fbc3bb1e22eafeadc3d1,4137014277,山东青年政治学院,山东青年政治学院,山东省,济南市,本科,山东省,valid,pending,MOE,2026,截至2026年6月17日,1459,
s_c51424c642bdcb8296758c24484ede7f,4137014079,山东轻工职业学院,山东轻工职业学院,山东省,淄博市,专科,山东省,valid,pending,MOE,2026,截至2026年6月17日,1516,
s_08bc86133eeddcebf121d744581b25c5,4137014078,山东商务职业学院,山东商务职业学院,山东省,烟台市,专科,山东省,valid,pending,MOE,2026,截至2026年6月17日,1515,
s_ef89311ba1a90646fba66e783577400a,4137010832,山东商业职业技术大学,山东商业职业技术大学,山东省,济南市,本科,山东省,valid,pending,MOE,2026,截至2026年6月17日,1467,
s_6655ddf70ec94a52a45a559705be2f69,4137012945,山东圣翰财贸职业学院,山东圣翰财贸职业学院,山东省,济南市,专科,山东省教育厅,valid,pending,MOE,2026,截至2026年6月17日,1487,民办
s_c3e730aab27c3c79178268e508711546,4137013316,山东胜利职业学院,山东胜利职业学院,山东省,东营市,专科,山东省,valid,pending,MOE,2026,截至2026年6月17日,1497,
s_a4524be330fb0f01b4f7d25896ace8c1,4137010445,山东师范大学,山东师范大学,山东省,济南市,本科,山东省,valid,pending,MOE,2026,截至2026年6月17日,1410,
s_43937de87c45d3d75ebe0d131fdbf617,4137013386,山东石油化工学院,山东石油化工学院,山东省,东营市,本科,山东省,valid,pending,MOE,2026,截至2026年6月17日,1447,
s_f72a4fec0435c8001bf63f2a0ef459dd,4137012946,山东水利职业学院,山东水利职业学院,山东省,日照市,专科,山东省,valid,pending,MOE,2026,截至2026年6月17日,1488,
s_09c9abf1f91180652e4645c44e7c1e56,4137014082,山东司法警官职业学院,山东司法警官职业学院,山东省,济南市,专科,山东省,valid,pending,MOE,2026,截至2026年6月17日,1519,
s_d7d313015efc9a1d942c7d30734c75b6,4137014545,山东特殊教育职业学院,山东特殊教育职业学院,山东省,济南市,专科,山东省,valid,pending,MOE,2026,截至2026年6月17日,1536,
s_2a5a46b7e9b9152bc9fb15420b697a03,4137010457,山东体育学院,山东体育学院,山东省,济南市,本科,山东省,valid,pending,MOE,2026,截至2026年6月17日,1421,
s_0bd0d4828113cf16ecc6485fa4e9f21f,4137013387,山东外国语职业技术大学,山东外国语职业技术大学,山东省,日照市,本科,山东省教育厅,valid,pending,MOE,2026,截至2026年6月17日,1448,民办
s_0203ed65ca850dbce5733cd6bef00b71,4137013010,山东外贸职业学院,山东外贸职业学院,山东省,青岛市,专科,山东省,valid,pending,MOE,2026,截至2026年6月17日,1493,
s_1b6a0471ed0552d7549527b874346b93,4137013874,山东外事职业大学,山东外事职业大学,山东省,威海市,本科,山东省教育厅,valid,pending,MOE,2026,截至2026年6月17日,1451,民办
s_aa70435229f0f30a1cd484737972a264,4137014261,山东文化产业职业学院,山东文化产业职业学院,山东省,青岛市,专科,山东省教育厅,valid,pending,MOE,2026,截至2026年6月17日,1525,民办
s_b05f2c6a46bb8dcabcc914b5be3d9b31,4137014860,山东文化艺术职业学院,山东文化艺术职业学院,山东省,德州市,专科,山东省,valid,pending,MOE,2026,截至2026年6月17日,1553,
s_db63196bbbcc2895049d3fbd2094bbfa,4137013322,山东现代学院,山东现代学院,山东省,济南市,本科,山东省教育厅,valid,pending,MOE,2026,截至2026年6月17日,1439,民办
s_1618405f93ebc50777696dbe2cdcad73,4137013324,山东协和学院,山东协和学院,山东省,济南市,本科,山东省教育厅,valid,pending,MOE,2026,截至2026年6月17日,1440,民办
s_f389236ea023664dfd369295804778f4,4137013012,山东信息职业技术学院,山东信息职业技术学院,山东省,潍坊市,专科,山东省,valid,pending,MOE,2026,截至2026年6月17日,1495,
s_741cb02e85a823e21fe2c426ddc2483b,4137013966,山东药品食品职业学院,山东药品食品职业学院,山东省,威海市,专科,山东省,valid,pending,MOE,2026,截至2026年6月17日,1514,
s_02d26b7e121de94a4a4d49e65f4abac2,4137010442,山东医学高等专科学校,山东医学高等专科学校,山东省,临沂市,专科,山东省,valid,pending,MOE,2026,截至2026年6月17日,1470,
s_db6d5911381c62a9ca1dbe35aaec2d47,4137010440,山东医药大学,山东医药大学,山东省,滨州市,本科,山东省,valid,pending,MOE,2026,截至2026年6月17日,1407,
s_2b9b458196da4666a4e9c67a35862268,4137014506,山东艺术设计职业学院,山东艺术设计职业学院,山东省,济南市,专科,山东省教育厅,valid,pending,MOE,2026,截至2026年6月17日,1534,民办
s_67bfc06b0f44747a1b1c83ea05fc8c2f,4137010458,山东艺术学院,山东艺术学院,山东省,济南市,本科,山东省,valid,pending,MOE,2026,截至2026年6月17日,1422,
s_c96d909719a1c9d43ba7763e2c0d19ba,4137013006,山东英才学院,山东英才学院,山东省,济南市,本科,山东省教育厅,valid,pending,MOE,2026,截至2026年6月17日,1436,民办
s_60c8222cae809f17170fd14b760b5cc6,4137014100,山东政法学院,山东政法学院,山东省,济南市,本科,山东省,valid,pending,MOE,2026,截至2026年6月17日,1457,
s_0c246a9cd9ddf5ef25eddb548cea46b9,4137012328,山东职业学院,山东职业学院,山东省,济南市,专科,山东省,valid,pending,MOE,2026,截至2026年6月17日,1476,
s_0f400470da06610fd9665fc6cda6927e,4137010441,山东中医药大学,山东中医药大学,山东省,济南市,本科,山东省,valid,pending,MOE,2026,截至2026年6月17日,1408,
s_df1c268d5aeba260f15844f8f0026947,4137013778,山东中医药高等专科学校,山东中医药高等专科学校,山东省,烟台市,专科,山东省,valid,pending,MOE,2026,截至2026年6月17日,1508,
s_7d68f9b3e14f83a00544876d65a2cb1f,4137014345,泰山护理职业学院,泰山护理职业学院,山东省,泰安市,专科,山东省,valid,pending,MOE,2026,截至2026年6月17日,1529,
s_1122b1840da9acb26d37cc8b8311a25d,4137013624,泰山科技学院,泰山科技学院,山东省,泰安市,本科,山东省教育厅,valid,pending,MOE,2026,截至2026年6月17日,1449,民办
s_4a5764c175252392aa142933bc3d96d4,4137010453,泰山学院,泰山学院,山东省,泰安市,本科,山东省,valid,pending,MOE,2026,截至2026年6月17日,1417,
s_9723abbf70148697c8182971cf83c7ef,4137013861,泰山职业技术学院,泰山职业技术学院,山东省,泰安市,专科,山东省,valid,pending,MOE,2026,截至2026年6月17日,1513,
s_d52afe73f9026ee023c903bb51a63541,4137014507,威海海洋职业学院,威海海洋职业学院,山东省,威海市,专科,山东省,valid,pending,MOE,2026,截至2026年6月17日,1535,
s_32f208da439f02f972ad77b50b6b9c8d,4137012326,威海职业学院,威海职业学院,山东省,威海市,专科,山东省,valid,pending,MOE,2026,截至2026年6月17日,1475,
s_ad8ab2b3b3280f6e73e4136a1874af0e,4137014379,潍坊工程职业学院,潍坊工程职业学院,山东省,潍坊市,专科,山东省,valid,pending,MOE,2026,截至2026年6月17日,1532,
s_cf9b2a0c7ba68aca39a69c7d8c324c2f,4137013388,潍坊工商职业学院,潍坊工商职业学院,山东省,潍坊市,专科,山东省教育厅,valid,pending,MOE,2026,截至2026年6月17日,1504,民办
s_29ace9faf06bf6a44dae92be75f394ee,4137014347,潍坊护理职业学院,潍坊护理职业学院,山东省,潍坊市,专科,山东省,valid,pending,MOE,2026,截至2026年6月17日,1531,
s_0dc2b56de8e3e61f500781a9e1364916,4137014710,潍坊环境工程职业学院,潍坊环境工程职业学院,山东省,潍坊市,专科,山东省教育厅,valid,pending,MOE,2026,截至2026年6月17日,1545,民办
s_0d74d6ba1b6e5b07e6b3a5571f912d2c,4137012843,潍坊科技学院,潍坊科技学院,山东省,潍坊市,本科,山东省教育厅,valid,pending,MOE,2026,截至2026年6月17日,1435,民办
s_7c8167798a2bdef8376afe53c7d58b8f,4137013379,潍坊理工学院,潍坊理工学院,山东省,潍坊市,本科,山东省教育厅,valid,pending,MOE,2026,截至2026年6月17日,1445,民办
s_28655603f89131575685cec780edd984,4137014810,潍坊食品科技职业学院,潍坊食品科技职业学院,山东省,潍坊市,专科,山东省教育厅,valid,pending,MOE,2026,截至2026年6月17日,1548,民办
s_40097b7a125fa0897b3f6f3a098d0d0d,4137011067,潍坊学院,潍坊学院,山东省,潍坊市,本科,山东省,valid,pending,MOE,2026,截至2026年6月17日,1429,
s_9968a35cda9a517f9b5adeec94e5f942,4137012391,潍坊职业学院,潍坊职业学院,山东省,潍坊市,专科,山东省,valid,pending,MOE,2026,截至2026年6月17日,1480,
s_09952068c14e55b89713aaeda8e9406d,4137014811,烟台城市科技职业学院,烟台城市科技职业学院,山东省,烟台市,专科,山东省教育厅,valid,pending,MOE,2026,截至2026年6月17日,1549,民办
s_ace0d726a1fc0e045a395997eadd7c68,4137011066,烟台大学,烟台大学,山东省,烟台市,本科,山东省,valid,pending,MOE,2026,截至2026年6月17日,1428,
s_292ca1729b3bc95075760616975c5e18,4137013355,烟台工程职业技术学院,烟台工程职业技术学院,山东省,烟台市,专科,山东省,valid,pending,MOE,2026,截至2026年6月17日,1503,
s_964275e9a3ed534eb11110d01bcabc9f,4137014570,烟台黄金职业学院,烟台黄金职业学院,山东省,烟台市,专科,山东省教育厅,valid,pending,MOE,2026,截至2026年6月17日,1537,民办
s_e9589c76b3b1dd94fc047e70829fac49,4137014002,烟台科技学院,烟台科技学院,山东省,烟台市,本科,山东省教育厅,valid,pending,MOE,2026,截至2026年6月17日,1456,民办
s_42e4ab116f317e74fd85a701db4fc207,4137013359,烟台理工学院,烟台理工学院,山东省,烟台市,本科,山东省教育厅,valid,pending,MOE,2026,截至2026年6月17日,1442,民办
s_e964ce11e946e655cf6d3f2c50c57515,4137012332,烟台南山学院,烟台南山学院,山东省,烟台市,本科,山东省教育厅,valid,pending,MOE,2026,截至2026年6月17日,1434,民办
s_5e37dc049946a29846a31183757f02c4,4137014081,烟台汽车工程职业学院,烟台汽车工程职业学院,山东省,烟台市,专科,山东省,valid,pending,MOE,2026,截至2026年6月17日,1518,
s_871bea80a7c6e23d64560b0eb392bc7c,4137014859,烟台卫生健康职业学院,烟台卫生健康职业学院,山东省,烟台市,专科,山东省,valid,pending,MOE,2026,截至2026年6月17日,1552,
s_c8468a2ba9214bc6f506e83dc3867f64,4137014707,烟台文化旅游职业学院,烟台文化旅游职业学院,山东省,烟台市,专科,山东省,valid,pending,MOE,2026,截至2026年6月17日,1542,
s_540e68e712c70614cdf54da2c2daa595,4137014689,烟台幼儿师范高等专科学校,烟台幼儿师范高等专科学校,山东省,烟台市,专科,山东省,valid,pending,MOE,2026,截至2026年6月17日,1541,
s_4d643efccd0ccd8269c2ad5c30f7a5ba,4137012396,烟台职业学院,烟台职业学院,山东省,烟台市,专科,山东省,valid,pending,MOE,2026,截至2026年6月17日,1481,
s_9451be8620bbde01305d4ebe1e95f68c,4137013390,枣庄科技职业学院,枣庄科技职业学院,山东省,枣庄市,专科,山东省,valid,pending,MOE,2026,截至2026年6月17日,1506,
s_88b950b684fa41cd23f0975f472fe15b,4137010904,枣庄学院,枣庄学院,山东省,枣庄市,本科,山东省,valid,pending,MOE,2026,截至2026年6月17日,1425,
s_020e8ffac316771eaf07588885e4e043,4137014926,枣庄应用技术职业学院,枣庄应用技术职业学院,山东省,枣庄市,专科,山东省教育厅,valid,pending,MOE,2026,截至2026年6月17日,1557,民办
s_de81f4aa244d5c2769533165d757ff1a,4137014196,枣庄职业学院,枣庄职业学院,山东省,枣庄市,专科,山东省,valid,pending,MOE,2026,截至2026年6月17日,1523,
s_227c8b763284e387b14791cbd63b2923,4137010423,中国海洋大学,中国海洋大学,山东省,青岛市,本科,教育部,valid,pending,MOE,2026,截至2026年6月17日,1394,
s_5dbb0733d214de3a8a74facbe0e3caec,4137010425,中国石油大学(华东),中国石油大学(华东),山东省,青岛市,本科,教育部,valid,pending,MOE,2026,截至2026年6月17日,1396,
s_db5590387f85579cb1067d8a3aa859bf,4137013777,淄博师范高等专科学校,淄博师范高等专科学校,山东省,淄博市,专科,山东省,valid,pending,MOE,2026,截至2026年6月17日,1507,
s_ff1b6db9314d2b8dc00bbc664db34e61,4137013009,淄博职业技术大学,淄博职业技术大学,山东省,淄博市,本科,山东省,valid,pending,MOE,2026,截至2026年6月17日,1464,
s_cfc7163a731dc7d7a81b81a0ead2581c,4114012780,大同煤炭职业技术学院,大同煤炭职业技术学院,山西省,大同市,专科,山西省,valid,pending,MOE,2026,截至2026年6月17日,329,
s_d1367b1b5956062808bf6941ac062518,4114014627,大同师范高等专科学校,大同师范高等专科学校,山西省,大同市,专科,山西省,valid,pending,MOE,2026,截至2026年6月17日,362,
s_490c124168e4f9e177dc01d0c9387e3c,4114014901,大同数据科技职业学院,大同数据科技职业学院,山西省,大同市,专科,山西省教育厅,valid,pending,MOE,2026,截至2026年6月17日,370,民办
s_7ba0b2667c6635001da5560deb8591fc,4114012774,晋城职业技术学院,晋城职业技术学院,山西省,晋城市,专科,山西省,valid,pending,MOE,2026,截至2026年6月17日,327,
s_070b4bfaed15bc4b1d2a1d1199f22469,4114013598,晋中健康学院,晋中健康学院,山西省,晋中市,本科,山西省教育厅,valid,pending,MOE,2026,截至2026年6月17日,315,民办
s_e8af4e7673fd320e16a23ef674baf171,4114014270,晋中师范高等专科学校,晋中师范高等专科学校,山西省,晋中市,专科,山西省,valid,pending,MOE,2026,截至2026年6月17日,356,
s_92ccb8fa31a74bc54cd6579fddc387f0,4114013535,晋中信息学院,晋中信息学院,山西省,晋中市,本科,山西省教育厅,valid,pending,MOE,2026,截至2026年6月17日,311,民办
s_8eb1ede1e91802d434ee9f986f96f0cf,4114010121,晋中学院,晋中学院,山西省,晋中市,本科,山西省,valid,pending,MOE,2026,截至2026年6月17日,299,
s_6b935ff4f1dfd3d51a463283d65454a8,4114013913,晋中职业技术学院,晋中职业技术学院,山西省,晋中市,专科,山西省,valid,pending,MOE,2026,截至2026年6月17日,348,
s_a78f86ce857e12b280a6a4ef577b0c45,4114013171,临汾职业技术学院,临汾职业技术学院,山西省,临汾市,专科,山西省,valid,pending,MOE,2026,截至2026年6月17日,335,
s_37b7ded46d697ede460097c38a62b7f1,4114013695,潞安职业技术学院,潞安职业技术学院,山西省,长治市,专科,山西省,valid,pending,MOE,2026,截至2026年6月17日,343,
s_cd594201cc9e6e93120806609b0f3b05,4114014777,吕梁师范高等专科学校,吕梁师范高等专科学校,山西省,吕梁市,专科,山西省,valid,pending,MOE,2026,截至2026年6月17日,369,
s_676353d819702f85d3cbb79247737c7f,4114010812,吕梁学院,吕梁学院,山西省,吕梁市,本科,山西省,valid,pending,MOE,2026,截至2026年6月17日,305,
s_926d004972ed01e7569e0418d3f614a8,4114014500,吕梁职业技术学院,吕梁职业技术学院,山西省,吕梁市,专科,山西省,valid,pending,MOE,2026,截至2026年6月17日,361,
s_80bbfd7c54f9f073ebc1a9efe2c4009c,4114010125,山西财经大学,山西财经大学,山西省,太原市,本科,山西省,valid,pending,MOE,2026,截至2026年6月17日,303,
s_01e740f86a6a2b7db0275d7dd4409aaa,4114013608,山西财经大学华商学院,山西财经大学华商学院,山西省,太原市,本科,山西省教育厅,valid,pending,MOE,2026,截至2026年6月17日,316,民办
s_97e040fac442ce86987a4d00d024a3ae,4114012890,山西财贸职业技术学院,山西财贸职业技术学院,山西省,太原市,专科,山西省,valid,pending,MOE,2026,截至2026年6月17日,331,
s_56a4b8b38809c2a72143f760a8744f31,4114014434,山西传媒学院,山西传媒学院,山西省,太原市,本科,山西省,valid,pending,MOE,2026,截至2026年6月17日,320,
s_8a4e9debe4b1783ba15661fd70641a97,4114010120,山西大同大学,山西大同大学,山西省,大同市,本科,山西省,valid,pending,MOE,2026,截至2026年6月17日,298,
s_ab6687a201b47e099508247d85cd8121,4114010108,山西大学,山西大学,山西省,太原市,本科,山西省,valid,pending,MOE,2026,截至2026年6月17日,289,
s_f805ec53ab6526a3134532eff7ef2c3f,4114013745,山西电力职业技术学院,山西电力职业技术学院,山西省,太原市,专科,山西省,valid,pending,MOE,2026,截至2026年6月17日,345,
s_131aa446ff680cbdd53edcef9cccb13e,4114013537,山西电子科技学院,山西电子科技学院,山西省,临汾市,本科,山西省,valid,pending,MOE,2026,截至2026年6月17日,312,
s_8e6eab36434db92d76aa2906ab6071a3,4114014527,山西工程技术学院,山西工程技术学院,山西省,阳泉市,本科,山西省,valid,pending,MOE,2026,截至2026年6月17日,321,
s_f267bfd5a3d23ac88a2db8a4bc12be63,4114016201,山西工程科技职业大学,山西工程科技职业大学,山西省,太原市,本科,山西省,valid,pending,MOE,2026,截至2026年6月17日,309,
s_0ef4d3d95bafb975bd3c4b86689bb4e7,4114014681,山西工程职业学院,山西工程职业学院,山西省,太原市,专科,山西省,valid,pending,MOE,2026,截至2026年6月17日,364,
s_a722fd639ce2dd40573fe433a5698049,4114013691,山西工商学院,山西工商学院,山西省,太原市,本科,山西省教育厅,valid,pending,MOE,2026,截至2026年6月17日,317,民办
s_e9e4e11ce7d5695ff6159c3045cf6549,4114013534,山西工学院,山西工学院,山西省,朔州市,本科,山西省,valid,pending,MOE,2026,截至2026年6月17日,310,
s_1a2db0773bbf45a858a5de65d7570208,4114013698,山西管理职业学院,山西管理职业学院,山西省,临汾市,专科,山西省,valid,pending,MOE,2026,截至2026年6月17日,344,
s_92297855a83bee571c4fb7fd98846014,4114013694,山西国际商务职业学院,山西国际商务职业学院,山西省,太原市,专科,山西省,valid,pending,MOE,2026,截至2026年6月17日,342,
s_9d5a386cbfd386ec0474651d4e8fc9c0,4114013914,山西华澳商贸职业学院,山西华澳商贸职业学院,山西省,晋中市,专科,山西省教育厅,valid,pending,MOE,2026,截至2026年6月17日,349,民办
s_8b69ae757707e78a3728efddb437b136,4114012888,山西机电职业技术学院,山西机电职业技术学院,山西省,长治市,专科,山西省,valid,pending,MOE,2026,截至2026年6月17日,330,
s_32f88199d6751c3ff1e33dcb446d3206,4114013530,山西金融职业学院,山西金融职业学院,山西省,太原市,专科,山西省,valid,pending,MOE,2026,截至2026年6月17日,337,
s_f6fb31cd420e6c036b4c19b93cbc36cd,4114013538,山西晋中理工学院,山西晋中理工学院,山西省,晋中市,本科,山西省教育厅,valid,pending,MOE,2026,截至2026年6月17日,313,民办
s_b52e88a05cdf7ff5e8a14069660cd43e,4114014177,山西经贸职业学院,山西经贸职业学院,山西省,太原市,专科,山西省,valid,pending,MOE,2026,截至2026年6月17日,353,
s_1ceeab671293965ef41c3a9eb53198ea,4114012111,山西警察学院,山西警察学院,山西省,太原市,本科,山西省,valid,pending,MOE,2026,截至2026年6月17日,307,
s_48efead6a068c6f56b0727cc4be167b6,4114013693,山西警官职业学院,山西警官职业学院,山西省,太原市,专科,山西省,valid,pending,MOE,2026,截至2026年6月17日,341,
s_f60eb791bdfd5bd2bdd62ee60b9e3936,4114013597,山西科技学院,山西科技学院,山西省,晋城市,本科,山西省,valid,pending,MOE,2026,截至2026年6月17日,314,
s_00b9dde644a5864aea5dcbdc6a0f6a4b,4114014105,山西老区职业技术学院,山西老区职业技术学院,山西省,太原市,专科,山西省教育厅,valid,pending,MOE,2026,截至2026年6月17日,352,民办
s_7f70d4ced6d308b8e52d9c6e6ff286e2,4114012891,山西林业职业技术学院,山西林业职业技术学院,山西省,太原市,专科,山西省,valid,pending,MOE,2026,截至2026年6月17日,332,
s_1b116ec87fd0b4679676a4ebb0c4e152,4214051189,山西能源学院,山西能源学院,山西省,晋中市,本科,山西省,valid,pending,MOE,2026,截至2026年6月17日,322,
s_1b06f2c2de300e83635389b4574edfd4,4114010113,山西农业大学,山西农业大学,山西省,晋中市,本科,山西省,valid,pending,MOE,2026,截至2026年6月17日,293,
s_add5f596815ed15bf0a8d313e6f95874,4114011630,山西省财政税务专科学校,山西省财政税务专科学校,山西省,太原市,专科,山西省,valid,pending,MOE,2026,截至2026年6月17日,325,
s_3da4af5b3d1ac293fe6931e255725666,4114010118,山西师范大学,山西师范大学,山西省,太原市,本科,山西省,valid,pending,MOE,2026,截至2026年6月17日,296,
s_f151bf98add729440b5f276b8b26e9c9,4114012892,山西水利职业技术学院,山西水利职业技术学院,山西省,运城市,专科,山西省,valid,pending,MOE,2026,截至2026年6月17日,333,
s_de1b620854da105b6b76e69a6e262f73,4114013692,山西体育职业学院,山西体育职业学院,山西省,太原市,专科,山西省,valid,pending,MOE,2026,截至2026年6月17日,340,
s_94ac3dabf9161ec5ada308739a9ba677,4114014247,山西铁道职业技术学院,山西铁道职业技术学院,山西省,太原市,专科,山西省,valid,pending,MOE,2026,截至2026年6月17日,355,
s_6f4d5ba3ccf3277cebdddbda7e1644a4,4114014697,山西通用航空职业技术学院,山西通用航空职业技术学院,山西省,大同市,专科,山西省,valid,pending,MOE,2026,截至2026年6月17日,366,
s_c91f5aea082a2500f8fe7c5a684cb228,4114013862,山西同文职业技术学院,山西同文职业技术学院,山西省,晋中市,专科,山西省教育厅,valid,pending,MOE,2026,截至2026年6月17日,347,民办
s_8cf3d94c9f6a3ead877323286df59485,4214050166,山西卫生健康职业学院,山西卫生健康职业学院,山西省,太原市,专科,山西省,valid,pending,MOE,2026,截至2026年6月17日,368,
s_bd9910fafd0a5a3583247b03f154a9c9,4114013696,山西文化旅游职业大学,山西文化旅游职业大学,山西省,太原市,本科,山西省,valid,pending,MOE,2026,截至2026年6月17日,324,
s_c56c8eb654f79b408e9cd19b4ef12dac,4114013541,山西信息职业技术学院,山西信息职业技术学院,山西省,临汾市,专科,山西省教育厅,valid,pending,MOE,2026,截至2026年6月17日,339,民办
s_d5c29f44ac71733e793863211055086d,4114012776,山西药科职业学院,山西药科职业学院,山西省,太原市,专科,山西省,valid,pending,MOE,2026,截至2026年6月17日,328,
s_9c8028fc1bba6d0dfff0999c67ddbd9e,4114010114,山西医科大学,山西医科大学,山西省,太原市,本科,山西省,valid,pending,MOE,2026,截至2026年6月17日,294,
s_4143a05d04bb67ecadebbf024081a48d,4114014898,山西医药学院,山西医药学院,山西省,吕梁市,本科,山西省,valid,pending,MOE,2026,截至2026年6月17日,323,
s_589bbd20586c6a3309adc8c329febdd8,4114012779,山西应用科技学院,山西应用科技学院,山西省,太原市,本科,山西省教育厅,valid,pending,MOE,2026,截至2026年6月17日,308,民办
s_dbe5c8a6c86091c984c06a991af7c407,4114013934,山西运城农业职业技术学院,山西运城农业职业技术学院,山西省,运城市,专科,山西省,valid,pending,MOE,2026,截至2026年6月17日,350,
s_c249cd76a909a7a6c0215e18fd38eda1,4114013528,山西职业技术学院,山西职业技术学院,山西省,太原市,专科,山西省,valid,pending,MOE,2026,截至2026年6月17日,336,
s_c23358b2e4619c70141e37155a5e6541,4114010809,山西中医药大学,山西中医药大学,山西省,太原市,本科,山西省,valid,pending,MOE,2026,截至2026年6月17日,304,
s_5372abcaddf9a6fb9e06170818edb98c,4114014462,朔州师范高等专科学校,朔州师范高等专科学校,山西省,朔州市,专科,山西省,valid,pending,MOE,2026,截至2026年6月17日,360,
s_92cdc92bbdaf7422f37f89c8199ce675,4114014698,朔州陶瓷职业技术学院,朔州陶瓷职业技术学院,山西省,朔州市,专科,山西省,valid,pending,MOE,2026,截至2026年6月17日,367,
s_2ab049b1ccd572c5011dca728d75310f,4114014186,朔州职业技术学院,朔州职业技术学院,山西省,朔州市,专科,山西省,valid,pending,MOE,2026,截至2026年6月17日,354,
s_c30c1059972e6b72febf6e62b6c75a2f,4114013532,太原城市职业技术学院,太原城市职业技术学院,山西省,太原市,专科,山西省,valid,pending,MOE,2026,截至2026年6月17日,338,
s_23adce3f94e90eb0c77f2c9eea1dcea3,4114014101,太原工业学院,太原工业学院,山西省,太原市,本科,山西省,valid,pending,MOE,2026,截至2026年6月17日,318,
s_284964f739e3717e663a0748d5af742c,4114010109,太原科技大学,太原科技大学,山西省,太原市,本科,山西省,valid,pending,MOE,2026,截至2026年6月17日,290,
s_c7d488ffb3414b1362ff584c2a61054b,4114010112,太原理工大学,太原理工大学,山西省,太原市,本科,山西省,valid,pending,MOE,2026,截至2026年6月17日,292,
s_e4eb2a3fc43213b0c02661d623161e0c,4114010119,太原师范学院,太原师范学院,山西省,太原市,本科,山西省,valid,pending,MOE,2026,截至2026年6月17日,297,
s_8a6aa71977d457e2bee7bd59946a6f8e,4114014954,太原卫生职业学院,太原卫生职业学院,山西省,太原市,专科,山西省,valid,pending,MOE,2026,截至2026年6月17日,371,
s_75b8d69d33088bca9a8da1e31312b7f0,4114011242,太原学院,太原学院,山西省,太原市,本科,山西省,valid,pending,MOE,2026,截至2026年6月17日,306,
s_10fd4bb1b88d4f248eb5374084d093e2,4114014628,太原幼儿师范高等专科学校,太原幼儿师范高等专科学校,山西省,太原市,专科,山西省,valid,pending,MOE,2026,截至2026年6月17日,363,
s_a34401dd6b2786e7be8228667ed56e79,4114010124,忻州师范学院,忻州师范学院,山西省,忻州市,本科,山西省,valid,pending,MOE,2026,截至2026年6月17日,302,
s_57f10eb2cdb11b83d4d8adea69f15d38,4114014955,忻州现代康养职业学院,忻州现代康养职业学院,山西省,忻州市,专科,山西省,valid,pending,MOE,2026,截至2026年6月17日,372,
s_a7f1e79b0d810a99def0ccaaeac0f1d4,4114013821,忻州职业技术学院,忻州职业技术学院,山西省,忻州市,专科,山西省,valid,pending,MOE,2026,截至2026年6月17日,346,
s_603ed03a15d90acb535d2ae5dda57327,4114014271,阳泉师范高等专科学校,阳泉师范高等专科学校,山西省,阳泉市,专科,山西省,valid,pending,MOE,2026,截至2026年6月17日,357,
s_8ccb001cce912c098479d5a7ec814ce2,4114012893,阳泉职业技术学院,阳泉职业技术学院,山西省,阳泉市,专科,山西省,valid,pending,MOE,2026,截至2026年6月17日,334,
s_4e512430847a284d44d0d2144fcd9339,4114014397,运城护理职业学院,运城护理职业学院,山西省,运城市,专科,山西省,valid,pending,MOE,2026,截至2026年6月17日,358,
s_159f6611faddfb9fc0ab053bd4f9bac4,4114014461,运城师范高等专科学校,运城师范高等专科学校,山西省,运城市,专科,山西省,valid,pending,MOE,2026,截至2026年6月17日,359,
s_5d0e07cfe5bcb138278908821a12e08b,4114010123,运城学院,运城学院,山西省,运城市,本科,山西省,valid,pending,MOE,2026,截至2026年6月17日,301,
s_d7cf7c28a85945bab547784512b0e9ba,4114014093,运城幼儿师范高等专科学校,运城幼儿师范高等专科学校,山西省,运城市,专科,山西省,valid,pending,MOE,2026,截至2026年6月17日,351,
s_f27ae6d29d345caca49cd2545d3af51d,4114014226,运城职业技术大学,运城职业技术大学,山西省,运城市,本科,山西省教育厅,valid,pending,MOE,2026,截至2026年6月17日,319,民办
s_3695219399fe58ece25d93c9f07582c9,4114010122,长治学院,长治学院,山西省,长治市,本科,山西省,valid,pending,MOE,2026,截至2026年6月17日,300,
s_1c5502047f57123bd2561f55006c145a,4114010117,长治医学院,长治医学院,山西省,长治市,本科,山西省,valid,pending,MOE,2026,截至2026年6月17日,295,
s_c6227b0301e7fa330eb094c7649fec42,4114014687,长治幼儿师范高等专科学校,长治幼儿师范高等专科学校,山西省,长治市,专科,山西省,valid,pending,MOE,2026,截至2026年6月17日,365,
s_60d315a90edbe8c1cf722c0b8abc10ab,4114012388,长治职业技术学院,长治职业技术学院,山西省,长治市,专科,山西省,valid,pending,MOE,2026,截至2026年6月17日,326,
s_9034162d997d0633d75cf98d166b5a70,4114010110,中北大学,中北大学,山西省,太原市,本科,山西省,valid,pending,MOE,2026,截至2026年6月17日,291,
s_ee508e813abae8dadbe88b2ef66df01d,4161011397,安康学院,安康学院,陕西省,安康市,本科,陕西省,valid,pending,MOE,2026,截至2026年6月17日,2759,
s_cf92daca67e29500fdbe284b42452bef,4161013952,安康职业技术学院,安康职业技术学院,陕西省,安康市,专科,陕西省,valid,pending,MOE,2026,截至2026年6月17日,2816,
s_fa88173c86f2752556dd26e8117b2ecd,4161014651,宝鸡三和职业学院,宝鸡三和职业学院,陕西省,宝鸡市,专科,陕西省教育厅,valid,pending,MOE,2026,截至2026年6月17日,2825,民办
s_889cb5fb8cc15b47dc79a84cf1ef76a6,4161010721,宝鸡文理学院,宝鸡文理学院,陕西省,宝鸡市,本科,陕西省,valid,pending,MOE,2026,截至2026年6月17日,2748,
s_e4358bf300548206cfc8ebade4f5da6e,4161013567,宝鸡职业技术学院,宝鸡职业技术学院,陕西省,宝鸡市,专科,陕西省,valid,pending,MOE,2026,截至2026年6月17日,2802,
s_98773164b3fb703f9433587b444bc0f3,4161014770,宝鸡中北职业学院,宝鸡中北职业学院,陕西省,宝鸡市,专科,陕西省教育厅,valid,pending,MOE,2026,截至2026年6月17日,2827,民办
s_ffdd8d6138877569b87e360c0c12eb65,4161013949,汉中职业技术学院,汉中职业技术学院,陕西省,汉中市,专科,陕西省,valid,pending,MOE,2026,截至2026年6月17日,2813,
s_70c8baa98c585b4a27d825179476ec43,4161012829,陕西财经职业技术学院,陕西财经职业技术学院,陕西省,咸阳市,专科,陕西省,valid,pending,MOE,2026,截至2026年6月17日,2796,
s_b50dcfd54c7cb9df8d28907402b9aeff,4161013570,陕西电子信息职业技术学院,陕西电子信息职业技术学院,陕西省,西安市,专科,陕西省教育厅,valid,pending,MOE,2026,截至2026年6月17日,2804,民办
s_f33e09f6129bf9923487e2fb07d9a40f,4161013125,陕西服装工程学院,陕西服装工程学院,陕西省,咸阳市,本科,陕西省教育厅,valid,pending,MOE,2026,截至2026年6月17日,2771,民办
s_d69b42f25945f5d32a20a7a60d48d2ae,4161014029,陕西工商职业学院,陕西工商职业学院,陕西省,西安市,专科,陕西省,valid,pending,MOE,2026,截至2026年6月17日,2819,
s_b8fa5c175bc7cb8a37730f3e7c08cd48,4161010828,陕西工业职业技术大学,陕西工业职业技术大学,陕西省,咸阳市,本科,陕西省,valid,pending,MOE,2026,截至2026年6月17日,2790,
s_f84c9ea6bac5d67138cd4b56f8922387,4161012827,陕西国防工业职业技术学院,陕西国防工业职业技术学院,陕西省,西安市,专科,陕西省,valid,pending,MOE,2026,截至2026年6月17日,2794,
s_9a3f8d51d7df5aa374142cbe74385b0c,4161013123,陕西国际商贸学院,陕西国际商贸学院,陕西省,咸阳市,本科,陕西省教育厅,valid,pending,MOE,2026,截至2026年6月17日,2770,民办
s_949f15e2cbf41d76c0314155bb46deee,4161013568,陕西航空职业技术学院,陕西航空职业技术学院,陕西省,汉中市,专科,陕西省,valid,pending,MOE,2026,截至2026年6月17日,2803,
s_61caf082c55a73e7ff94cbc430482065,4261050084,陕西机电职业技术学院,陕西机电职业技术学院,陕西省,宝鸡市,专科,陕西省,valid,pending,MOE,2026,截至2026年6月17日,2828,
s_9e2bc8cccae4959f5315a5ba9dfef3de,4161012830,陕西交通职业技术学院,陕西交通职业技术学院,陕西省,西安市,专科,陕西省,valid,pending,MOE,2026,截至2026年6月17日,2797,
s_9b91ecbf0569f8aee115f3df4c57154f,4161013932,陕西经济管理职业技术学院,陕西经济管理职业技术学院,陕西省,西安市,专科,陕西省,valid,pending,MOE,2026,截至2026年6月17日,2808,
s_a26e0ba2f44b79413bb6690ef7e5cdee,4161013819,陕西警察学院,陕西警察学院,陕西省,西安市,本科,陕西省,valid,pending,MOE,2026,截至2026年6月17日,2788,
s_a4c4ff1ec10be8c7a22e521b90883ce1,4161010708,陕西科技大学,陕西科技大学,陕西省,西安市,本科,陕西省,valid,pending,MOE,2026,截至2026年6月17日,2740,
s_f0334548f36f632c75f2fa12836ce79e,4161013681,陕西科技大学镐京学院,陕西科技大学镐京学院,陕西省,咸阳市,本科,陕西省教育厅,valid,pending,MOE,2026,截至2026年6月17日,2777,民办
s_c7ef10163fdb95ddd2835f983ece78bf,4161010720,陕西理工大学,陕西理工大学,陕西省,汉中市,本科,陕西省,valid,pending,MOE,2026,截至2026年6月17日,2747,
s_fae220f17b861f21b8e69162bae7a066,4161014031,陕西旅游烹饪职业学院,陕西旅游烹饪职业学院,陕西省,西安市,专科,陕西省教育厅,valid,pending,MOE,2026,截至2026年6月17日,2820,民办
s_5652a2e67efd5427f013b514c95dff5e,4161012510,陕西能源职业技术学院,陕西能源职业技术学院,陕西省,咸阳市,专科,陕西省,valid,pending,MOE,2026,截至2026年6月17日,2793,
s_2c6e77031d3690b2d3afc832742241f0,4161010966,陕西农林职业技术大学,陕西农林职业技术大学,陕西省,咸阳市,本科,陕西省,valid,pending,MOE,2026,截至2026年6月17日,2789,
s_07f43733aa3fda944fbc909305ba9830,4161014028,陕西青年职业学院,陕西青年职业学院,陕西省,西安市,专科,陕西省,valid,pending,MOE,2026,截至2026年6月17日,2818,
s_0cfc043166f093f95b70eded8845a610,4161010718,陕西师范大学,陕西师范大学,陕西省,西安市,本科,教育部,valid,pending,MOE,2026,截至2026年6月17日,2745,
s_59ff6ac850460dd904f58c96f8e0e645,4161013566,陕西铁路工程职业技术学院,陕西铁路工程职业技术学院,陕西省,渭南市,专科,陕西省,valid,pending,MOE,2026,截至2026年6月17日,2801,
s_35d3374a0409401c211cd3c57d786301,4161014390,陕西学前师范学院,陕西学前师范学院,陕西省,西安市,本科,陕西省,valid,pending,MOE,2026,截至2026年6月17日,2787,
s_b6cea024f55fe1e751e5bc4cba50426b,4161014488,陕西艺术职业学院,陕西艺术职业学院,陕西省,西安市,专科,陕西省,valid,pending,MOE,2026,截至2026年6月17日,2823,
s_3ab92880ad2bb0c3df478bfc7f7fc63b,4161013736,陕西邮电职业技术学院,陕西邮电职业技术学院,陕西省,咸阳市,专科,陕西省,valid,pending,MOE,2026,截至2026年6月17日,2805,
s_b23ac67c676323e98f1e7d3b8f8bcd74,4161012831,陕西职业技术学院,陕西职业技术学院,陕西省,西安市,专科,陕西省,valid,pending,MOE,2026,截至2026年6月17日,2798,
s_17496a093c13d0b9d3f5d5dc19c4ec98,4161010716,陕西中医药大学,陕西中医药大学,陕西省,咸阳市,本科,陕西省,valid,pending,MOE,2026,截至2026年6月17日,2744,
s_ac129c04fc08dadd736559e53d33521e,4161011396,商洛学院,商洛学院,陕西省,商洛市,本科,陕西省,valid,pending,MOE,2026,截至2026年6月17日,2758,
s_cb1f12ea374340af9eb4b840817f1dd0,4161013948,商洛职业技术学院,商洛职业技术学院,陕西省,商洛市,专科,陕西省,valid,pending,MOE,2026,截至2026年6月17日,2812,
s_66c19b775742e570b5fd76adfb801e2a,4161014650,神木职业技术学院,神木职业技术学院,陕西省,榆林市,专科,陕西省,valid,pending,MOE,2026,截至2026年6月17日,2824,
s_19d4e4d12df7fe4bdab44faf56249f51,4161013953,铜川职业技术学院,铜川职业技术学院,陕西省,铜川市,专科,陕西省,valid,pending,MOE,2026,截至2026年6月17日,2817,
s_c0cd06de3bf33cd96f91659b9b685da9,4161010723,渭南师范学院,渭南师范学院,陕西省,渭南市,本科,陕西省,valid,pending,MOE,2026,截至2026年6月17日,2750,
s_8a282044c8cc4ffbcef4f74e29f54216,4161013951,渭南职业技术学院,渭南职业技术学院,陕西省,渭南市,专科,陕西省,valid,pending,MOE,2026,截至2026年6月17日,2815,
s_95b6bf2da6b3ea81d15ccc6c2a400b3f,4161011560,西安财经大学,西安财经大学,陕西省,西安市,本科,陕西省,valid,pending,MOE,2026,截至2026年6月17日,2761,
s_8635b2b0fc671965f3f777f9124379c0,4161013680,西安财经大学行知学院,西安财经大学行知学院,陕西省,西安市,本科,陕西省教育厅,valid,pending,MOE,2026,截至2026年6月17日,2776,民办
s_80e8a3bb966f8d25e0d82e07329b91d9,4161013124,西安城市建设职业学院,西安城市建设职业学院,陕西省,西安市,专科,陕西省教育厅,valid,pending,MOE,2026,截至2026年6月17日,2800,民办
s_6e6c7e218c33195ed8275e478e87fbca,4161011826,西安电力高等专科学校,西安电力高等专科学校,陕西省,西安市,专科,陕西省,valid,pending,MOE,2026,截至2026年6月17日,2792,
s_4b1c6db41b59b06c3239ac62a1e73dd6,4161010701,西安电子科技大学,西安电子科技大学,陕西省,西安市,本科,教育部,valid,pending,MOE,2026,截至2026年6月17日,2735,
s_a805279de88ba7bfde5d3d65cdab6ac3,4161013685,西安电子科技大学长安学院,西安电子科技大学长安学院,陕西省,西安市,本科,陕西省教育厅,valid,pending,MOE,2026,截至2026年6月17日,2780,民办
s_b0ee72dee0c89abc717ee1f5edcb663f,4161012714,西安翻译学院,西安翻译学院,陕西省,西安市,本科,陕西省教育厅,valid,pending,MOE,2026,截至2026年6月17日,2767,民办
s_153aa93f2ae659d748153617980feae7,4161013122,西安高新科技职业学院,西安高新科技职业学院,陕西省,西安市,专科,陕西省教育厅,valid,pending,MOE,2026,截至2026年6月17日,2799,民办
s_01156bd1fee58a65aaa1e98e5c5dd4bc,4161010709,西安工程大学,西安工程大学,陕西省,西安市,本科,陕西省,valid,pending,MOE,2026,截至2026年6月17日,2741,
s_5d04f4250cce86d486e237d21c834192,4161013682,西安工商学院,西安工商学院,陕西省,西安市,本科,陕西省教育厅,valid,pending,MOE,2026,截至2026年6月17日,2778,民办
s_1954b8626252797f2aa4ba931147213d,4161010702,西安工业大学,西安工业大学,陕西省,西安市,本科,陕西省,valid,pending,MOE,2026,截至2026年6月17日,2736,
s_206a9fcead55da7ef09f15dcea76982d,4161013737,西安海棠职业学院,西安海棠职业学院,陕西省,西安市,专科,陕西省教育厅,valid,pending,MOE,2026,截至2026年6月17日,2806,民办
s_0adb502f06a83429239f8aca68485332,4161011736,西安航空学院,西安航空学院,陕西省,西安市,本科,陕西省,valid,pending,MOE,2026,截至2026年6月17日,2763,
s_e8d53e01176034de1e95f247d057e42d,4161012828,西安航空职业技术学院,西安航空职业技术学院,陕西省,西安市,专科,陕西省,valid,pending,MOE,2026,截至2026年6月17日,2795,
s_858416c46797aec0350c6d4c26c318bd,4161010703,西安建筑科技大学,西安建筑科技大学,陕西省,西安市,本科,陕西省,valid,pending,MOE,2026,截至2026年6月17日,2737,
s_ab75e5f7f75c4cbe74760a39e361e126,4161013679,西安建筑科技大学华清学院,西安建筑科技大学华清学院,陕西省,西安市,本科,陕西省教育厅,valid,pending,MOE,2026,截至2026年6月17日,2775,民办
s_27519fef1eadee6e8f174186c0ade4d5,4161013739,西安健康工程职业学院,西安健康工程职业学院,陕西省,西安市,专科,陕西省教育厅,valid,pending,MOE,2026,截至2026年6月17日,2807,民办
s_48c9b80b04e4dc38b267e5b26b362bde,4161010698,西安交通大学,西安交通大学,陕西省,西安市,本科,教育部,valid,pending,MOE,2026,截至2026年6月17日,2732,
s_601ff57a10c3ca203b7a9178c8310649,4161013677,西安交通大学城市学院,西安交通大学城市学院,陕西省,西安市,本科,陕西省教育厅,valid,pending,MOE,2026,截至2026年6月17日,2773,民办
s_63c9004f735ccdb2db77861c0e43b95d,4161013569,西安交通工程学院,西安交通工程学院,陕西省,西安市,本科,陕西省教育厅,valid,pending,MOE,2026,截至2026年6月17日,2772,民办
s_0d7b2855cd91a730e9f1682c0957641f,4161010704,西安科技大学,西安科技大学,陕西省,西安市,本科,陕西省,valid,pending,MOE,2026,截至2026年6月17日,2738,
s_317e93f1987bb113aef5c4782d378fb4,4161014042,西安科技大学高新学院,西安科技大学高新学院,陕西省,西安市,本科,陕西省教育厅,valid,pending,MOE,2026,截至2026年6月17日,2786,民办
s_9ab86410d9b1674cf8d37b21abfdc26e,4161010700,西安理工大学,西安理工大学,陕西省,西安市,本科,陕西省,valid,pending,MOE,2026,截至2026年6月17日,2734,
s_53a24dc0a391763a5a73f9093b79f425,4161014041,西安理工大学高科学院,西安理工大学高科学院,陕西省,西安市,本科,陕西省教育厅,valid,pending,MOE,2026,截至2026年6月17日,2785,民办
s_cddf5eb2d03d88f1947bb46f58244125,4161010729,西安美术学院,西安美术学院,陕西省,西安市,本科,陕西省,valid,pending,MOE,2026,截至2026年6月17日,2755,
s_68009885fc7ac6252f0c324e49b111ec,4161013894,西安明德理工学院,西安明德理工学院,陕西省,西安市,本科,陕西省教育厅,valid,pending,MOE,2026,截至2026年6月17日,2782,民办
s_61755e3376faa6620fc112434b96b6e3,4161012712,西安欧亚学院,西安欧亚学院,陕西省,西安市,本科,陕西省教育厅,valid,pending,MOE,2026,截至2026年6月17日,2765,民办
s_36b870eeb6b089f533a17eb156457a46,4161011400,西安培华学院,西安培华学院,陕西省,西安市,本科,陕西省教育厅,valid,pending,MOE,2026,截至2026年6月17日,2760,民办
s_0b75d7f14fdd10f65d63b72169f8e15e,4161013738,西安汽车职业大学,西安汽车职业大学,陕西省,西安市,本科,陕西省教育厅,valid,pending,MOE,2026,截至2026年6月17日,2781,民办
s_1366f2b92e34ad055f45e286653f944b,4161010705,西安石油大学,西安石油大学,陕西省,西安市,本科,陕西省,valid,pending,MOE,2026,截至2026年6月17日,2739,
s_aa5c289bd5545a19d8f0aea0cb0dbd0e,4161013121,西安思源学院,西安思源学院,陕西省,西安市,本科,陕西省教育厅,valid,pending,MOE,2026,截至2026年6月17日,2769,民办
s_692947b4692b1fbd136b5e21fd3fba08,4161010727,西安体育学院,西安体育学院,陕西省,西安市,本科,陕西省,valid,pending,MOE,2026,截至2026年6月17日,2753,
s_250d12f46dc9309d2de850e2b97b9614,4161013945,西安铁路职业技术学院,西安铁路职业技术学院,陕西省,西安市,专科,陕西省,valid,pending,MOE,2026,截至2026年6月17日,2809,
s_8cb4de82e6c102e5eca2f5d0f8cc66f9,4161010724,西安外国语大学,西安外国语大学,陕西省,西安市,本科,陕西省,valid,pending,MOE,2026,截至2026年6月17日,2751,
s_65d128db61cb335558bb6fd8bc418836,4161012713,西安外事学院,西安外事学院,陕西省,西安市,本科,陕西省教育厅,valid,pending,MOE,2026,截至2026年6月17日,2766,民办
s_ec3cf28e58806edeacc160ff84dadc4f,4161011080,西安文理学院,西安文理学院,陕西省,西安市,本科,陕西省,valid,pending,MOE,2026,截至2026年6月17日,2756,
s_f50761f4c7ab6d0fdd05ee61c121fbbd,4161014945,西安戏剧学院,西安戏剧学院,陕西省,西安市,本科,陕西省,valid,pending,MOE,2026,截至2026年6月17日,2791,
s_08a94bf61db81ee655b05e192e669cdc,4161014030,西安信息职业大学,西安信息职业大学,陕西省,西安市,本科,陕西省教育厅,valid,pending,MOE,2026,截至2026年6月17日,2783,民办
s_e2c7ddbbbb51fc0eef2750ebe688b1a9,4161014222,西安医学高等专科学校,西安医学高等专科学校,陕西省,西安市,专科,陕西省教育厅,valid,pending,MOE,2026,截至2026年6月17日,2821,民办
s_52836d1469dd1317f17a972ca1161b04,4161011840,西安医学院,西安医学院,陕西省,西安市,本科,陕西省,valid,pending,MOE,2026,截至2026年6月17日,2764,
s_25722ded05a984b9f7aa36c7f4bd6c0b,4161010728,西安音乐学院,西安音乐学院,陕西省,西安市,本科,陕西省,valid,pending,MOE,2026,截至2026年6月17日,2754,
s_cb7980fb86c22d2bbb68a10d46682386,4161011664,西安邮电大学,西安邮电大学,陕西省,西安市,本科,陕西省,valid,pending,MOE,2026,截至2026年6月17日,2762,
s_32a31e701b3073cf4b2efedf96c4b5c5,4161013947,西安职业技术学院,西安职业技术学院,陕西省,西安市,专科,陕西省,valid,pending,MOE,2026,截至2026年6月17日,2811,
s_a87126552b02b14ad46a9fe10ca5f127,4161010697,西北大学,西北大学,陕西省,西安市,本科,陕西省,valid,pending,MOE,2026,截至2026年6月17日,2731,
s_22446c77eac341bb4b5603a9fa138d5d,4161013678,西北大学现代学院,西北大学现代学院,陕西省,西安市,本科,陕西省教育厅,valid,pending,MOE,2026,截至2026年6月17日,2774,民办
s_aa4f4d49d6dadeba15ccdc784630a140,4161010699,西北工业大学,西北工业大学,陕西省,西安市,本科,工业和信息化部,valid,pending,MOE,2026,截至2026年6月17日,2733,
s_8581c8de0e8f45a3b32ab3167effe871,4161010712,西北农林科技大学,西北农林科技大学,陕西省,咸阳市,本科,教育部,valid,pending,MOE,2026,截至2026年6月17日,2743,
s_1e3660db47c9957106696d5613c5d6f0,4161010726,西北政法大学,西北政法大学,陕西省,西安市,本科,陕西省,valid,pending,MOE,2026,截至2026年6月17日,2752,
s_5a853df15d419ef5d8a6544c072d87e9,4161012715,西京学院,西京学院,陕西省,西安市,本科,陕西省教育厅,valid,pending,MOE,2026,截至2026年6月17日,2768,民办
s_c45fe8c0b0dce2b4d37288f4b9919560,4161010722,咸阳师范学院,咸阳师范学院,陕西省,咸阳市,本科,陕西省,valid,pending,MOE,2026,截至2026年6月17日,2749,
s_4c5d6b8f7333fe0336ea7091ab3ce10a,4161013946,咸阳职业技术学院,咸阳职业技术学院,陕西省,咸阳市,专科,陕西省,valid,pending,MOE,2026,截至2026年6月17日,2810,
s_044a21862bc354c9ceef41e8c20c5028,4161010719,延安大学,延安大学,陕西省,延安市,本科,陕西省,valid,pending,MOE,2026,截至2026年6月17日,2746,
s_7b8d30323ba1183059c0fd335d65566f,4161013683,延安大学西安创新学院,延安大学西安创新学院,陕西省,西安市,本科,陕西省教育厅,valid,pending,MOE,2026,截至2026年6月17日,2779,民办
s_4f79994526f26c3bde73081f4911b890,4161013950,延安职业技术学院,延安职业技术学院,陕西省,延安市,专科,陕西省,valid,pending,MOE,2026,截至2026年6月17日,2814,
s_6b888be7e0380bfef883352d46b540b1,4161011395,榆林大学,榆林大学,陕西省,榆林市,本科,陕西省,valid,pending,MOE,2026,截至2026年6月17日,2757,
s_f3a68352ab3ebed94f17fa5866e528a5,4161014737,榆林能源科技职业学院,榆林能源科技职业学院,陕西省,榆林市,专科,陕西省教育厅,valid,pending,MOE,2026,截至2026年6月17日,2826,民办
s_055f73eee14fed99d8f1e923e1913b27,4161014318,榆林职业技术学院,榆林职业技术学院,陕西省,榆林市,专科,陕西省,valid,pending,MOE,2026,截至2026年6月17日,2822,
s_d32d31329302ddc8a5546a1436b0628c,4161010710,长安大学,长安大学,陕西省,西安市,本科,教育部,valid,pending,MOE,2026,截至2026年6月17日,2742,
s_741aafd81138da33ad3a0afada2039b7,4161014034,长安大学兴华学院,长安大学兴华学院,陕西省,西安市,本科,陕西省教育厅,valid,pending,MOE,2026,截至2026年6月17日,2784,民办
s_da3c824e42e13324d16822a6e02c676a,4131010255,东华大学,东华大学,上海市,上海市,本科,教育部,valid,pending,MOE,2026,截至2026年6月17日,702,
s_250ed658fcf22066e055f34743cd5342,4131010246,复旦大学,复旦大学,上海市,上海市,本科,教育部,valid,pending,MOE,2026,截至2026年6月17日,696,
s_525fab9e543c4bc33a371edfab2f005e,4131010251,华东理工大学,华东理工大学,上海市,上海市,本科,教育部,valid,pending,MOE,2026,截至2026年6月17日,699,
s_583f86d2dcf877c9d83ae688e1c7e622,4131010269,华东师范大学,华东师范大学,上海市,上海市,本科,教育部,valid,pending,MOE,2026,截至2026年6月17日,708,
s_074748c39a58387551aa9432b26126d4,4131010276,华东政法大学,华东政法大学,上海市,上海市,本科,上海市,valid,pending,MOE,2026,截至2026年6月17日,714,
s_79a38b329e05b057b8da90da8b827dc6,4131012913,上海邦德职业技术学院,上海邦德职业技术学院,上海市,上海市,专科,上海市教委,valid,pending,MOE,2026,截至2026年6月17日,754,民办
s_44e988e48ea688b2244a610af3542421,4131010272,上海财经大学,上海财经大学,上海市,上海市,本科,教育部,valid,pending,MOE,2026,截至2026年6月17日,711,
s_d3073865da832d7e35b26635d9674d98,4131012495,上海城建职业学院,上海城建职业学院,上海市,上海市,专科,上海市,valid,pending,MOE,2026,截至2026年6月17日,741,
s_8c06a7e8167ff5e7391f3dc739e5ffaf,4131011733,上海出版印刷高等专科学校,上海出版印刷高等专科学校,上海市,上海市,专科,上海市,valid,pending,MOE,2026,截至2026年6月17日,739,
s_1e0b4eef9db9b698bb4836bcc9ffff4a,4131010280,上海大学,上海大学,上海市,上海市,本科,上海市,valid,pending,MOE,2026,截至2026年6月17日,718,
s_250a245d896e5fcc6df361da698987f3,4131012044,上海第二工业大学,上海第二工业大学,上海市,上海市,本科,上海市,valid,pending,MOE,2026,截至2026年6月17日,725,
s_9682a4eb1ca9718dbf5b0bf395641a15,4131011458,上海电机学院,上海电机学院,上海市,上海市,本科,上海市,valid,pending,MOE,2026,截至2026年6月17日,722,
s_1f8feaabd7776ec56319c81adfede6e0,4131010256,上海电力大学,上海电力大学,上海市,上海市,本科,上海市,valid,pending,MOE,2026,截至2026年6月17日,703,
s_2072b3d2630de5584b1e8c6c54c381e9,4131013747,上海电影艺术职业学院,上海电影艺术职业学院,上海市,上海市,专科,上海市教委,valid,pending,MOE,2026,截至2026年6月17日,755,民办
s_76139a451fe4f0ba4399023c68b19052,4131012499,上海电子信息职业技术学院,上海电子信息职业技术学院,上海市,上海市,专科,上海市,valid,pending,MOE,2026,截至2026年6月17日,744,
s_3881b9d9689e31686dc567ca7821830c,4131010851,上海东海职业技术学院,上海东海职业技术学院,上海市,上海市,专科,上海市教委,valid,pending,MOE,2026,截至2026年6月17日,737,民办
s_65535db288fc384b5e5d89b59fe5deb8,4131010273,上海对外经贸大学,上海对外经贸大学,上海市,上海市,本科,上海市,valid,pending,MOE,2026,截至2026年6月17日,712,
s_e5ca127017371b84bec8b1a67137b898,4131010856,上海工程技术大学,上海工程技术大学,上海市,上海市,本科,上海市,valid,pending,MOE,2026,截至2026年6月17日,720,
s_135992bc74f16c0f0531bc31b7353dad,4131014023,上海工会管理职业学院,上海工会管理职业学院,上海市,上海市,专科,上海市,valid,pending,MOE,2026,截至2026年6月17日,757,
s_90d2d1546b585d682bf4530ee2b41298,4131012800,上海工商外国语职业学院,上海工商外国语职业学院,上海市,上海市,专科,上海市教委,valid,pending,MOE,2026,截至2026年6月17日,751,民办
s_023481c35e44d44cead21f7812f02603,4131010852,上海工商职业技术学院,上海工商职业技术学院,上海市,上海市,专科,上海市教委,valid,pending,MOE,2026,截至2026年6月17日,738,民办
s_ecb260f585edbbf4bdc36ff492625cbd,4131012588,上海工艺美术职业学院,上海工艺美术职业学院,上海市,上海市,专科,上海市,valid,pending,MOE,2026,截至2026年6月17日,749,
s_b18a5081ed721d67ac8b02d6e6ca0352,4131010283,上海公安学院,上海公安学院,上海市,上海市,本科,上海市,valid,pending,MOE,2026,截至2026年6月17日,719,
s_eec407207ea726117213ada8d7aabfde,4131010274,上海海关学院,上海海关学院,上海市,上海市,本科,海关总署,valid,pending,MOE,2026,截至2026年6月17日,713,
s_261efdfb5d86495cbc58b0b0f751fe24,4131010254,上海海事大学,上海海事大学,上海市,上海市,本科,上海市,valid,pending,MOE,2026,截至2026年6月17日,701,
s_c2c6c1e346731df875d70cd86abd6f76,4131012498,上海海事职业技术学院,上海海事职业技术学院,上海市,上海市,专科,上海市,valid,pending,MOE,2026,截至2026年6月17日,743,
s_681665041821c7e12f06f2f7f77b63a1,4131010264,上海海洋大学,上海海洋大学,上海市,上海市,本科,上海市,valid,pending,MOE,2026,截至2026年6月17日,706,
s_c7d60dd890c5d298b5c81ca3928b35a4,4131012798,上海济光职业技术学院,上海济光职业技术学院,上海市,上海市,专科,上海市教委,valid,pending,MOE,2026,截至2026年6月17日,750,民办
s_fa4d09b487afa7f25a8becca0602d55f,4131012799,上海建桥学院,上海建桥学院,上海市,上海市,本科,上海市教委,valid,pending,MOE,2026,截至2026年6月17日,728,民办
s_e280bef798c16534349dd5fd6e03f171,4131014781,上海建设管理职业技术学院,上海建设管理职业技术学院,上海市,上海市,专科,上海市,valid,pending,MOE,2026,截至2026年6月17日,763,
s_3467cb0477eca57b0b9ca30ddc95a220,4131010262,上海健康医学院,上海健康医学院,上海市,上海市,本科,上海市,valid,pending,MOE,2026,截至2026年6月17日,705,
s_9e1aa2b6f553c2fb8c731354d0342e3f,4131010248,上海交通大学,上海交通大学,上海市,上海市,本科,教育部,valid,pending,MOE,2026,截至2026年6月17日,698,
s_c12e127d36397ae05192bb9c7fa36251,4131012497,上海交通职业技术学院,上海交通职业技术学院,上海市,上海市,专科,上海市,valid,pending,MOE,2026,截至2026年6月17日,742,
s_52143ee8771a1d0f961c53527289c016,4131014778,上海科创职业技术学院,上海科创职业技术学院,上海市,上海市,专科,上海市,valid,pending,MOE,2026,截至2026年6月17日,760,
s_b6224a910ad9d317b3df823ebc961624,4131014423,上海科技大学,上海科技大学,上海市,上海市,本科,上海市 中国科学院,valid,pending,MOE,2026,截至2026年6月17日,734,
s_b5f25935eee96f6109e72ec119d50697,4131012801,上海科学技术职业学院,上海科学技术职业学院,上海市,上海市,专科,上海市,valid,pending,MOE,2026,截至2026年6月17日,752,
s_99aa28b739ba1488cfe38ef650a5dcfb,4131010252,上海理工大学,上海理工大学,上海市,上海市,本科,上海市,valid,pending,MOE,2026,截至2026年6月17日,700,
s_594924a81c499de88c30bc6e1fdfefaf,4131012587,上海立达学院,上海立达学院,上海市,上海市,本科,上海市教委,valid,pending,MOE,2026,截至2026年6月17日,727,民办
s_a082747fa6b5c3432e674fa70b067124,4131011047,上海立信会计金融学院,上海立信会计金融学院,上海市,上海市,本科,上海市,valid,pending,MOE,2026,截至2026年6月17日,721,
s_565382fc71894f17089c413f5845f006,4131010275,上海旅游高等专科学校,上海旅游高等专科学校,上海市,上海市,专科,上海市,valid,pending,MOE,2026,截至2026年6月17日,736,
s_225e08707915d0829c9cbf5476aad1bd,4131014394,上海民航职业技术学院,上海民航职业技术学院,上海市,上海市,专科,交通运输部(中国民用航空局),valid,pending,MOE,2026,截至2026年6月17日,758,
s_1a9c60edd603346448ecc81cb9dbe60b,4131012584,上海民远职业技术学院,上海民远职业技术学院,上海市,上海市,专科,上海市教委,valid,pending,MOE,2026,截至2026年6月17日,746,民办
s_34c8577d04842dd9c7ad6bfbc76ff3c5,4131014779,上海闵行职业技术学院,上海闵行职业技术学院,上海市,上海市,专科,上海市,valid,pending,MOE,2026,截至2026年6月17日,761,
s_531665ba1fadfccefea62b221a568081,4131014745,上海南湖职业技术学院,上海南湖职业技术学院,上海市,上海市,专科,上海市,valid,pending,MOE,2026,截至2026年6月17日,759,
s_47f01eb280da1e457d676a9e01474803,4131016404,上海纽约大学,上海纽约大学,上海市,上海市,本科,上海市教委,valid,pending,MOE,2026,截至2026年6月17日,735,中外合作办学及内地与港澳合作办学
s_ca535f7713188220b22f6e326a2298b9,4131012912,上海农林职业技术学院,上海农林职业技术学院,上海市,上海市,专科,上海市,valid,pending,MOE,2026,截至2026年6月17日,753,
s_f8838cee26c5567feea32be246cc9d9b,4131012585,上海欧华职业技术学院,上海欧华职业技术学院,上海市,上海市,专科,上海市教委,valid,pending,MOE,2026,截至2026年6月17日,747,民办
s_de0e0bd88bb3c65f97b125ea59c72d90,4131014895,上海浦东职业技术学院,上海浦东职业技术学院,上海市,上海市,专科,上海市,valid,pending,MOE,2026,截至2026年6月17日,764,
s_d1e480af9c860c063662dbfe4c6892f0,4131011833,上海杉达学院,上海杉达学院,上海市,上海市,本科,上海市教委,valid,pending,MOE,2026,截至2026年6月17日,723,民办
s_f800eef11f8aecb903c4ef1372707373,4131012050,上海商学院,上海商学院,上海市,上海市,本科,上海市,valid,pending,MOE,2026,截至2026年6月17日,726,
s_7c28fcf4df2f4651015aee3c16d7d0a1,4131010270,上海师范大学,上海师范大学,上海市,上海市,本科,上海市,valid,pending,MOE,2026,截至2026年6月17日,709,
s_fd7041b5354885592e4eae5d710fa79a,4131013893,上海师范大学天华学院,上海师范大学天华学院,上海市,上海市,本科,上海市教委,valid,pending,MOE,2026,截至2026年6月17日,733,民办
s_cb307b19bafd345d8cde667470b1e9ae,4131013632,上海视觉艺术学院,上海视觉艺术学院,上海市,上海市,本科,上海市教委,valid,pending,MOE,2026,截至2026年6月17日,731,民办
s_bdeaa50f08292c1ac55e0b02965b8030,4131012586,上海思博职业技术学院,上海思博职业技术学院,上海市,上海市,专科,上海市教委,valid,pending,MOE,2026,截至2026年6月17日,748,民办
s_90a2d0b4518a93947b72fab1f5fbd280,4131010277,上海体育大学,上海体育大学,上海市,上海市,本科,上海市,valid,pending,MOE,2026,截至2026年6月17日,715,
s_9618438e668acbfda96e85afe619fd33,4131010271,上海外国语大学,上海外国语大学,上海市,上海市,本科,教育部,valid,pending,MOE,2026,截至2026年6月17日,710,
s_db97a5ba52bb4772f35c8a563c452d8d,4131013636,上海外国语大学贤达经济人文学院,上海外国语大学贤达经济人文学院,上海市,上海市,本科,上海市教委,valid,pending,MOE,2026,截至2026年6月17日,732,民办
s_1d0f9ae81cf640c8bfa5f417792b5b9f,4131010279,上海戏剧学院,上海戏剧学院,上海市,上海市,本科,上海市,valid,pending,MOE,2026,截至2026年6月17日,717,
s_350ef96fad44b5e4a8767a95613ef168,4131014780,上海现代化工职业学院,上海现代化工职业学院,上海市,上海市,专科,上海市,valid,pending,MOE,2026,截至2026年6月17日,762,
s_561ef65cb481743380e9288de1945003,4131012493,上海行健职业学院,上海行健职业学院,上海市,上海市,专科,上海市,valid,pending,MOE,2026,截至2026年6月17日,740,
s_2ba96004eb4b39bead563ef9e6ca0859,4131012914,上海兴伟学院,上海兴伟学院,上海市,上海市,本科,上海市教委,valid,pending,MOE,2026,截至2026年6月17日,729,民办
s_d0cf33dbcd97384d5a9e7bf99f171fbe,4131010278,上海音乐学院,上海音乐学院,上海市,上海市,本科,上海市,valid,pending,MOE,2026,截至2026年6月17日,716,
s_f0c94b68856bc7d0d921773ae6db09b1,4131010259,上海应用技术大学,上海应用技术大学,上海市,上海市,本科,上海市,valid,pending,MOE,2026,截至2026年6月17日,704,
s_39009f5aa6285d0398027e3c4080dc5c,4131012583,上海震旦职业学院,上海震旦职业学院,上海市,上海市,专科,上海市教委,valid,pending,MOE,2026,截至2026年6月17日,745,民办
s_4f1324433068809cf7f1ec73f38c1a6f,4131011835,上海政法学院,上海政法学院,上海市,上海市,本科,上海市,valid,pending,MOE,2026,截至2026年6月17日,724,
s_71b09e282399a41c13aa3a76ad7f2f7e,4131013907,上海中华职业技术学院,上海中华职业技术学院,上海市,上海市,专科,上海市教委,valid,pending,MOE,2026,截至2026年6月17日,756,民办
s_b729b9c299fcf1764427e063d76dbfe1,4131012915,上海中侨职业技术大学,上海中侨职业技术大学,上海市,上海市,本科,上海市教委,valid,pending,MOE,2026,截至2026年6月17日,730,民办
s_358ceef11c1d8d48e44e7c47e8e89d26,4131010268,上海中医药大学,上海中医药大学,上海市,上海市,本科,上海市,valid,pending,MOE,2026,截至2026年6月17日,707,
s_383c492281eb56c2ee04c51a167166e0,4131010247,同济大学,同济大学,上海市,上海市,本科,教育部,valid,pending,MOE,2026,截至2026年6月17日,697,
s_aa4ce463613910e5452bee0b5088f0ba,4151010646,阿坝师范学院,阿坝师范学院,四川省,阿坝藏族羌族自治州,本科,四川省,valid,pending,MOE,2026,截至2026年6月17日,2423,
s_746bb69a32e1c5b46782e6c2f66652d8,4151014647,阿坝职业学院,阿坝职业学院,四川省,阿坝藏族羌族自治州,专科,四川省,valid,pending,MOE,2026,截至2026年6月17日,2522,
s_77912e518a09965ff5006543ccba7cb5,4151014483,巴中职业技术学院,巴中职业技术学院,四川省,巴中市,专科,四川省教育厅,valid,pending,MOE,2026,截至2026年6月17日,2504,民办
s_270f040cb9afc36b60732a17e737b6b6,4151011079,成都大学,成都大学,四川省,成都市,本科,四川省,valid,pending,MOE,2026,截至2026年6月17日,2429,
s_459c5ba60cc6f8fa17e3b1f85477c837,4151012636,成都东软学院,成都东软学院,四川省,成都市,本科,四川省教育厅,valid,pending,MOE,2026,截至2026年6月17日,2435,民办
s_7d77f51e537e7e486ba90d5a4c6bbfbd,4151014547,成都工贸职业技术学院,成都工贸职业技术学院,四川省,成都市,专科,四川省,valid,pending,MOE,2026,截至2026年6月17日,2512,
s_19ab8ff44ca121da3e817c5c1e2684b5,4151011116,成都工业学院,成都工业学院,四川省,成都市,本科,四川省,valid,pending,MOE,2026,截至2026年6月17日,2430,
s_ece91f9b57ba14ed02c8a9c5ed177fb3,4151014514,成都工业职业技术学院,成都工业职业技术学院,四川省,成都市,专科,四川省,valid,pending,MOE,2026,截至2026年6月17日,2510,
s_24f7ae624f3ac46acb417b1c2976f05f,4151014872,成都轨道交通职业学院,成都轨道交通职业学院,四川省,成都市,专科,四川省教育厅,valid,pending,MOE,2026,截至2026年6月17日,2542,民办
s_19b5b191a14f008fcbccd357fa790059,4151012064,成都航空职业技术大学,成都航空职业技术大学,四川省,成都市,本科,四川省,valid,pending,MOE,2026,截至2026年6月17日,2456,
s_e96f24891dec6eaa9a73389eb1894ff3,4151013903,成都锦城学院,成都锦城学院,四川省,成都市,本科,四川省教育厅,valid,pending,MOE,2026,截至2026年6月17日,2446,民办
s_a8f9d3a5c8cea614817394af1f4ebd13,4151010616,成都理工大学,成都理工大学,四川省,成都市,本科,四川省,valid,pending,MOE,2026,截至2026年6月17日,2406,
s_35335623cddd423cc718f2c21110c943,4151013668,成都理工大学工程技术学院,成都理工大学工程技术学院,四川省,乐山市,本科,四川省教育厅,valid,pending,MOE,2026,截至2026年6月17日,2438,民办
s_692bc00aa80f7ff4774bdf071065663f,4151014985,成都美术学院,成都美术学院,四川省,资阳市,本科,四川省,valid,pending,MOE,2026,截至2026年6月17日,2460,
s_3788c97cb2339f96d1e5f14ed00f7464,4151012965,成都农业科技职业学院,成都农业科技职业学院,四川省,成都市,专科,四川省,valid,pending,MOE,2026,截至2026年6月17日,2477,
s_17fdc373569bfc99ce5b8427c7028a26,4151011553,成都轻工职业技术大学,成都轻工职业技术大学,四川省,成都市,本科,四川省,valid,pending,MOE,2026,截至2026年6月17日,2457,
s_129cb622b5f4680c07fb6df73c87822f,4151014389,成都师范学院,成都师范学院,四川省,成都市,本科,四川省,valid,pending,MOE,2026,截至2026年6月17日,2452,
s_8108e2abf66ce775a0759491a0ea5dfb,4151010653,成都体育学院,成都体育学院,四川省,成都市,本科,四川省,valid,pending,MOE,2026,截至2026年6月17日,2426,
s_43f2815599852c0d48a72030c90681a2,4151013673,成都外国语学院,成都外国语学院,四川省,成都市,本科,四川省教育厅,valid,pending,MOE,2026,截至2026年6月17日,2443,民办
s_652dbbc8af5b4f6e50088203372a605a,4151013671,成都文理学院,成都文理学院,四川省,成都市,本科,四川省教育厅,valid,pending,MOE,2026,截至2026年6月17日,2441,民办
s_9dd73eb202afff0784ae1c41cb4c83d6,4151010621,成都信息工程大学,成都信息工程大学,四川省,成都市,本科,四川省,valid,pending,MOE,2026,截至2026年6月17日,2408,
s_83df48092edf339d7852e1fb6b6ed35d,4151013705,成都医学院,成都医学院,四川省,成都市,本科,四川省,valid,pending,MOE,2026,截至2026年6月17日,2444,
s_7a9b6f1105ef95a6fe54bcb5f5bb7fc8,4151012969,成都艺术职业大学,成都艺术职业大学,四川省,成都市,本科,四川省教育厅,valid,pending,MOE,2026,截至2026年6月17日,2436,民办
s_12769d3fdae20d871404a8ee346daab0,4151013670,成都银杏酒店管理学院,成都银杏酒店管理学院,四川省,成都市,本科,四川省教育厅,valid,pending,MOE,2026,截至2026年6月17日,2440,民办
s_46430cae9a6878ed4e6cf6c761138dc3,4151012635,成都职业技术学院,成都职业技术学院,四川省,成都市,专科,四川省,valid,pending,MOE,2026,截至2026年6月17日,2464,
s_2a0a5c63eea78e32cf41cf7f7ab90288,4151010633,成都中医药大学,成都中医药大学,四川省,成都市,本科,四川省,valid,pending,MOE,2026,截至2026年6月17日,2415,
s_3cd8b497367bdf6a59213454d760adcf,4151010634,川北医学院,川北医学院,四川省,南充市,本科,四川省,valid,pending,MOE,2026,截至2026年6月17日,2416,
s_7892233e1dd1622c45f979ad681ade72,4151014393,川北幼儿师范高等专科学校,川北幼儿师范高等专科学校,四川省,广元市,专科,四川省,valid,pending,MOE,2026,截至2026年6月17日,2501,
s_e0e8bbbe61b7a7d9ca06184d4e4c2e0b,4151014496,川南幼儿师范高等专科学校,川南幼儿师范高等专科学校,四川省,内江市,专科,四川省,valid,pending,MOE,2026,截至2026年6月17日,2508,
s_f47c973783015a212dfd8d47eaf2bf4b,4151012767,达州职业技术学院,达州职业技术学院,四川省,达州市,专科,四川省,valid,pending,MOE,2026,截至2026年6月17日,2474,
s_33b2d5a77d781543157fa8ef1c5dac71,4151014669,达州中医药职业学院,达州中医药职业学院,四川省,达州市,专科,四川省,valid,pending,MOE,2026,截至2026年6月17日,2523,
s_5731d221120f786e08d7e1def8847cff,4151014642,德阳城市轨道交通职业学院,德阳城市轨道交通职业学院,四川省,德阳市,专科,四川省教育厅,valid,pending,MOE,2026,截至2026年6月17日,2517,民办
s_3f19a9898f1226c288819d223cf3d0e6,4151014643,德阳科贸职业学院,德阳科贸职业学院,四川省,德阳市,专科,四川省教育厅,valid,pending,MOE,2026,截至2026年6月17日,2518,民办
s_477a3a0694af01312432b2cdce3900cc,4151014731,德阳农业科技职业学院,德阳农业科技职业学院,四川省,德阳市,专科,四川省教育厅,valid,pending,MOE,2026,截至2026年6月17日,2532,民办
s_503e317aadf70bdb94b8e7c841170027,4151010614,电子科技大学,电子科技大学,四川省,成都市,本科,教育部,valid,pending,MOE,2026,截至2026年6月17日,2404,
s_0863a664ad06b256c6b3997370fa9b53,4151013665,电子科技大学成都学院,电子科技大学成都学院,四川省,成都市,本科,四川省教育厅,valid,pending,MOE,2026,截至2026年6月17日,2437,民办
s_65f797f5f579ec0f360b307f534abce1,4151014767,甘孜职业学院,甘孜职业学院,四川省,甘孜藏族自治州,专科,四川省,valid,pending,MOE,2026,截至2026年6月17日,2534,
s_4bd26c6ea45222af65a7628f60fcc95a,4151014984,广安理工学院,广安理工学院,四川省,广安市,本科,四川省,valid,pending,MOE,2026,截至2026年6月17日,2459,
s_7ffe2c128666696657519751cf45bb21,4151013814,广安职业技术学院,广安职业技术学院,四川省,广安市,专科,四川省,valid,pending,MOE,2026,截至2026年6月17日,2486,
s_2b0d714c6bc4348e2cba31593459e0fc,4251050881,广元中核职业技术学院,广元中核职业技术学院,四川省,广元市,专科,四川省教育厅,valid,pending,MOE,2026,截至2026年6月17日,2536,民办
s_553d6929270924350a5799755f609d21,4111012802,吉利学院,吉利学院,四川省,成都市,本科,四川省教育厅,valid,pending,MOE,2026,截至2026年6月17日,2454,民办
s_beac5ebc8c37286a55dc06e09a10068b,4151014644,江阳城建职业学院,江阳城建职业学院,四川省,泸州市,专科,四川省教育厅,valid,pending,MOE,2026,截至2026年6月17日,2519,民办
s_4588121cc51a77195208b1e7464089f4,4151010649,乐山师范学院,乐山师范学院,四川省,乐山市,本科,四川省,valid,pending,MOE,2026,截至2026年6月17日,2424,
s_c8a8806036c85db547cf638f270890e3,4151013048,乐山职业技术学院,乐山职业技术学院,四川省,乐山市,专科,四川省,valid,pending,MOE,2026,截至2026年6月17日,2482,
s_e34279949d1bc93cb5e31c9a21c86275,4151014732,泸州医疗器械职业学院,泸州医疗器械职业学院,四川省,泸州市,专科,四川省教育厅,valid,pending,MOE,2026,截至2026年6月17日,2533,民办
s_75e01c49089ff40565efa615558d3b53,4151012967,泸州职业技术学院,泸州职业技术学院,四川省,泸州市,专科,四川省,valid,pending,MOE,2026,截至2026年6月17日,2479,
s_be4d6b206b3edfdd3b39a98418dafc91,4151014640,眉山药科职业学院,眉山药科职业学院,四川省,眉山市,专科,四川省教育厅,valid,pending,MOE,2026,截至2026年6月17日,2515,民办
s_4b3c35d3434a6567a2266bd8192bff93,4151012968,眉山职业技术学院,眉山职业技术学院,四川省,眉山市,专科,四川省,valid,pending,MOE,2026,截至2026年6月17日,2480,
s_d101a4744bc3e4dd22dfdcba48cc648c,4151014045,绵阳城市学院,绵阳城市学院,四川省,绵阳市,本科,四川省教育厅,valid,pending,MOE,2026,截至2026年6月17日,2450,民办
s_1eda1559270d14f9c754e826d7a061b7,4151014730,绵阳飞行职业学院,绵阳飞行职业学院,四川省,绵阳市,专科,四川省教育厅,valid,pending,MOE,2026,截至2026年6月17日,2531,民办
s_5a0b8ee0423e6f668f49001fdafdf66e,4151010639,绵阳师范学院,绵阳师范学院,四川省,绵阳市,本科,四川省,valid,pending,MOE,2026,截至2026年6月17日,2419,
s_f789cfc03af3d9de0caaa8d0389efefc,4151012753,绵阳职业技术学院,绵阳职业技术学院,四川省,绵阳市,专科,四川省,valid,pending,MOE,2026,截至2026年6月17日,2472,
s_84caf44407cb0b946d478c9fa7231808,4151011841,民办四川天一学院,民办四川天一学院,四川省,德阳市,专科,四川省教育厅,valid,pending,MOE,2026,截至2026年6月17日,2462,民办
s_0f30dc5ae62cc57b899e484a5fdab417,4151014729,南充电影工业职业学院,南充电影工业职业学院,四川省,南充市,专科,四川省教育厅,valid,pending,MOE,2026,截至2026年6月17日,2530,民办
s_d8e668af6a98557046a11553b89a282f,4151014671,南充科技职业学院,南充科技职业学院,四川省,南充市,专科,四川省教育厅,valid,pending,MOE,2026,截至2026年6月17日,2525,民办
s_80790065d526a87f7c41326ebfadd873,4151014975,南充卫生职业学院,南充卫生职业学院,四川省,南充市,专科,四川省,valid,pending,MOE,2026,截至2026年6月17日,2547,
s_bb5bef6c22fd1c24787d0481587588d2,4151014728,南充文化旅游职业学院,南充文化旅游职业学院,四川省,南充市,专科,四川省,valid,pending,MOE,2026,截至2026年6月17日,2529,
s_1f762c18c6f7f840d31c7c10d13464dd,4151012639,南充职业技术学院,南充职业技术学院,四川省,南充市,专科,四川省,valid,pending,MOE,2026,截至2026年6月17日,2467,
s_334e095c9e6597d91d0fab8c806cf240,4151010640,内江师范学院,内江师范学院,四川省,内江市,本科,四川省,valid,pending,MOE,2026,截至2026年6月17日,2420,
s_23cca0c9f5c03a4aee9423c9fe52de5f,4151014670,内江卫生与健康职业学院,内江卫生与健康职业学院,四川省,内江市,专科,四川省,valid,pending,MOE,2026,截至2026年6月17日,2524,
s_9f59395b00cc666c1e58fd7a7776ad2d,4151012640,内江职业技术学院,内江职业技术学院,四川省,内江市,专科,四川省,valid,pending,MOE,2026,截至2026年6月17日,2468,
s_44cb7dcc32b197da812bfdb6655ec101,4151014672,攀枝花攀西职业学院,攀枝花攀西职业学院,四川省,攀枝花市,专科,四川省教育厅,valid,pending,MOE,2026,截至2026年6月17日,2526,民办
s_f57baf104c88265861a5463c443ba1d3,4151011360,攀枝花学院,攀枝花学院,四川省,攀枝花市,本科,四川省,valid,pending,MOE,2026,截至2026年6月17日,2431,
s_6a38a9c390db78dca2ed11c9044fee0e,4151014091,四川财经职业学院,四川财经职业学院,四川省,成都市,专科,四川省,valid,pending,MOE,2026,截至2026年6月17日,2495,
s_d0df7e4dd062d3720dc5bb2b40936518,4151014175,四川城市职业学院,四川城市职业学院,四川省,成都市,专科,四川省教育厅,valid,pending,MOE,2026,截至2026年6月17日,2496,民办
s_865b15131615126121264b0662eea3a1,4151013669,四川传媒学院,四川传媒学院,四川省,成都市,本科,四川省教育厅,valid,pending,MOE,2026,截至2026年6月17日,2439,民办
s_30df31f347e5e2e3cf9a4b21b55bf0c5,4151010610,四川大学,四川大学,四川省,成都市,本科,教育部,valid,pending,MOE,2026,截至2026年6月17日,2402,
s_7563e95fd39f016958763c392b2931a8,4151014039,四川大学锦江学院,四川大学锦江学院,四川省,眉山市,本科,四川省教育厅,valid,pending,MOE,2026,截至2026年6月17日,2448,民办
s_a5346461d23bc4e651bff3f8b5891471,4151012065,四川电力职业技术学院,四川电力职业技术学院,四川省,成都市,专科,四川省,valid,pending,MOE,2026,截至2026年6月17日,2463,
s_fc06345f155a3f9ec93f4b14a0815f6b,4151014410,四川电影电视学院,四川电影电视学院,四川省,成都市,本科,四川省教育厅,valid,pending,MOE,2026,截至2026年6月17日,2453,民办
s_90ef304f48fdf9ba5cc33980cacdbe6f,4151014485,四川电子机械职业技术学院,四川电子机械职业技术学院,四川省,绵阳市,专科,四川省教育厅,valid,pending,MOE,2026,截至2026年6月17日,2506,民办
s_f32ca80dc2157fc22fbca2bbd5e7a077,4151012763,四川工程职业技术大学,四川工程职业技术大学,四川省,德阳市,本科,四川省,valid,pending,MOE,2026,截至2026年6月17日,2455,
s_e65b44264932e4588f0608e620d3bb2f,4151013672,四川工商学院,四川工商学院,四川省,成都市,本科,四川省教育厅,valid,pending,MOE,2026,截至2026年6月17日,2442,民办
s_1611b9feabb2c3f9c8ab945b038a5e3f,4151012762,四川工商职业技术学院,四川工商职业技术学院,四川省,成都市,专科,四川省,valid,pending,MOE,2026,截至2026年6月17日,2473,
s_d8cdd0e6308029481a6eceb70b69bf8c,4151013816,四川工业科技学院,四川工业科技学院,四川省,德阳市,本科,四川省教育厅,valid,pending,MOE,2026,截至2026年6月17日,2445,民办
s_b104cc9be03ac15d9efe02fb78dcbe31,4151012964,四川国际标榜职业学院,四川国际标榜职业学院,四川省,成都市,专科,四川省教育厅,valid,pending,MOE,2026,截至2026年6月17日,2476,民办
s_80297102cdb35731e400b54d69edb11b,4151012641,四川航天职业技术学院,四川航天职业技术学院,四川省,成都市,专科,四川省,valid,pending,MOE,2026,截至2026年6月17日,2469,
s_5bdab999cc4e31bdde509cf7326fb5eb,4151014513,四川护理职业学院,四川护理职业学院,四川省,德阳市,专科,四川省,valid,pending,MOE,2026,截至2026年6月17日,2509,
s_b24dcf39a0ce35c320e0d46ca82a7f0e,4151014005,四川华新现代职业学院,四川华新现代职业学院,四川省,成都市,专科,四川省,valid,pending,MOE,2026,截至2026年6月17日,2489,
s_5d6199ccf397159a1a31ed417259c888,4151012637,四川化工职业技术学院,四川化工职业技术学院,四川省,泸州市,专科,四川省,valid,pending,MOE,2026,截至2026年6月17日,2465,
s_3646fda40a10c9f695bab00ea574bbb5,4151012751,四川机电职业技术学院,四川机电职业技术学院,四川省,攀枝花市,专科,四川省,valid,pending,MOE,2026,截至2026年6月17日,2471,
s_c389fe39549504c1796a20ea86673a86,4151012764,四川建筑职业技术大学,四川建筑职业技术大学,四川省,德阳市,本科,四川省,valid,pending,MOE,2026,截至2026年6月17日,2458,
s_bf382ef4e2c82d0f41d7d37dc5ee3c16,4151012761,四川交通职业技术大学,四川交通职业技术大学,四川省,成都市,本科,四川省,valid,pending,MOE,2026,截至2026年6月17日,2461,
s_1876c7f0559716ae4a0a4eaed0b30cda,4151012212,四川警察学院,四川警察学院,四川省,泸州市,本科,四川省,valid,pending,MOE,2026,截至2026年6月17日,2434,
s_eea711e7d1fda84e0aee76101afddf49,4151014070,四川科技职业学院,四川科技职业学院,四川省,成都市,专科,四川省教育厅,valid,pending,MOE,2026,截至2026年6月17日,2493,民办
s_bf84e70d7ea527ad8541d315f2f1ad85,4151011552,四川旅游学院,四川旅游学院,四川省,成都市,本科,四川省,valid,pending,MOE,2026,截至2026年6月17日,2432,
s_0cef9b7b1597418f7d2aee217938fc8c,4151011661,四川民族学院,四川民族学院,四川省,甘孜藏族自治州,本科,四川省,valid,pending,MOE,2026,截至2026年6月17日,2433,
s_257dd175d6117913e4e10939fb3e69f7,4151010626,四川农业大学,四川农业大学,四川省,雅安市,本科,四川省,valid,pending,MOE,2026,截至2026年6月17日,2412,
s_9dec31372ccf56d761e99f1f6399b5ae,4151014411,四川汽车职业技术学院,四川汽车职业技术学院,四川省,绵阳市,专科,四川省教育厅,valid,pending,MOE,2026,截至2026年6月17日,2503,民办
s_e70a95bba51f2899141be44ea3c08172,4151010622,四川轻化工大学,四川轻化工大学,四川省,自贡市,本科,四川省,valid,pending,MOE,2026,截至2026年6月17日,2409,
s_cabe385ecf3a60fe18f187a2ba3a03d9,4151014386,四川三河职业学院,四川三河职业学院,四川省,泸州市,专科,四川省教育厅,valid,pending,MOE,2026,截至2026年6月17日,2500,民办
s_52781cdba6c1b19f7c3b13c4f888627c,4151013812,四川商务职业学院,四川商务职业学院,四川省,成都市,专科,四川省,valid,pending,MOE,2026,截至2026年6月17日,2484,
s_9396f393f45651297ef0e00642930e50,4151010636,四川师范大学,四川师范大学,四川省,成都市,本科,四川省,valid,pending,MOE,2026,截至2026年6月17日,2417,
s_dae8a75b504e499a4b5c0ccf2c8d0b5a,4151012638,四川水利职业技术学院,四川水利职业技术学院,四川省,成都市,专科,四川省,valid,pending,MOE,2026,截至2026年6月17日,2466,
s_6f725925a0d715832fcf486676a122bc,4151013813,四川司法警官职业学院,四川司法警官职业学院,四川省,德阳市,专科,四川省,valid,pending,MOE,2026,截至2026年6月17日,2485,
s_26d21cba001c4b070ae5940213acce2b,4251051351,四川体育职业学院,四川体育职业学院,四川省,成都市,专科,四川省,valid,pending,MOE,2026,截至2026年6月17日,2537,
s_2f6a4682218bd050d6d4fb1c0979fa8c,4151014006,四川铁道职业学院,四川铁道职业学院,四川省,成都市,专科,四川省,valid,pending,MOE,2026,截至2026年6月17日,2490,
s_2d9d7b01835122befa1a91ed9dbebbbd,4151012963,四川托普信息技术职业学院,四川托普信息技术职业学院,四川省,成都市,专科,四川省教育厅,valid,pending,MOE,2026,截至2026年6月17日,2475,民办
s_11f7443728575afe75a0d7eeae950ea7,4151014409,四川卫生康复职业学院,四川卫生康复职业学院,四川省,自贡市,专科,四川省,valid,pending,MOE,2026,截至2026年6月17日,2502,
s_9c2629f6bd0998a9efd5cfa2869609ec,4151014086,四川文化产业职业学院,四川文化产业职业学院,四川省,成都市,专科,四川省,valid,pending,MOE,2026,截至2026年6月17日,2494,
s_322035d58e1ca6e82dc107bf993bedce,4151014004,四川文化传媒职业学院,四川文化传媒职业学院,四川省,成都市,专科,四川省教育厅,valid,pending,MOE,2026,截至2026年6月17日,2488,民办
s_57389eff639b1b68b5ea1d2d5492ad28,4151014043,四川文化艺术学院,四川文化艺术学院,四川省,绵阳市,本科,四川省教育厅,valid,pending,MOE,2026,截至2026年6月17日,2449,民办
s_f8f529351177959c2ff07cfd2c0c9ac2,4151010644,四川文理学院,四川文理学院,四川省,达州市,本科,四川省,valid,pending,MOE,2026,截至2026年6月17日,2422,
s_e1217dc559c3b610831cc4e7b6f3cb4d,4151014486,四川文轩职业学院,四川文轩职业学院,四川省,成都市,专科,四川省教育厅,valid,pending,MOE,2026,截至2026年6月17日,2507,民办
s_33fb9887a5cacf11135f14e69ae80953,4151014515,四川西南航空职业学院,四川西南航空职业学院,四川省,成都市,专科,四川省教育厅,valid,pending,MOE,2026,截至2026年6月17日,2511,民办
s_462d93c01df30f9fa760640b2ee73558,4151014484,四川希望汽车职业学院,四川希望汽车职业学院,四川省,资阳市,专科,四川省教育厅,valid,pending,MOE,2026,截至2026年6月17日,2505,民办
s_2b29d9cbfeb40dabdcaaf6ea3550c533,4151014176,四川现代职业学院,四川现代职业学院,四川省,成都市,专科,四川省教育厅,valid,pending,MOE,2026,截至2026年6月17日,2497,民办
s_f11140bff3dc9201624feef34c3e0b39,4151013815,四川信息职业技术学院,四川信息职业技术学院,四川省,广元市,专科,四川省,valid,pending,MOE,2026,截至2026年6月17日,2487,
s_97c278a1a02bc0a634fcf9edc5cbcc6f,4151014007,四川艺术职业学院,四川艺术职业学院,四川省,成都市,专科,四川省,valid,pending,MOE,2026,截至2026年6月17日,2491,
s_1078a6bbb665b709effd8a27c8b480cf,4151010654,四川音乐学院,四川音乐学院,四川省,成都市,本科,四川省,valid,pending,MOE,2026,截至2026年6月17日,2427,
s_110654aa9a9945c0e0dd2698905ca571,4151014548,四川应用技术职业学院,四川应用技术职业学院,四川省,凉山彝族自治州,专科,四川省教育厅,valid,pending,MOE,2026,截至2026年6月17日,2513,民办
s_721140a295f3917c17f88ff5fef7f91d,4151012642,四川邮电职业技术学院,四川邮电职业技术学院,四川省,成都市,专科,四川省,valid,pending,MOE,2026,截至2026年6月17日,2470,
s_1b967d06b46408b3bd56a64b31265f0f,4151014221,四川幼儿师范高等专科学校,四川幼儿师范高等专科学校,四川省,绵阳市,专科,四川省,valid,pending,MOE,2026,截至2026年6月17日,2498,
s_c0c3d80ec45ab8d1b124cefe36fa0961,4151014323,四川长江职业学院,四川长江职业学院,四川省,成都市,专科,四川省教育厅,valid,pending,MOE,2026,截至2026年6月17日,2499,民办
s_dc81d69151f2056ddd12c55fc3d7d77b,4151012970,四川职业技术学院,四川职业技术学院,四川省,遂宁市,专科,四川省,valid,pending,MOE,2026,截至2026年6月17日,2481,
s_ebb18c648068c15c048676f76dba709c,4151014974,四川质量工程职业技术学院,四川质量工程职业技术学院,四川省,乐山市,专科,四川省,valid,pending,MOE,2026,截至2026年6月17日,2546,
s_e3d3bcd7d7cc158af3bdc64922cb8049,4151014010,四川中医药高等专科学校,四川中医药高等专科学校,四川省,绵阳市,专科,四川省,valid,pending,MOE,2026,截至2026年6月17日,2492,
s_3d099bc67143756a0765a025010b6c34,4151014973,四川中医药职业学院,四川中医药职业学院,四川省,成都市,专科,四川省,valid,pending,MOE,2026,截至2026年6月17日,2545,
s_46b08ed6222994db1d7d0b9a82d78620,4151014835,遂宁工程职业学院,遂宁工程职业学院,四川省,遂宁市,专科,四川省教育厅,valid,pending,MOE,2026,截至2026年6月17日,2539,民办
s_78342e8bbcbb2c90f7c35a36bf4bf344,4151014834,遂宁能源职业学院,遂宁能源职业学院,四川省,遂宁市,专科,四川省教育厅,valid,pending,MOE,2026,截至2026年6月17日,2538,民办
s_972c7be418620b5e7119724b90016373,4151014836,遂宁职业学院,遂宁职业学院,四川省,遂宁市,专科,四川省教育厅,valid,pending,MOE,2026,截至2026年6月17日,2540,民办
s_c4d38b6f441e8ebb0db46afaccf99adb,4151014645,天府新区航空旅游职业学院,天府新区航空旅游职业学院,四川省,眉山市,专科,四川省教育厅,valid,pending,MOE,2026,截至2026年6月17日,2520,民办
s_720a605ee458ce0f0b7f834daf52d8bd,4151014646,天府新区通用航空职业学院,天府新区通用航空职业学院,四川省,眉山市,专科,四川省教育厅,valid,pending,MOE,2026,截至2026年6月17日,2521,民办
s_4a318e661d4bed92400ebcbe88d0d68a,4151014641,天府新区信息职业学院,天府新区信息职业学院,四川省,眉山市,专科,四川省教育厅,valid,pending,MOE,2026,截至2026年6月17日,2516,民办
s_a8b7b3ebe1c9b73f91f254740186dd84,4151014629,西昌民族幼儿师范高等专科学校,西昌民族幼儿师范高等专科学校,四川省,凉山彝族自治州,专科,四川省,valid,pending,MOE,2026,截至2026年6月17日,2514,
s_6ada728af643f6435fd097731212fc8f,4151010628,西昌学院,西昌学院,四川省,凉山彝族自治州,本科,四川省,valid,pending,MOE,2026,截至2026年6月17日,2413,
s_5267704453dd38dee1e0043ecfee60a8,4151014871,西昌医学高等专科学校,西昌医学高等专科学校,四川省,凉山彝族自治州,专科,四川省,valid,pending,MOE,2026,截至2026年6月17日,2541,
s_6930321d5cbe6dee35c6e77c20c426a5,4151010623,西华大学,西华大学,四川省,成都市,本科,四川省,valid,pending,MOE,2026,截至2026年6月17日,2410,
s_30341357c0e926d43c74b40145314ea6,4151010638,西华师范大学,西华师范大学,四川省,南充市,本科,四川省,valid,pending,MOE,2026,截至2026年6月17日,2418,
s_b62f80bc3597c6b62a89c106f3b0f869,4151010651,西南财经大学,西南财经大学,四川省,成都市,本科,教育部,valid,pending,MOE,2026,截至2026年6月17日,2425,
s_4a48ae32437d756c848ca2d40f0b756c,4151014037,西南财经大学天府学院,西南财经大学天府学院,四川省,绵阳市,本科,四川省教育厅,valid,pending,MOE,2026,截至2026年6月17日,2447,民办
s_69dc13c86f62c5dccafed7d73b80649e,4151010613,西南交通大学,西南交通大学,四川省,成都市,本科,教育部,valid,pending,MOE,2026,截至2026年6月17日,2403,
s_856ee06c53ce88a0c128512a9c1ca5f9,4151014262,西南交通大学希望学院,西南交通大学希望学院,四川省,南充市,本科,四川省教育厅,valid,pending,MOE,2026,截至2026年6月17日,2451,民办
s_5fff06736032e4590fa1ad3a6530bac7,4151010619,西南科技大学,西南科技大学,四川省,绵阳市,本科,四川省,valid,pending,MOE,2026,截至2026年6月17日,2407,
s_af5abd0a0a81b172fa23db296cfacc72,4151010656,西南民族大学,西南民族大学,四川省,成都市,本科,国家民委,valid,pending,MOE,2026,截至2026年6月17日,2428,
s_f3833ba317eeaab2f1b40314a54f672c,4151010615,西南石油大学,西南石油大学,四川省,成都市,本科,四川省,valid,pending,MOE,2026,截至2026年6月17日,2405,
s_3a5ccb373b4222182954bdf790dcb70f,4151010632,西南医科大学,西南医科大学,四川省,泸州市,本科,四川省,valid,pending,MOE,2026,截至2026年6月17日,2414,
s_21dee1df1a4c22f43c05385299d00257,4151013049,雅安职业技术学院,雅安职业技术学院,四川省,雅安市,专科,四川省,valid,pending,MOE,2026,截至2026年6月17日,2483,
s_aab84475372f49dea5cdb34bfee12bd4,4151014937,宜宾工业职业技术学院,宜宾工业职业技术学院,四川省,宜宾市,专科,四川省,valid,pending,MOE,2026,截至2026年6月17日,2543,
s_90106a4b46f70cc4e96852e44e9eb545,4151010641,宜宾学院,宜宾学院,四川省,宜宾市,本科,四川省,valid,pending,MOE,2026,截至2026年6月17日,2421,
s_96fd3854edf234410efce06e65e33891,4151014938,宜宾医药健康职业学院,宜宾医药健康职业学院,四川省,宜宾市,专科,四川省,valid,pending,MOE,2026,截至2026年6月17日,2544,
s_e97ba4f35f2033259bd4b7f739cfea40,4151012966,宜宾职业技术学院,宜宾职业技术学院,四川省,宜宾市,专科,四川省,valid,pending,MOE,2026,截至2026年6月17日,2478,
s_9edc80717e402f176f2e193e80baca42,4151010624,中国民用航空飞行学院,中国民用航空飞行学院,四川省,德阳市,本科,交通运输部(中国民用航空局),valid,pending,MOE,2026,截至2026年6月17日,2411,
s_2f790c650278f483d22e3bbfcd2d2e07,4151014674,资阳环境科技职业学院,资阳环境科技职业学院,四川省,资阳市,专科,四川省教育厅,valid,pending,MOE,2026,截至2026年6月17日,2528,民办
s_69cc9e4c6aa0947754e94df778563af3,4151014673,资阳口腔职业学院,资阳口腔职业学院,四川省,资阳市,专科,四川省教育厅,valid,pending,MOE,2026,截至2026年6月17日,2527,民办
s_0a8a9713a0b55583433047bcc5e2a076,4151014768,自贡职业技术学院,自贡职业技术学院,四川省,自贡市,专科,四川省教育厅,valid,pending,MOE,2026,截至2026年6月17日,2535,民办
s_60499513df6ea91d4b00e4519793b7dc,4112013898,北京科技大学天津学院,北京科技大学天津学院,天津市,天津市,本科,天津市教委,valid,pending,MOE,2026,截至2026年6月17日,125,民办
s_bc673a0281aa9a467de4461bc8545b34,4112010055,南开大学,南开大学,天津市,天津市,本科,教育部,valid,pending,MOE,2026,截至2026年6月17日,98,
s_93e18079d50370e704b56d5629fc3489,4112013663,南开大学滨海学院,南开大学滨海学院,天津市,天津市,本科,天津市教委,valid,pending,MOE,2026,截至2026年6月17日,122,民办
s_92941c5496ce802578cd4be0850b9f68,4112014600,天津滨海汽车工程职业学院,天津滨海汽车工程职业学院,天津市,天津市,专科,天津市教委,valid,pending,MOE,2026,截至2026年6月17日,153,民办
s_ec8e8703a54aac4a9a62d453742ba193,4112012484,天津滨海职业学院,天津滨海职业学院,天津市,天津市,专科,天津市,valid,pending,MOE,2026,截至2026年6月17日,130,
s_4ced8b428a6beb6ef861eac6428b7824,4112012719,天津渤海职业技术学院,天津渤海职业技术学院,天津市,天津市,专科,天津市,valid,pending,MOE,2026,截至2026年6月17日,132,
s_94be8da12fba02be0f2ce4d3cc73ebc3,4112010070,天津财经大学,天津财经大学,天津市,天津市,本科,天津市,valid,pending,MOE,2026,截至2026年6月17日,111,
s_078df930d4569afd76e4f6fc5ffc6614,4112014087,天津财经大学珠江学院,天津财经大学珠江学院,天津市,天津市,本科,天津市教委,valid,pending,MOE,2026,截至2026年6月17日,127,民办
s_417f91fb4ce973a1d0b9f747e39045f3,4112010792,天津城建大学,天津城建大学,天津市,天津市,本科,天津市,valid,pending,MOE,2026,截至2026年6月17日,115,
s_c03bfa5733ebdebd9489db9d2b1e1255,4112014020,天津城市建设管理职业技术学院,天津城市建设管理职业技术学院,天津市,天津市,专科,天津市,valid,pending,MOE,2026,截至2026年6月17日,148,
s_4e772e22c5c4da1363b8803b52a6f006,4112013702,天津城市职业学院,天津城市职业学院,天津市,天津市,专科,天津市,valid,pending,MOE,2026,截至2026年6月17日,145,
s_f06142d7dfdbb516efcb7a90bca8e6a9,4112013659,天津传媒学院,天津传媒学院,天津市,天津市,本科,天津市教委,valid,pending,MOE,2026,截至2026年6月17日,119,民办
s_06ffb245f6fe6fc0690af97be481d7ff,4112010056,天津大学,天津大学,天津市,天津市,本科,教育部,valid,pending,MOE,2026,截至2026年6月17日,99,
s_075049487eeec6cabbd1dbccdf41e466,4112012720,天津电子信息职业技术学院,天津电子信息职业技术学院,天津市,天津市,专科,天津市,valid,pending,MOE,2026,截至2026年6月17日,133,
s_b72aed0b6805bbce906ba6b276856fa9,4112012487,天津工程职业技术学院,天津工程职业技术学院,天津市,天津市,专科,天津市,valid,pending,MOE,2026,截至2026年6月17日,131,
s_c5d713590f8557635c37c50208398be1,4112010058,天津工业大学,天津工业大学,天津市,天津市,本科,天津市,valid,pending,MOE,2026,截至2026年6月17日,101,
s_27e8eed5cf850e09d05cf041c4d439b7,4112013700,天津工业职业学院,天津工业职业学院,天津市,天津市,专科,天津市,valid,pending,MOE,2026,截至2026年6月17日,143,
s_68383ad0dca861ef28b4082f58101289,4112013911,天津工艺美术职业学院,天津工艺美术职业学院,天津市,天津市,专科,天津市,valid,pending,MOE,2026,截至2026年6月17日,147,
s_320788f89662403ca6516b6f300359f0,4112014102,天津广播影视职业学院,天津广播影视职业学院,天津市,天津市,专科,天津市,valid,pending,MOE,2026,截至2026年6月17日,151,
s_f202579db3ecc07c8d2b9f4e49247d94,4112012803,天津国土资源和房屋职业学院,天津国土资源和房屋职业学院,天津市,天津市,专科,天津市,valid,pending,MOE,2026,截至2026年6月17日,138,
s_1ad26c6d1e121590bde57fb4be490722,4112014022,天津海运职业学院,天津海运职业学院,天津市,天津市,专科,天津市,valid,pending,MOE,2026,截至2026年6月17日,150,
s_0601fd7130405d2e953b151861ea2e6b,4112012721,天津机电职业技术学院,天津机电职业技术学院,天津市,天津市,专科,天津市,valid,pending,MOE,2026,截至2026年6月17日,134,
s_1be99d0c6ca47c3eb74b461d289ee44b,4112012883,天津交通职业学院,天津交通职业学院,天津市,天津市,专科,天津市,valid,pending,MOE,2026,截至2026年6月17日,142,
s_55341dd74054d7297ff2911bfdf0e427,4112012723,天津警察学院,天津警察学院,天津市,天津市,本科,天津市,valid,pending,MOE,2026,截至2026年6月17日,128,
s_d6a26b5af2623f8a6a08cfbcaa2ddc8e,4112012881,天津开发区职业技术学院,天津开发区职业技术学院,天津市,天津市,专科,天津市,valid,pending,MOE,2026,截至2026年6月17日,140,
s_09654fb9ccd3d55e074f668562c2efaf,4112010057,天津科技大学,天津科技大学,天津市,天津市,本科,天津市,valid,pending,MOE,2026,截至2026年6月17日,100,
s_a994b607ea6844d750e59bcdb980a9ba,4112010060,天津理工大学,天津理工大学,天津市,天津市,本科,天津市,valid,pending,MOE,2026,截至2026年6月17日,103,
s_a22a67e0b1c96a6522efe9ffe8e91223,4112013897,天津理工大学中环信息学院,天津理工大学中环信息学院,天津市,天津市,本科,天津市教委,valid,pending,MOE,2026,截至2026年6月17日,124,民办
s_466abc8e2ee4cb5c94908045faa1f727,4112010073,天津美术学院,天津美术学院,天津市,天津市,本科,天津市,valid,pending,MOE,2026,截至2026年6月17日,114,
s_0f71cf53831d6e3a67494520d2e18393,4112010061,天津农学院,天津农学院,天津市,天津市,本科,天津市,valid,pending,MOE,2026,截至2026年6月17日,104,
s_4614c3d09c97b28f1e0e8b004cfb1275,4112012732,天津轻工职业技术学院,天津轻工职业技术学院,天津市,天津市,专科,天津市,valid,pending,MOE,2026,截至2026年6月17日,136,
s_e23856946dc57ef27e5fea978ba668f8,4112014038,天津仁爱学院,天津仁爱学院,天津市,天津市,本科,天津市教委,valid,pending,MOE,2026,截至2026年6月17日,126,民办
s_0e47f1048e7c22bab3c0a1f0f5bb92a7,4112012788,天津商务职业学院,天津商务职业学院,天津市,天津市,专科,天津市,valid,pending,MOE,2026,截至2026年6月17日,137,
s_1dca13b7f2edc7216e79e852def117d6,4112010069,天津商业大学,天津商业大学,天津市,天津市,本科,天津市,valid,pending,MOE,2026,截至2026年6月17日,110,
s_75be6f5ff4e2f957916eb60ee121de2e,4112013660,天津商业大学宝德学院,天津商业大学宝德学院,天津市,天津市,本科,天津市教委,valid,pending,MOE,2026,截至2026年6月17日,120,民办
s_98254da5b54b15f2562e3e6b787ba57b,4112014021,天津生物工程职业技术学院,天津生物工程职业技术学院,天津市,天津市,专科,天津市,valid,pending,MOE,2026,截至2026年6月17日,149,
s_64fd1142399ab7e6522a01e57e870772,4112010065,天津师范大学,天津师范大学,天津市,天津市,本科,天津市,valid,pending,MOE,2026,截至2026年6月17日,107,
s_6204e5d3f83394d819793366821ccea4,4112013896,天津师范大学津沽学院,天津师范大学津沽学院,天津市,天津市,本科,天津市教委,valid,pending,MOE,2026,截至2026年6月17日,123,民办
s_1af5c759813abd37f4afaddf33e7e970,4112013701,天津石油职业技术学院,天津石油职业技术学院,天津市,天津市,专科,天津市,valid,pending,MOE,2026,截至2026年6月17日,144,
s_0ffa82243b5b363da59834ac24aca375,4112010071,天津体育学院,天津体育学院,天津市,天津市,本科,天津市,valid,pending,MOE,2026,截至2026年6月17日,112,
s_8e5b23734894404a5323ffa4a633d473,4112014599,天津体育职业学院,天津体育职业学院,天津市,天津市,专科,天津市,valid,pending,MOE,2026,截至2026年6月17日,152,
s_2b507df52e4f7533b96daecdf9e0acf3,4112010859,天津天狮学院,天津天狮学院,天津市,天津市,本科,天津市教委,valid,pending,MOE,2026,截至2026年6月17日,116,民办
s_29890ea46013cff8d9d2d1d8ace251b4,4112013863,天津铁道职业技术学院,天津铁道职业技术学院,天津市,天津市,专科,天津市,valid,pending,MOE,2026,截至2026年6月17日,146,
s_421d960da26bc9e3010dde7a3ca79c4e,4112010068,天津外国语大学,天津外国语大学,天津市,天津市,本科,天津市,valid,pending,MOE,2026,截至2026年6月17日,109,
s_5f8b3374033e131a4564dce779278447,4112013658,天津外国语大学滨海外事学院,天津外国语大学滨海外事学院,天津市,天津市,本科,天津市教委,valid,pending,MOE,2026,截至2026年6月17日,118,民办
s_9fcad9cde39695b78618e4037dbbadd1,4112012722,天津现代职业技术学院,天津现代职业技术学院,天津市,天津市,专科,天津市,valid,pending,MOE,2026,截至2026年6月17日,135,
s_8dd61aa2204f6624b337f43494526c6b,4112010062,天津医科大学,天津医科大学,天津市,天津市,本科,天津市,valid,pending,MOE,2026,截至2026年6月17日,105,
s_7a31c599922cc63a9977e4b0d1f5c95b,4112013661,天津医科大学临床医学院,天津医科大学临床医学院,天津市,天津市,本科,天津市教委,valid,pending,MOE,2026,截至2026年6月17日,121,民办
s_52c903d9e6d1b6064c2810b5179dfd01,4112012880,天津医学高等专科学校,天津医学高等专科学校,天津市,天津市,专科,天津市,valid,pending,MOE,2026,截至2026年6月17日,139,
s_7f5119eea59b64a0bf9b91ea3352288c,4112012882,天津艺术职业学院,天津艺术职业学院,天津市,天津市,专科,天津市,valid,pending,MOE,2026,截至2026年6月17日,141,
s_1a3709cd1f719db203045a8c3cc2af5c,4112010072,天津音乐学院,天津音乐学院,天津市,天津市,本科,天津市,valid,pending,MOE,2026,截至2026年6月17日,113,
s_4b04c25ba7d1cf1e6e9bbe5502a39564,4112011032,天津职业大学,天津职业大学,天津市,天津市,本科,天津市,valid,pending,MOE,2026,截至2026年6月17日,129,
s_754d401f99080208a97bd2963c2d4ec3,4112010066,天津职业技术师范大学,天津职业技术师范大学,天津市,天津市,本科,天津市,valid,pending,MOE,2026,截至2026年6月17日,108,
s_f0256a3884b4ccadcc670e469eed5b0c,4112012105,天津中德应用技术大学,天津中德应用技术大学,天津市,天津市,本科,天津市,valid,pending,MOE,2026,截至2026年6月17日,117,
s_24289bdc9f158202766f3cd358a66e20,4112010063,天津中医药大学,天津中医药大学,天津市,天津市,本科,天津市,valid,pending,MOE,2026,截至2026年6月17日,106,
s_9d3bc87bf84466a3ab8767f6521f74ee,4112010059,中国民航大学,中国民航大学,天津市,天津市,本科,交通运输部(中国民用航空局),valid,pending,MOE,2026,截至2026年6月17日,102,
s_be8f78efa06618d3749d21c737d7f94a,4154012481,拉萨师范学院,拉萨师范学院,西藏自治区,拉萨市,本科,西藏自治区,valid,pending,MOE,2026,截至2026年6月17日,2727,
s_f8f230b7d20f4fb2be77baba8bfc48e5,4154014940,日喀则职业技术学院,日喀则职业技术学院,西藏自治区,日喀则市,专科,西藏自治区,valid,pending,MOE,2026,截至2026年6月17日,2729,
s_d68dbf975752c4b07c3039bc2f9c30e5,4154010696,西藏藏医药大学,西藏藏医药大学,西藏自治区,拉萨市,本科,西藏自治区,valid,pending,MOE,2026,截至2026年6月17日,2725,
s_9e84b2a12761e7a450dcde4406af304d,4154010694,西藏大学,西藏大学,西藏自治区,拉萨市,本科,西藏自治区,valid,pending,MOE,2026,截至2026年6月17日,2723,
s_9632de7936ce696cf1a7bfa45f53240b,4154010692,西藏警官高等专科学校,西藏警官高等专科学校,西藏自治区,拉萨市,专科,西藏自治区,valid,pending,MOE,2026,截至2026年6月17日,2726,
s_ef8a508a0794f5d985fc0a18c3768bb7,4154010695,西藏民族大学,西藏民族大学,西藏自治区,咸阳市,本科,西藏自治区,valid,pending,MOE,2026,截至2026年6月17日,2724,
s_a3667cfcc28364611d6966772d671271,4154010693,西藏农牧大学,西藏农牧大学,西藏自治区,林芝市,本科,西藏自治区,valid,pending,MOE,2026,截至2026年6月17日,2722,
s_019ea4426e278c7ecc9603e01426b3c3,4154014085,西藏职业技术学院,西藏职业技术学院,西藏自治区,拉萨市,专科,西藏自治区,valid,pending,MOE,2026,截至2026年6月17日,2728,
s_a1103846b1a42b9a043d171f45141a39,4165014806,阿克苏工业职业技术学院,阿克苏工业职业技术学院,新疆维吾尔自治区,阿克苏地区,专科,新疆维吾尔自治区,valid,pending,MOE,2026,截至2026年6月17日,2976,
s_7233945144404145993d86c775b20553,4165013093,阿克苏职业技术学院,阿克苏职业技术学院,新疆维吾尔自治区,阿克苏地区,专科,新疆维吾尔自治区,valid,pending,MOE,2026,截至2026年6月17日,2955,
s_56e94949340a3f0a429850d3a45230d8,4165014680,阿勒泰职业技术学院,阿勒泰职业技术学院,新疆维吾尔自治区,阿勒泰地区,专科,新疆维吾尔自治区,valid,pending,MOE,2026,截至2026年6月17日,2971,
s_2d7421d45e240004a7c90c68459e1900,4165013094,巴音郭楞职业技术学院,巴音郭楞职业技术学院,新疆维吾尔自治区,巴音郭楞蒙古自治州,专科,新疆维吾尔自治区,valid,pending,MOE,2026,截至2026年6月17日,2956,
s_370b0694b134f437e23b906431097761,4165014622,博尔塔拉职业技术学院,博尔塔拉职业技术学院,新疆维吾尔自治区,博尔塔拉蒙古自治州,专科,新疆维吾尔自治区,valid,pending,MOE,2026,截至2026年6月17日,2965,
s_c15fdbaca8e2af8109f170037480266a,4165010997,昌吉学院,昌吉学院,新疆维吾尔自治区,昌吉回族自治州,本科,新疆维吾尔自治区,valid,pending,MOE,2026,截至2026年6月17日,2930,
s_f59a87dfd8d244200e6fbef8c453768b,4165012838,昌吉职业技术学院,昌吉职业技术学院,新疆维吾尔自治区,昌吉回族自治州,专科,新疆维吾尔自治区,valid,pending,MOE,2026,截至2026年6月17日,2953,
s_6d891815b079e5cc013c0f1fc8ae9695,4165014941,阜康职业技术学院,阜康职业技术学院,新疆维吾尔自治区,昌吉回族自治州,专科,新疆维吾尔自治区,valid,pending,MOE,2026,截至2026年6月17日,2984,
s_6103b628e56342a5daf7abe49dcc15da,4165014652,和田职业技术学院,和田职业技术学院,新疆维吾尔自治区,和田地区,专科,新疆维吾尔自治区,valid,pending,MOE,2026,截至2026年6月17日,2966,
s_9a13cf29e2b777e963f78075a804478a,4165014977,胡杨河职业技术学院,胡杨河职业技术学院,新疆维吾尔自治区,胡杨河市,专科,新疆生产建设兵团,valid,pending,MOE,2026,截至2026年6月17日,2985,
s_38c3f93297f364eb8d3302cd49a9dcf2,4165010763,喀什大学,喀什大学,新疆维吾尔自治区,喀什地区,本科,新疆维吾尔自治区,valid,pending,MOE,2026,截至2026年6月17日,2925,
s_4de6884ea065953c0e9ae10cc915a077,4165014824,喀什理工职业技术学院,喀什理工职业技术学院,新疆维吾尔自治区,喀什地区,专科,新疆维吾尔自治区,valid,pending,MOE,2026,截至2026年6月17日,2977,
s_4722fa8319348eddf20cee02825399bf,4165014677,喀什职业技术学院,喀什职业技术学院,新疆维吾尔自治区,喀什地区,专科,新疆维吾尔自治区,valid,pending,MOE,2026,截至2026年6月17日,2968,
s_26dbf84333eac3b5f19f545621db7280,4165014826,可克达拉职业技术学院,可克达拉职业技术学院,新疆维吾尔自治区,可克达拉市,专科,新疆生产建设兵团,valid,pending,MOE,2026,截至2026年6月17日,2979,
s_240e6e13e579f4f55afd33bd5ac93c38,4165012482,克拉玛依职业技术学院,克拉玛依职业技术学院,新疆维吾尔自治区,克拉玛依市,专科,新疆维吾尔自治区,valid,pending,MOE,2026,截至2026年6月17日,2950,
s_09b3c69c5c10eef11ef3ea05e6805cfb,4165014678,克孜勒苏职业技术学院,克孜勒苏职业技术学院,新疆维吾尔自治区,克孜勒苏柯尔克孜自治州,专科,新疆维吾尔自治区,valid,pending,MOE,2026,截至2026年6月17日,2969,
s_2fc8b842a263c268fa537ca417f7bb4e,4165014828,昆玉职业技术学院,昆玉职业技术学院,新疆维吾尔自治区,昆玉市,专科,新疆生产建设兵团,valid,pending,MOE,2026,截至2026年6月17日,2981,
s_3c8cabab0560ee107301a0c25f673b61,4165010759,石河子大学,石河子大学,新疆维吾尔自治区,石河子市,本科,新疆生产建设兵团,valid,pending,MOE,2026,截至2026年6月17日,2922,
s_34d3de51f614a29cb0f43192f66bddf4,4165014661,石河子工程职业技术学院,石河子工程职业技术学院,新疆维吾尔自治区,石河子市,专科,新疆生产建设兵团,valid,pending,MOE,2026,截至2026年6月17日,2967,
s_02a4953b3a808d1065487283afedd21e,4165013956,石河子职业技术大学,石河子职业技术大学,新疆维吾尔自治区,石河子市,本科,新疆生产建设兵团,valid,pending,MOE,2026,截至2026年6月17日,2948,
s_e1c4fecaf589d85cc9854f84394e1906,4165014877,双河职业技术学院,双河职业技术学院,新疆维吾尔自治区,双河市,专科,新疆生产建设兵团,valid,pending,MOE,2026,截至2026年6月17日,2983,
s_074e828b19d354586d95ad06593d9e83,4165014740,塔城职业技术学院,塔城职业技术学院,新疆维吾尔自治区,塔城地区,专科,新疆维吾尔自治区,valid,pending,MOE,2026,截至2026年6月17日,2972,
s_331f17416a6eabbd7f21687787c8fede,4165010757,塔里木大学,塔里木大学,新疆维吾尔自治区,阿拉尔市,本科,新疆生产建设兵团,valid,pending,MOE,2026,截至2026年6月17日,2920,
s_eb0c31d842c5be9b401dcb5a4bb11dd5,4165014946,塔里木理工学院,塔里木理工学院,新疆维吾尔自治区,阿拉尔市,本科,新疆生产建设兵团教育局,valid,pending,MOE,2026,截至2026年6月17日,2943,民办
s_60232482f71b50a898f9a2e491aa8303,4165014741,塔里木职业技术学院,塔里木职业技术学院,新疆维吾尔自治区,阿拉尔市,专科,新疆生产建设兵团,valid,pending,MOE,2026,截至2026年6月17日,2973,
s_7f8ba2ea782c43f177754c9c52432c94,4165014660,铁门关职业技术学院,铁门关职业技术学院,新疆维吾尔自治区,铁门关市,专科,新疆生产建设兵团,valid,pending,MOE,2026,截至2026年6月17日,2974,
s_893fea3e77a5695d2ee40c44a6c5d929,4165014825,图木舒克职业技术学院,图木舒克职业技术学院,新疆维吾尔自治区,图木舒克市,专科,新疆生产建设兵团,valid,pending,MOE,2026,截至2026年6月17日,2978,
s_27b8f04730385bc147b91dbe4d71c0e2,4165014585,吐鲁番职业技术学院,吐鲁番职业技术学院,新疆维吾尔自治区,吐鲁番市,专科,新疆维吾尔自治区,valid,pending,MOE,2026,截至2026年6月17日,2964,
s_2e0389914a6c6bce8c4bd9076c342437,4165011565,乌鲁木齐职业大学,乌鲁木齐职业大学,新疆维吾尔自治区,乌鲁木齐市,本科,新疆维吾尔自治区,valid,pending,MOE,2026,截至2026年6月17日,2941,
s_5332a88c2a5f9b9ee9fda165d07a7570,4165014876,乌鲁木齐职业技术学院,乌鲁木齐职业技术学院,新疆维吾尔自治区,乌鲁木齐市,专科,新疆维吾尔自治区,valid,pending,MOE,2026,截至2026年6月17日,2982,
s_e6a9cde655d68d67c7bc5bb678320871,4165010766,新疆财经大学,新疆财经大学,新疆维吾尔自治区,乌鲁木齐市,本科,新疆维吾尔自治区,valid,pending,MOE,2026,截至2026年6月17日,2927,
s_0b8c1aa2c848fb03fbd407d223af7109,4165010755,新疆大学,新疆大学,新疆维吾尔自治区,乌鲁木齐市,本科,新疆维吾尔自治区,valid,pending,MOE,2026,截至2026年6月17日,2919,
s_505f461a8b433dd54baf871ccad882ec,4165013560,新疆第二医学院,新疆第二医学院,新疆维吾尔自治区,克拉玛依市,本科,新疆维吾尔自治区,valid,pending,MOE,2026,截至2026年6月17日,2934,
s_dc0fec8b42dc8ae219602bec677eef04,4165010994,新疆工程学院,新疆工程学院,新疆维吾尔自治区,乌鲁木齐市,本科,新疆维吾尔自治区,valid,pending,MOE,2026,截至2026年6月17日,2929,
s_02d043b6ace1605e66ae3ad00ceba6d6,4165014523,新疆工程职业大学,新疆工程职业大学,新疆维吾尔自治区,铁门关市,本科,新疆生产建设兵团,valid,pending,MOE,2026,截至2026年6月17日,2945,
s_981442b2b0f9f405cd6ff2694b496baf,4165014897,新疆工业学院,新疆工业学院,新疆维吾尔自治区,和田地区,本科,新疆生产建设兵团,valid,pending,MOE,2026,截至2026年6月17日,2940,
s_3d87747cb6494bc363bf24ff514f5953,4165012514,新疆工业职业技术大学,新疆工业职业技术大学,新疆维吾尔自治区,乌鲁木齐市,本科,新疆维吾尔自治区,valid,pending,MOE,2026,截至2026年6月17日,2949,
s_fc0bd099794d650fd9b698f1fb289575,4165010765,新疆和田学院,新疆和田学院,新疆维吾尔自治区,和田地区,本科,新疆维吾尔自治区,valid,pending,MOE,2026,截至2026年6月17日,2938,
s_e0a7da3d7d7c32ebf3255e60483ecf09,4165012513,新疆机电职业技术学院,新疆机电职业技术学院,新疆维吾尔自治区,乌鲁木齐市,专科,新疆维吾尔自治区,valid,pending,MOE,2026,截至2026年6月17日,2951,
s_09232bc5ecf4aad55f024a87f36cb5d3,4165013562,新疆建设职业技术学院,新疆建设职业技术学院,新疆维吾尔自治区,乌鲁木齐市,专科,新疆维吾尔自治区,valid,pending,MOE,2026,截至2026年6月17日,2957,
s_948cf4a8a352209892c053e20779c4f5,4165013926,新疆交通职业技术大学,新疆交通职业技术大学,新疆维吾尔自治区,乌鲁木齐市,本科,新疆维吾尔自治区,valid,pending,MOE,2026,截至2026年6月17日,2942,
s_7dead892bc5b3ef7853f703c833d2162,4165012734,新疆警察学院,新疆警察学院,新疆维吾尔自治区,乌鲁木齐市,本科,新疆维吾尔自治区,valid,pending,MOE,2026,截至2026年6月17日,2931,
s_bf570fc0a8a10e804c4363d805b8a707,4165013561,新疆科技学院,新疆科技学院,新疆维吾尔自治区,巴音郭楞蒙古自治州,本科,新疆维吾尔自治区,valid,pending,MOE,2026,截至2026年6月17日,2935,
s_09269d670d85767c00d1b85db4460964,4165014525,新疆科技职业技术学院,新疆科技职业技术学院,新疆维吾尔自治区,五家渠市,专科,新疆维吾尔自治区教育厅,valid,pending,MOE,2026,截至2026年6月17日,2963,民办
s_adf4016e0e8d8e2f1d78c28c58e1e1cb,4165014679,新疆科信职业技术学院,新疆科信职业技术学院,新疆维吾尔自治区,乌鲁木齐市,专科,新疆维吾尔自治区教育厅,valid,pending,MOE,2026,截至2026年6月17日,2970,民办
s_81003d27a048367b6ac38682cbeb1a7e,4165014987,新疆昆仑科技学院,新疆昆仑科技学院,新疆维吾尔自治区,喀什地区,本科,新疆生产建设兵团教育局,valid,pending,MOE,2026,截至2026年6月17日,2946,民办
s_81cfc7999ba53b5a195957014ea46549,4165013558,新疆理工学院,新疆理工学院,新疆维吾尔自治区,阿克苏地区,本科,新疆维吾尔自治区,valid,pending,MOE,2026,截至2026年6月17日,2932,
s_e153f2e46ec4cf314e1d7b95e3151289,4165014947,新疆理工职业大学,新疆理工职业大学,新疆维吾尔自治区,喀什地区,本科,新疆生产建设兵团,valid,pending,MOE,2026,截至2026年6月17日,2944,
s_3783b2d51be67c21cdc87956f8826a7d,4165014489,新疆能源铁道职业技术大学,新疆能源铁道职业技术大学,新疆维吾尔自治区,哈密市,本科,新疆维吾尔自治区,valid,pending,MOE,2026,截至2026年6月17日,2947,
s_04be7374255ba40e008fbb413bb99772,4165012570,新疆能源职业技术学院,新疆能源职业技术学院,新疆维吾尔自治区,乌鲁木齐市,专科,新疆维吾尔自治区教育厅,valid,pending,MOE,2026,截至2026年6月17日,2952,民办
s_cc457c20f2761efcbfe149043f9bc0a2,4165010758,新疆农业大学,新疆农业大学,新疆维吾尔自治区,乌鲁木齐市,本科,新疆维吾尔自治区,valid,pending,MOE,2026,截至2026年6月17日,2921,
s_6b5c64b1c61b9c3d088e1e1d63d5be87,4165013559,新疆农业大学科学技术学院,新疆农业大学科学技术学院,新疆维吾尔自治区,乌鲁木齐市,本科,新疆维吾尔自治区教育厅,valid,pending,MOE,2026,截至2026年6月17日,2933,民办
s_388c3bb9c57fe23d8f6ea8f3cabe0802,4165010995,新疆农业职业技术大学,新疆农业职业技术大学,新疆维吾尔自治区,昌吉回族自治州,本科,新疆维吾尔自治区,valid,pending,MOE,2026,截至2026年6月17日,2939,
s_0ccedda388e1980e2ba5b74acc87a4c4,4165010762,新疆师范大学,新疆师范大学,新疆维吾尔自治区,乌鲁木齐市,本科,新疆维吾尔自治区,valid,pending,MOE,2026,截至2026年6月17日,2924,
s_513e6845ac8813a547dff83fb8e734fc,4165014421,新疆师范高等专科学校,新疆师范高等专科学校,新疆维吾尔自治区,乌鲁木齐市,专科,新疆维吾尔自治区,valid,pending,MOE,2026,截至2026年6月17日,2962,
s_c20974e3977e75a6ea3f7f8dfab405f1,4165014978,新疆石河子航空职业学院,新疆石河子航空职业学院,新疆维吾尔自治区,石河子市,专科,新疆生产建设兵团教育局,valid,pending,MOE,2026,截至2026年6月17日,2986,民办
s_eb46f55dad752574ddaf7452c6dc1369,4165014805,新疆司法警官职业学院,新疆司法警官职业学院,新疆维吾尔自治区,乌鲁木齐市,专科,新疆维吾尔自治区,valid,pending,MOE,2026,截至2026年6月17日,2975,
s_692cf39b0fe268ba9fd3faa7c8e0410e,4165014416,新疆体育职业技术学院,新疆体育职业技术学院,新疆维吾尔自治区,乌鲁木齐市,专科,新疆维吾尔自治区,valid,pending,MOE,2026,截至2026年6月17日,2960,
s_9c5ce93a838ec8c9156fc994867c22aa,4165013727,新疆天山职业技术大学,新疆天山职业技术大学,新疆维吾尔自治区,乌鲁木齐市,本科,新疆维吾尔自治区教育厅,valid,pending,MOE,2026,截至2026年6月17日,2937,民办
s_3e460febfba3defd2532389c080b20a0,4165013726,新疆现代职业技术学院,新疆现代职业技术学院,新疆维吾尔自治区,乌鲁木齐市,专科,新疆维吾尔自治区教育厅,valid,pending,MOE,2026,截至2026年6月17日,2958,民办
s_2c708b435e40814859afdd5d7a6c8197,4165010760,新疆医科大学,新疆医科大学,新疆维吾尔自治区,乌鲁木齐市,本科,新疆维吾尔自治区,valid,pending,MOE,2026,截至2026年6月17日,2923,
s_82a96b30ff939cad52ede9f70b9ed9e1,4165010768,新疆艺术学院,新疆艺术学院,新疆维吾尔自治区,乌鲁木齐市,本科,新疆维吾尔自治区,valid,pending,MOE,2026,截至2026年6月17日,2928,
s_82ad047072cc99cbd9894853d292aabc,4165014417,新疆应用职业技术学院,新疆应用职业技术学院,新疆维吾尔自治区,伊犁哈萨克自治州,专科,新疆维吾尔自治区,valid,pending,MOE,2026,截至2026年6月17日,2961,
s_84e784bad08fc393e7924830218beedc,4165013628,新疆政法学院,新疆政法学院,新疆维吾尔自治区,图木舒克市,本科,新疆生产建设兵团,valid,pending,MOE,2026,截至2026年6月17日,2936,
s_5a822f08f8dce4578e44513bea708823,4165014138,新疆职业大学,新疆职业大学,新疆维吾尔自治区,乌鲁木齐市,专科,新疆维吾尔自治区,valid,pending,MOE,2026,截至2026年6月17日,2959,
s_de8ce3a54350b0090407028bd783397d,4165014827,新星职业技术学院,新星职业技术学院,新疆维吾尔自治区,新星市,专科,新疆生产建设兵团,valid,pending,MOE,2026,截至2026年6月17日,2980,
s_d19103d22340048533a47c651b68c85f,4165010764,伊犁师范大学,伊犁师范大学,新疆维吾尔自治区,伊犁哈萨克自治州,本科,新疆维吾尔自治区,valid,pending,MOE,2026,截至2026年6月17日,2926,
s_a0215fc0979f01564133178c2da9de6f,4165012975,伊犁职业技术学院,伊犁职业技术学院,新疆维吾尔自治区,伊犁哈萨克自治州,专科,新疆维吾尔自治区,valid,pending,MOE,2026,截至2026年6月17日,2954,
s_4114b92b6b59d0544cc06b21a9dc847f,4153010686,保山学院,保山学院,云南省,保山市,本科,云南省,valid,pending,MOE,2026,截至2026年6月17日,2641,
s_aaa54fb670853c1b667897f599ba85e6,4153014783,保山职业学院,保山职业学院,云南省,保山市,专科,云南省,valid,pending,MOE,2026,截至2026年6月17日,2712,
s_af2510d0ab6b20646f0eba06e625a21a,4153014014,保山中医药高等专科学校,保山中医药高等专科学校,云南省,保山市,专科,云南省,valid,pending,MOE,2026,截至2026年6月17日,2685,
s_d19228f1e86c224025d4128ea675319a,4153011391,楚雄师范学院,楚雄师范学院,云南省,楚雄彝族自治州,本科,云南省,valid,pending,MOE,2026,截至2026年6月17日,2647,
s_4970f258d9c4da00c1218ca8e80180a8,4153014013,楚雄医药高等专科学校,楚雄医药高等专科学校,云南省,楚雄彝族自治州,专科,云南省,valid,pending,MOE,2026,截至2026年6月17日,2684,
s_03be4d0868c7bf8cd29ced283cf2ddec,4153010679,大理大学,大理大学,云南省,大理白族自治州,本科,云南省,valid,pending,MOE,2026,截至2026年6月17日,2635,
s_aae429e353e3f7bc5b5f106f08e86e76,4153014583,大理护理职业学院,大理护理职业学院,云南省,大理白族自治州,专科,云南省,valid,pending,MOE,2026,截至2026年6月17日,2701,
s_a6a73b05d8350c9b936e4c0113b95321,4153014487,大理农林职业技术学院,大理农林职业技术学院,云南省,大理白族自治州,专科,云南省,valid,pending,MOE,2026,截至2026年6月17日,2696,
s_0c602e7f77f07522e66058a93a27bd91,4153014016,德宏师范学院,德宏师范学院,云南省,德宏傣族景颇族自治州,本科,云南省,valid,pending,MOE,2026,截至2026年6月17日,2663,
s_d3865c0454204145f42c036ce47d76ec,4153014253,德宏职业学院,德宏职业学院,云南省,德宏傣族景颇族自治州,专科,云南省,valid,pending,MOE,2026,截至2026年6月17日,2689,
s_fa188f060ce30fb3d42ef355b0019d8f,4153013326,滇池学院,滇池学院,云南省,昆明市,本科,云南省教育厅,valid,pending,MOE,2026,截至2026年6月17日,2652,民办
s_21b84fe0480db87e2dd83fbdec30764f,4153014092,滇西科技师范学院,滇西科技师范学院,云南省,临沧市,本科,云南省,valid,pending,MOE,2026,截至2026年6月17日,2660,
s_58f1896cb9dfd623a42bb60810c1dda2,4153014623,滇西应用技术大学,滇西应用技术大学,云南省,大理白族自治州,本科,云南省,valid,pending,MOE,2026,截至2026年6月17日,2661,
s_048e4ccc24cb3c4b0da11d70e4e47cde,4153014534,公安消防部队高等专科学校,公安消防部队高等专科学校,云南省,昆明市,专科,应急管理部,valid,pending,MOE,2026,截至2026年6月17日,2697,
s_16bb5edbf7498ee01ac1fcc6ed529269,4153014413,红河卫生职业学院,红河卫生职业学院,云南省,红河哈尼族彝族自治州,专科,云南省,valid,pending,MOE,2026,截至2026年6月17日,2694,
s_4310353d682eaed0c357c169ff421c93,4153010687,红河学院,红河学院,云南省,红河哈尼族彝族自治州,本科,云南省,valid,pending,MOE,2026,截至2026年6月17日,2642,
s_52f7b7ebfcf9edf3eb4b0e5e8cebb8c9,4153014736,红河职业技术学院,红河职业技术学院,云南省,红河哈尼族彝族自治州,专科,云南省,valid,pending,MOE,2026,截至2026年6月17日,2710,
s_27749dbf78cdc802c1105281a0499246,4153013330,昆明城市学院,昆明城市学院,云南省,昆明市,本科,云南省教育厅,valid,pending,MOE,2026,截至2026年6月17日,2655,民办
s_39b05aca31cd7597bdc6f1049bbb90fa,4153013333,昆明传媒学院,昆明传媒学院,云南省,昆明市,本科,云南省教育厅,valid,pending,MOE,2026,截至2026年6月17日,2658,民办
s_cd1cb7bab2bf41feca7bb1c0be13c7f6,4153012393,昆明工业职业技术学院,昆明工业职业技术学院,云南省,昆明市,专科,云南省,valid,pending,MOE,2026,截至2026年6月17日,2669,
s_93b22ebfe6c20f25079d0eb9d2b1af8f,4153014939,昆明航空职业学院,昆明航空职业学院,云南省,昆明市,专科,云南省教育厅,valid,pending,MOE,2026,截至2026年6月17日,2720,民办
s_1e12fd39697e7036d7f4a94d3a8d51ab,4153014212,昆明科技职业大学,昆明科技职业大学,云南省,昆明市,本科,云南省教育厅,valid,pending,MOE,2026,截至2026年6月17日,2666,民办
s_15ef1005a4ed19fb4405fdc19a7dfded,4153010674,昆明理工大学,昆明理工大学,云南省,昆明市,本科,云南省,valid,pending,MOE,2026,截至2026年6月17日,2631,
s_04b27f53aca348320c30668bcdee76e2,4153013329,昆明理工大学津桥学院,昆明理工大学津桥学院,云南省,昆明市,本科,云南省教育厅,valid,pending,MOE,2026,截至2026年6月17日,2654,民办
s_e44c4f5e8b1238bdad8518f2e32b9509,4153014581,昆明铁道职业技术学院,昆明铁道职业技术学院,云南省,昆明市,专科,云南省,valid,pending,MOE,2026,截至2026年6月17日,2699,
s_05596405bcae996ed02bb183e9ae4ace,4153014372,昆明卫生职业学院,昆明卫生职业学院,云南省,昆明市,专科,云南省教育厅,valid,pending,MOE,2026,截至2026年6月17日,2691,民办
s_7f1055c26c96ed73dc2a7d0c872a4883,4153013331,昆明文理学院,昆明文理学院,云南省,昆明市,本科,云南省教育厅,valid,pending,MOE,2026,截至2026年6月17日,2656,民办
s_15e29feb94a5eef0cf5a4c58d4311fc7,4153011393,昆明学院,昆明学院,云南省,昆明市,本科,云南省,valid,pending,MOE,2026,截至2026年6月17日,2649,
s_357dc004cb27a730c3fb54114e5bec9c,4153011557,昆明冶金职业大学,昆明冶金职业大学,云南省,昆明市,本科,云南省,valid,pending,MOE,2026,截至2026年6月17日,2665,
s_d82808d047011d45890db148baaa70f6,4153010678,昆明医科大学,昆明医科大学,云南省,昆明市,本科,云南省,valid,pending,MOE,2026,截至2026年6月17日,2634,
s_e99293c204a633d21e7498402a9bc080,4153013332,昆明医科大学海源学院,昆明医科大学海源学院,云南省,昆明市,本科,云南省教育厅,valid,pending,MOE,2026,截至2026年6月17日,2657,民办
s_7722d6c7125234c6d32ee06b4fee2b22,4153012851,昆明艺术职业学院,昆明艺术职业学院,云南省,昆明市,专科,云南省教育厅,valid,pending,MOE,2026,截至2026年6月17日,2676,民办
s_84d9e4d8316ebd6193cbc9898cae7ff2,4153014631,昆明幼儿师范高等专科学校,昆明幼儿师范高等专科学校,云南省,昆明市,专科,云南省,valid,pending,MOE,2026,截至2026年6月17日,2706,
s_45e77e45eaaa291e77e3c585ecf23f62,4153014015,丽江师范学院,丽江师范学院,云南省,丽江市,本科,云南省,valid,pending,MOE,2026,截至2026年6月17日,2662,
s_f4b1208cdf8f5737d79c9d6fd66eeb24,4153013328,丽江文化旅游学院,丽江文化旅游学院,云南省,丽江市,本科,云南省教育厅,valid,pending,MOE,2026,截至2026年6月17日,2653,民办
s_e1872484fbee2d2d53ccd3d546272a96,4153014802,丽江职业技术学院,丽江职业技术学院,云南省,丽江市,专科,云南省,valid,pending,MOE,2026,截至2026年6月17日,2715,
s_6ded775b51e010e491fd0419e25613cb,4153014874,临沧职业学院,临沧职业学院,云南省,临沧市,专科,云南省,valid,pending,MOE,2026,截至2026年6月17日,2718,
s_61528c92aaacaa3d61bce9fb0a145b59,4153014873,怒江职业技术学院,怒江职业技术学院,云南省,怒江傈僳族自治州,专科,云南省,valid,pending,MOE,2026,截至2026年6月17日,2717,
s_bbbced99f311cd152681616bd3cdf26a,4153010685,普洱学院,普洱学院,云南省,普洱市,本科,云南省,valid,pending,MOE,2026,截至2026年6月17日,2640,
s_a6820a9520826b63d054dae289301cea,4153014012,曲靖健康医学院,曲靖健康医学院,云南省,曲靖市,本科,云南省,valid,pending,MOE,2026,截至2026年6月17日,2664,
s_92d431ac34021d8b77a9049e34ccbc9d,4153010684,曲靖师范学院,曲靖师范学院,云南省,曲靖市,本科,云南省,valid,pending,MOE,2026,截至2026年6月17日,2639,
s_5d71cf8a6ea60940f94cd37c651c61d1,4153014676,曲靖职业技术学院,曲靖职业技术学院,云南省,曲靖市,专科,云南省,valid,pending,MOE,2026,截至2026年6月17日,2709,
s_af6ee5159e6bae5d594f5e3946fd24ed,4153011556,文山学院,文山学院,云南省,文山壮族苗族自治州,本科,云南省,valid,pending,MOE,2026,截至2026年6月17日,2650,
s_d1d8614c0f9e51dd0afd990d6ea5341b,4153014801,文山职业技术学院,文山职业技术学院,云南省,文山壮族苗族自治州,专科,云南省,valid,pending,MOE,2026,截至2026年6月17日,2714,
s_a3628d6529509de105f8b320237c2380,4153010677,西南林业大学,西南林业大学,云南省,昆明市,本科,云南省,valid,pending,MOE,2026,截至2026年6月17日,2633,
s_343a5a7a1f3b681eb9c2f69a4ef22d02,4153012826,西双版纳职业技术学院,西双版纳职业技术学院,云南省,西双版纳傣族自治州,专科,云南省,valid,pending,MOE,2026,截至2026年6月17日,2675,
s_4e8a0bbeedd377e5942524f8023783a4,4153014803,香格里拉职业学院,香格里拉职业学院,云南省,迪庆藏族自治州,专科,云南省,valid,pending,MOE,2026,截至2026年6月17日,2716,
s_8c2ff7e45b853bdfd688539b003f1370,4153012971,玉溪农业职业技术学院,玉溪农业职业技术学院,云南省,玉溪市,专科,云南省,valid,pending,MOE,2026,截至2026年6月17日,2677,
s_a0124bbdfe0da1ce3aa607564a73f8dc,4153011390,玉溪师范学院,玉溪师范学院,云南省,玉溪市,本科,云南省,valid,pending,MOE,2026,截至2026年6月17日,2646,
s_d300274543c25e216ca849924c6b94b7,4153014782,玉溪职业技术学院,玉溪职业技术学院,云南省,玉溪市,专科,云南省,valid,pending,MOE,2026,截至2026年6月17日,2711,
s_5cc7a11e3f04c19f92c27a28d065c32d,4153010689,云南财经大学,云南财经大学,云南省,昆明市,本科,云南省,valid,pending,MOE,2026,截至2026年6月17日,2643,
s_6d1d835fb176791400e10131fb8f4bc1,4153014550,云南财经职业学院,云南财经职业学院,云南省,昆明市,专科,云南省,valid,pending,MOE,2026,截至2026年6月17日,2698,
s_dc3d362df9605fc1f7a3e3c09cd41d78,4153013759,云南城市建设职业学院,云南城市建设职业学院,云南省,昆明市,专科,云南省教育厅,valid,pending,MOE,2026,截至2026年6月17日,2682,民办
s_38d59474af797c50f03f2e7473ca4999,4153010673,云南大学,云南大学,云南省,昆明市,本科,云南省,valid,pending,MOE,2026,截至2026年6月17日,2630,
s_c7b0bc39b0a3ec6d065b8cceb6ad0e3f,4153013761,云南工程职业学院,云南工程职业学院,云南省,昆明市,专科,云南省教育厅,valid,pending,MOE,2026,截至2026年6月17日,2683,民办
s_84cec6e9143275985f5512be832431a9,4153014620,云南工贸职业技术学院,云南工贸职业技术学院,云南省,昆明市,专科,云南省,valid,pending,MOE,2026,截至2026年6月17日,2705,
s_817212ac2dcfed070fe211a3db338058,4153013909,云南工商学院,云南工商学院,云南省,昆明市,本科,云南省教育厅,valid,pending,MOE,2026,截至2026年6月17日,2659,民办
s_9d4e05198f53a16489261828b85acc01,4153014875,云南工业信息职业学院,云南工业信息职业学院,云南省,曲靖市,专科,云南省,valid,pending,MOE,2026,截至2026年6月17日,2719,
s_50691264b6ae4dba71867e253ef2eae1,4153013756,云南国防工业职业技术学院,云南国防工业职业技术学院,云南省,昆明市,专科,云南省,valid,pending,MOE,2026,截至2026年6月17日,2679,
s_b3898fda42aa6ff7b9ea780d18f5b3be,4153012349,云南国土资源职业学院,云南国土资源职业学院,云南省,昆明市,专科,云南省,valid,pending,MOE,2026,截至2026年6月17日,2668,
s_5f10a9087fc9f908e11938217300be0a,4153013757,云南机电职业技术学院,云南机电职业技术学院,云南省,昆明市,专科,云南省,valid,pending,MOE,2026,截至2026年6月17日,2680,
s_328bcd88d852c9bb7c3a385b0159a50e,4153012357,云南交通职业技术大学,云南交通职业技术大学,云南省,昆明市,本科,云南省,valid,pending,MOE,2026,截至2026年6月17日,2667,
s_203242b06eafb377eb135e3a365d0d4f,4153012560,云南经济管理学院,云南经济管理学院,云南省,昆明市,本科,云南省教育厅,valid,pending,MOE,2026,截至2026年6月17日,2651,民办
s_e3ff363fbdd9b20a27f8bff577b2691a,4153011392,云南警官学院,云南警官学院,云南省,昆明市,本科,云南省,valid,pending,MOE,2026,截至2026年6月17日,2648,
s_89fed072d96150e7642209238a27205f,4153012825,云南科技信息职业学院,云南科技信息职业学院,云南省,昆明市,专科,云南省教育厅,valid,pending,MOE,2026,截至2026年6月17日,2674,民办
s_fa53a12b2a0455b38b7e1add3c87f43f,4153014675,云南理工职业学院,云南理工职业学院,云南省,昆明市,专科,云南省教育厅,valid,pending,MOE,2026,截至2026年6月17日,2708,民办
s_3587d3a3d29765311cff8de4f1a41a77,4153013758,云南林业职业技术学院,云南林业职业技术学院,云南省,昆明市,专科,云南省,valid,pending,MOE,2026,截至2026年6月17日,2681,
s_6488c09c4aa873428d4e0b9ce399fa67,4153014381,云南旅游职业学院,云南旅游职业学院,云南省,昆明市,专科,云南省,valid,pending,MOE,2026,截至2026年6月17日,2693,
s_29db7785461ced0cea8edc415cb27acd,4153010691,云南民族大学,云南民族大学,云南省,昆明市,本科,云南省,valid,pending,MOE,2026,截至2026年6月17日,2645,
s_bcef5e8f68c27b2ec283b1c6cc84c4d7,4153013136,云南能源职业技术学院,云南能源职业技术学院,云南省,曲靖市,专科,云南省,valid,pending,MOE,2026,截至2026年6月17日,2678,
s_c2864ba8fee9f25b04b75477d91d8433,4153010676,云南农业大学,云南农业大学,云南省,昆明市,本科,云南省,valid,pending,MOE,2026,截至2026年6月17日,2632,
s_0ebf8f4974651f1fca2e3a688bc35d2d,4153012555,云南农业职业技术学院,云南农业职业技术学院,云南省,昆明市,专科,云南省,valid,pending,MOE,2026,截至2026年6月17日,2670,
s_1becf02848aca82e28d80430307b334a,4153014618,云南轻纺职业学院,云南轻纺职业学院,云南省,昆明市,专科,云南省,valid,pending,MOE,2026,截至2026年6月17日,2703,
s_33a9bfc4d7b6ec38ff9445190587ec12,4153014239,云南三鑫职业技术学院,云南三鑫职业技术学院,云南省,文山壮族苗族自治州,专科,云南省教育厅,valid,pending,MOE,2026,截至2026年6月17日,2688,民办
s_4c07cda7ea6e611731e6bc19791c92de,4153014317,云南商务职业学院,云南商务职业学院,云南省,昆明市,专科,云南省教育厅,valid,pending,MOE,2026,截至2026年6月17日,2690,民办
s_3e8f93a0c4f82e110827cb896dceb55d,4153010681,云南师范大学,云南师范大学,云南省,昆明市,本科,云南省,valid,pending,MOE,2026,截至2026年6月17日,2637,
s_3f0fe19b5fa7206aa408016cbed1cf5e,4153014584,云南水利水电职业学院,云南水利水电职业学院,云南省,昆明市,专科,云南省,valid,pending,MOE,2026,截至2026年6月17日,2702,
s_a8bdeb83187d62e4b728e6abde60aab0,4153012556,云南司法警官职业学院,云南司法警官职业学院,云南省,昆明市,专科,云南省,valid,pending,MOE,2026,截至2026年6月17日,2671,
s_e88fa20e94172947f0b5e439abf7b3da,4153014619,云南特殊教育职业学院,云南特殊教育职业学院,云南省,昆明市,专科,云南省,valid,pending,MOE,2026,截至2026年6月17日,2704,
s_9818ae05930af7f06a04666493ac703f,4153012559,云南体育运动职业技术学院,云南体育运动职业技术学院,云南省,昆明市,专科,云南省,valid,pending,MOE,2026,截至2026年6月17日,2673,
s_5719a42e7e21e829b6a0e02054f48aa9,4153014415,云南外事外语职业学院,云南外事外语职业学院,云南省,昆明市,专科,云南省教育厅,valid,pending,MOE,2026,截至2026年6月17日,2695,民办
s_017e5e0710531cbb68c5b44b7a60eef8,4153012558,云南文化艺术职业学院,云南文化艺术职业学院,云南省,昆明市,专科,云南省,valid,pending,MOE,2026,截至2026年6月17日,2672,
s_37662149a2746944a2a59974c472bd32,4153014130,云南锡业职业技术学院,云南锡业职业技术学院,云南省,红河哈尼族彝族自治州,专科,云南省,valid,pending,MOE,2026,截至2026年6月17日,2687,
s_33a99b628d85f58ef282cdecbb165a76,4153014373,云南现代职业技术学院,云南现代职业技术学院,云南省,楚雄彝族自治州,专科,云南省,valid,pending,MOE,2026,截至2026年6月17日,2692,
s_b3c87dc82f0994561c2407d10c4bc6f0,4153014032,云南新兴职业学院,云南新兴职业学院,云南省,昆明市,专科,云南省教育厅,valid,pending,MOE,2026,截至2026年6月17日,2686,民办
s_ed9cb5d53975cbd346eb869150cddd58,4153014649,云南医药健康职业学院,云南医药健康职业学院,云南省,昆明市,专科,云南省教育厅,valid,pending,MOE,2026,截至2026年6月17日,2707,民办
s_066ed3c27d31bb1c0e13afba83d2e577,4153010690,云南艺术学院,云南艺术学院,云南省,昆明市,本科,云南省,valid,pending,MOE,2026,截至2026年6月17日,2644,
s_a23cb85dc756e2bdb1cc963382449609,4153010680,云南中医药大学,云南中医药大学,云南省,昆明市,本科,云南省,valid,pending,MOE,2026,截至2026年6月17日,2636,
s_47411360222895e7f7a09534c45e82f7,4153014582,昭通卫生职业学院,昭通卫生职业学院,云南省,昭通市,专科,云南省,valid,pending,MOE,2026,截至2026年6月17日,2700,
s_0a327b12787430a898d37c9e56f541b5,4153010683,昭通学院,昭通学院,云南省,昭通市,本科,云南省,valid,pending,MOE,2026,截至2026年6月17日,2638,
s_dfbeea6a69fe3a1092444fd7337d252b,4153014784,昭通职业学院,昭通职业学院,云南省,昭通市,专科,云南省,valid,pending,MOE,2026,截至2026年6月17日,2713,
s_955253ac6ebdfe9ac48e114df8ad77df,4133010336,杭州电子科技大学,杭州电子科技大学,浙江省,杭州市,本科,浙江省,valid,pending,MOE,2026,截至2026年6月17日,943,
s_610eced21b188356e0023bbdde7e7784,4133013279,杭州电子科技大学信息工程学院,杭州电子科技大学信息工程学院,浙江省,杭州市,本科,浙江省教育厅,valid,pending,MOE,2026,截至2026年6月17日,980,民办
s_dc6358ae4d794a6afe6d9354013e050f,4133013026,杭州科技职业技术学院,杭州科技职业技术学院,浙江省,杭州市,专科,浙江省,valid,pending,MOE,2026,截至2026年6月17日,1033,
s_fd2b8238375146c14d78bc40b8e2b429,4133010346,杭州师范大学,杭州师范大学,浙江省,杭州市,本科,浙江省,valid,pending,MOE,2026,截至2026年6月17日,951,
s_f876c88c1e91a82ed41358cc60d3aba7,4133013286,杭州师范大学钱江学院,杭州师范大学钱江学院,浙江省,杭州市,本科,浙江省教育厅,valid,pending,MOE,2026,截至2026年6月17日,985,民办
s_e42ea4b4b48ba490c2ab578c7160f058,4133013030,杭州万向职业技术学院,杭州万向职业技术学院,浙江省,杭州市,专科,浙江省教育厅,valid,pending,MOE,2026,截至2026年6月17日,1036,民办
s_298845e7ad3de27b391b06d8e8b9329a,4133013023,杭州医学院,杭州医学院,浙江省,杭州市,本科,浙江省,valid,pending,MOE,2026,截至2026年6月17日,975,
s_60717f1d940e86386cdcbaf91a00e88d,4133012872,杭州职业技术大学,杭州职业技术大学,浙江省,杭州市,本科,浙江省,valid,pending,MOE,2026,截至2026年6月17日,1005,
s_ac4ae065632bc47a731ad1d5b0dccefb,4133014916,湖州健康职业学院,湖州健康职业学院,浙江省,湖州市,专科,浙江省教育厅,valid,pending,MOE,2026,截至2026年6月17日,1052,民办
s_9ca590a403b3d0023898a15e3126d57b,4133010347,湖州师范大学,湖州师范大学,浙江省,湖州市,本科,浙江省,valid,pending,MOE,2026,截至2026年6月17日,952,
s_aa34eff13f799775bfa4e84f6b5d0efc,4133013287,湖州学院,湖州学院,浙江省,湖州市,本科,浙江省,valid,pending,MOE,2026,截至2026年6月17日,986,
s_781570fa0a2fc0181428f15481a958b6,4133012875,湖州职业技术学院,湖州职业技术学院,浙江省,湖州市,专科,浙江省,valid,pending,MOE,2026,截至2026年6月17日,1026,
s_77ad804dab6d8b1f46493acfbb1f9eec,4133010354,嘉兴大学,嘉兴大学,浙江省,嘉兴市,本科,浙江省,valid,pending,MOE,2026,截至2026年6月17日,958,
s_3c9d7f13d6ee82e0679dcc0153498239,4133013291,嘉兴南湖学院,嘉兴南湖学院,浙江省,嘉兴市,本科,浙江省,valid,pending,MOE,2026,截至2026年6月17日,990,
s_10aed3a6748c7e3b21e5db8eae64f877,4133013028,嘉兴南洋职业技术学院,嘉兴南洋职业技术学院,浙江省,嘉兴市,专科,浙江省教育厅,valid,pending,MOE,2026,截至2026年6月17日,1035,民办
s_a1d223d8f6cf6ef385850fbf0904e398,4133012874,嘉兴职业技术学院,嘉兴职业技术学院,浙江省,嘉兴市,专科,浙江省,valid,pending,MOE,2026,截至2026年6月17日,1025,
s_538b53fdec71631a49215d309dd25e09,4133012061,金华职业技术大学,金华职业技术大学,浙江省,金华市,本科,浙江省,valid,pending,MOE,2026,截至2026年6月17日,1000,
s_53d71a2f4a0e451d34230a875214a039,4133010352,丽水学院,丽水学院,浙江省,丽水市,本科,浙江省,valid,pending,MOE,2026,截至2026年6月17日,956,
s_fee92bf26c0ba6eac4f958b7c138304e,4133012878,丽水职业技术学院,丽水职业技术学院,浙江省,丽水市,专科,浙江省,valid,pending,MOE,2026,截至2026年6月17日,1029,
s_af94275d09453a657ce7ee1f65a1d1ae,4133013001,宁波财经学院,宁波财经学院,浙江省,宁波市,本科,浙江省教育厅,valid,pending,MOE,2026,截至2026年6月17日,972,民办
s_65dafedbdd4365f048d0e98c54a330e4,4133012645,宁波城市职业技术学院,宁波城市职业技术学院,浙江省,宁波市,专科,浙江省,valid,pending,MOE,2026,截至2026年6月17日,1009,
s_3ef359fe529cac62cdb6c69e1302934f,4133011646,宁波大学,宁波大学,浙江省,宁波市,本科,浙江省,valid,pending,MOE,2026,截至2026年6月17日,968,
s_01169f6e64c7bcefe68c743c2cd8b6cf,4133013277,宁波大学科学技术学院,宁波大学科学技术学院,浙江省,宁波市,本科,浙江省教育厅,valid,pending,MOE,2026,截至2026年6月17日,979,民办
s_00a7b8cb861393da897ec6be14fe2cb3,4133014943,宁波东方理工大学,宁波东方理工大学,浙江省,宁波市,本科,浙江省教育厅,valid,pending,MOE,2026,截至2026年6月17日,1006,民办
s_c994557df3fb530f8f64d945b30b5316,4133011058,宁波工程学院,宁波工程学院,浙江省,宁波市,本科,浙江省,valid,pending,MOE,2026,截至2026年6月17日,963,
s_27a0b56a895f67febb96c8a8e7e48f53,4133016301,宁波诺丁汉大学,宁波诺丁汉大学,浙江省,宁波市,本科,浙江省教育厅,valid,pending,MOE,2026,截至2026年6月17日,1002,中外合作办学及内地与港澳合作办学
s_09065d1980651af972bd655df9ff4f97,4133013742,宁波卫生职业技术学院,宁波卫生职业技术学院,浙江省,宁波市,专科,浙江省,valid,pending,MOE,2026,截至2026年6月17日,1038,
s_f6f3e376e61d1416fa9895b91e4fd64b,4233050559,宁波幼儿师范高等专科学校,宁波幼儿师范高等专科学校,浙江省,宁波市,专科,浙江省,valid,pending,MOE,2026,截至2026年6月17日,1051,
s_86d6c53c408fa645008cfd0937e460f0,4133010863,宁波职业技术大学,宁波职业技术大学,浙江省,宁波市,本科,浙江省,valid,pending,MOE,2026,截至2026年6月17日,1004,
s_6254abbc9293882586317cd33d6f98a9,4133011488,衢州学院,衢州学院,浙江省,衢州市,本科,浙江省,valid,pending,MOE,2026,截至2026年6月17日,967,
s_3a2a2f33277087f0b6ae8249a801a3d7,4133012877,衢州职业技术学院,衢州职业技术学院,浙江省,衢州市,专科,浙江省,valid,pending,MOE,2026,截至2026年6月17日,1028,
s_2639dd0d2bb01fb6a317e43e771a6f30,4133014207,上海财经大学浙江学院,上海财经大学浙江学院,浙江省,金华市,本科,浙江省教育厅,valid,pending,MOE,2026,截至2026年6月17日,995,民办
s_a4949f972c8aba3a21b90e413fd69cc1,4133010349,绍兴大学,绍兴大学,浙江省,绍兴市,本科,浙江省,valid,pending,MOE,2026,截至2026年6月17日,953,
s_4149b79994c6ae2db7879727f8520ac4,4133013288,绍兴理工学院,绍兴理工学院,浙江省,绍兴市,本科,浙江省,valid,pending,MOE,2026,截至2026年6月17日,987,
s_e59579369b3c34b96206b87d61b6f27e,4133012876,绍兴职业技术学院,绍兴职业技术学院,浙江省,绍兴市,专科,浙江省教育厅,valid,pending,MOE,2026,截至2026年6月17日,1027,民办
s_30b5200ad28d647b2b6164b1e56d9f60,4133013746,台州科技职业学院,台州科技职业学院,浙江省,台州市,专科,浙江省,valid,pending,MOE,2026,截至2026年6月17日,1039,
s_e34836e31bafc72f8a59239f49677e2a,4133010350,台州学院,台州学院,浙江省,台州市,本科,浙江省,valid,pending,MOE,2026,截至2026年6月17日,954,
s_569aaf3e807f754cdd5a86af0916dc9f,4133012790,台州职业技术学院,台州职业技术学院,浙江省,台州市,专科,浙江省,valid,pending,MOE,2026,截至2026年6月17日,1013,
s_863d957db582873af3841ef416dcf845,4133014206,同济大学浙江学院,同济大学浙江学院,浙江省,嘉兴市,本科,浙江省教育厅,valid,pending,MOE,2026,截至2026年6月17日,994,民办
s_0c68f756d6f1dacd4dd36fc9b1da955a,4133010351,温州大学,温州大学,浙江省,温州市,本科,浙江省,valid,pending,MOE,2026,截至2026年6月17日,955,
s_e654dac501a6f59ecfd7bc9051038519,4133014088,温州科技职业学院,温州科技职业学院,浙江省,温州市,专科,浙江省,valid,pending,MOE,2026,截至2026年6月17日,1042,
s_b7dce7c0dc93d3f4ad530ccafa6d4eb3,4133016405,温州肯恩大学,温州肯恩大学,浙江省,温州市,本科,浙江省教育厅,valid,pending,MOE,2026,截至2026年6月17日,1003,中外合作办学及内地与港澳合作办学
s_7ce7dadbef756baeb34c8d40f266b972,4133013289,温州理工学院,温州理工学院,浙江省,温州市,本科,浙江省,valid,pending,MOE,2026,截至2026年6月17日,988,
s_5c2ef75d3eb839aa4c08207589eca16f,4133013637,温州商学院,温州商学院,浙江省,温州市,本科,浙江省教育厅,valid,pending,MOE,2026,截至2026年6月17日,993,民办
s_10491309829023f84ca2ca30b432e5fe,4133010343,温州医科大学,温州医科大学,浙江省,温州市,本科,浙江省,valid,pending,MOE,2026,截至2026年6月17日,948,
s_6986b6de21467be9340f6b76a2e07764,4133013284,温州医科大学仁济学院,温州医科大学仁济学院,浙江省,温州市,本科,浙江省教育厅,valid,pending,MOE,2026,截至2026年6月17日,983,民办
s_290996c8160ed6baa833ad672be8ebf5,4133010864,温州职业技术大学,温州职业技术大学,浙江省,温州市,本科,浙江省,valid,pending,MOE,2026,截至2026年6月17日,1007,
s_360e316b5ef0bc002183cb65658a2692,4133014626,西湖大学,西湖大学,浙江省,杭州市,本科,浙江省教育厅,valid,pending,MOE,2026,截至2026年6月17日,998,民办
s_ec87a11bdc2476babd28295cf827b3f6,4133013003,义乌工商职业技术学院,义乌工商职业技术学院,浙江省,金华市,专科,浙江省,valid,pending,MOE,2026,截至2026年6月17日,1031,
s_ec582b301d37462110ae76d8b6e49c28,4133013021,浙大城市学院,浙大城市学院,浙江省,杭州市,本科,浙江省,valid,pending,MOE,2026,截至2026年6月17日,973,
s_ec2430e7a0dea6b83264011d9a074a81,4133013022,浙大宁波理工学院,浙大宁波理工学院,浙江省,宁波市,本科,浙江省,valid,pending,MOE,2026,截至2026年6月17日,974,
s_857002dfd36325eccb0fda7fedfee3d8,4133014492,浙江安防职业技术学院,浙江安防职业技术学院,浙江省,温州市,专科,浙江省,valid,pending,MOE,2026,截至2026年6月17日,1047,
s_0d20ebc13a8a22332b68741f67d4f046,4133011482,浙江财经大学,浙江财经大学,浙江省,杭州市,本科,浙江省,valid,pending,MOE,2026,截至2026年6月17日,965,
s_726cfb896f02982fa4a18870267ee8fd,4133013294,浙江财经大学东方学院,浙江财经大学东方学院,浙江省,嘉兴市,本科,浙江省教育厅,valid,pending,MOE,2026,截至2026年6月17日,992,民办
s_f0647cd9070a513f9e0c521ea5dd0bae,4133011647,浙江传媒学院,浙江传媒学院,浙江省,杭州市,本科,浙江省,valid,pending,MOE,2026,截至2026年6月17日,969,
s_1f154576ff4416a38aeaac4ff19f0f4d,4133010335,浙江大学,浙江大学,浙江省,杭州市,本科,教育部,valid,pending,MOE,2026,截至2026年6月17日,942,
s_8e3353fdf0edf542cfbb1e3e74bcf599,4133012646,浙江电力职业技术学院,浙江电力职业技术学院,浙江省,杭州市,专科,浙江省,valid,pending,MOE,2026,截至2026年6月17日,1010,
s_1bfce10dc88fd71ccdcb1719a003ef16,4133013002,浙江东方职业技术学院,浙江东方职业技术学院,浙江省,温州市,专科,浙江省教育厅,valid,pending,MOE,2026,截至2026年6月17日,1030,民办
s_07bc61c4eea86d31ee58010b2c90038c,4133013025,浙江纺织服装职业技术学院,浙江纺织服装职业技术学院,浙江省,宁波市,专科,浙江省,valid,pending,MOE,2026,截至2026年6月17日,1032,
s_e1375a1e1281f342cde6f94b663bd29b,4133012791,浙江工贸职业技术学院,浙江工贸职业技术学院,浙江省,温州市,专科,浙江省,valid,pending,MOE,2026,截至2026年6月17日,1014,
s_171258a4ecddf37f15e9805d850b8764,4133010353,浙江工商大学,浙江工商大学,浙江省,杭州市,本科,浙江省,valid,pending,MOE,2026,截至2026年6月17日,957,
s_7fa9747c7010a07d097e76bab8baada8,4133013290,浙江工商大学杭州商学院,浙江工商大学杭州商学院,浙江省,杭州市,本科,浙江省教育厅,valid,pending,MOE,2026,截至2026年6月17日,989,民办
s_4fde35387c38dbc2b77957faf7c15f1d,4133012789,浙江工商职业技术学院,浙江工商职业技术学院,浙江省,宁波市,专科,浙江省,valid,pending,MOE,2026,截至2026年6月17日,1012,
s_9ffa372b8dd52bf5a10fcfc64f102690,4133010337,浙江工业大学,浙江工业大学,浙江省,杭州市,本科,浙江省,valid,pending,MOE,2026,截至2026年6月17日,944,
s_6d2be8b9dd500c45f3342f99541e5afc,4133013275,浙江工业大学之江学院,浙江工业大学之江学院,浙江省,杭州市,本科,浙江省教育厅,valid,pending,MOE,2026,截至2026年6月17日,977,民办
s_8486dbd9f34b9c7873d70cbb65afecf6,4133012871,浙江工业职业技术学院,浙江工业职业技术学院,浙江省,绍兴市,专科,浙江省,valid,pending,MOE,2026,截至2026年6月17日,1024,
s_aea614f3c0e64a4aa2d8a2d1c739b7cf,4133013029,浙江广厦建设职业技术大学,浙江广厦建设职业技术大学,浙江省,金华市,本科,浙江省教育厅,valid,pending,MOE,2026,截至2026年6月17日,976,民办
s_766b2ae9c93573b2ac4a1b7440994ace,4133013853,浙江国际海运职业技术学院,浙江国际海运职业技术学院,浙江省,舟山市,专科,浙江省,valid,pending,MOE,2026,截至2026年6月17日,1040,
s_8b5df006101fb8feb9317a1307f96e59,4133010340,浙江海洋大学,浙江海洋大学,浙江省,舟山市,本科,浙江省,valid,pending,MOE,2026,截至2026年6月17日,946,
s_f33be906b9e7508fcac02cf6c25f1539,4133014090,浙江横店影视职业学院,浙江横店影视职业学院,浙江省,金华市,专科,浙江省教育厅,valid,pending,MOE,2026,截至2026年6月17日,1044,民办
s_75845a2c8e7d6f43e005a2639427bd18,4133012861,浙江机电职业技术大学,浙江机电职业技术大学,浙江省,杭州市,本科,浙江省,valid,pending,MOE,2026,截至2026年6月17日,1001,
s_c138191336024180715b2f8e62791948,4133012862,浙江建设职业技术学院,浙江建设职业技术学院,浙江省,杭州市,专科,浙江省,valid,pending,MOE,2026,截至2026年6月17日,1015,
s_c3bff54d5243e416b4aadf70a1d648a3,4133012036,浙江交通职业技术学院,浙江交通职业技术学院,浙江省,杭州市,专科,浙江省,valid,pending,MOE,2026,截至2026年6月17日,1008,
s_d0e91de454cc92563af8a029d43243b0,4133014746,浙江金华科贸职业技术学院,浙江金华科贸职业技术学院,浙江省,金华市,专科,浙江省教育厅,valid,pending,MOE,2026,截至2026年6月17日,1049,民办
s_6c72acf3d38238e172508e74e6e24015,4133012870,浙江金融职业学院,浙江金融职业学院,浙江省,杭州市,专科,浙江省,valid,pending,MOE,2026,截至2026年6月17日,1023,
s_700342be45c619cce5cb36ca859f62a3,4133012866,浙江经济职业技术学院,浙江经济职业技术学院,浙江省,杭州市,专科,浙江省,valid,pending,MOE,2026,截至2026年6月17日,1019,
s_ab48200ae67b52059c465ea20d814500,4133012864,浙江经贸职业技术学院,浙江经贸职业技术学院,浙江省,杭州市,专科,浙江省,valid,pending,MOE,2026,截至2026年6月17日,1017,
s_c03f6c8b5c226691888994af75903ad9,4133011483,浙江警察学院,浙江警察学院,浙江省,杭州市,本科,浙江省,valid,pending,MOE,2026,截至2026年6月17日,966,
s_f1acbd7630a1ebe4900ba1211ef8097b,4133012869,浙江警官职业学院,浙江警官职业学院,浙江省,杭州市,专科,浙江省,valid,pending,MOE,2026,截至2026年6月17日,1022,
s_d224973d927d7f3a2482a2e5ad79714a,4133011057,浙江科技大学,浙江科技大学,浙江省,杭州市,本科,浙江省,valid,pending,MOE,2026,截至2026年6月17日,962,
s_fc64eb35cc26cfcfe4dd5fcc884cbac6,4133010338,浙江理工大学,浙江理工大学,浙江省,杭州市,本科,浙江省,valid,pending,MOE,2026,截至2026年6月17日,945,
s_7a065ae45d70029a3afcdb8c747dad46,4133013280,浙江理工大学科技与艺术学院,浙江理工大学科技与艺术学院,浙江省,杭州市,本科,浙江省教育厅,valid,pending,MOE,2026,截至2026年6月17日,981,民办
s_c988db490d5d43942eaf9dfe866ec678,4133012867,浙江旅游职业学院,浙江旅游职业学院,浙江省,杭州市,专科,浙江省,valid,pending,MOE,2026,截至2026年6月17日,1020,
s_1c77cdfd1800143387630ef28cdb339a,4133010341,浙江农林大学,浙江农林大学,浙江省,杭州市,本科,浙江省,valid,pending,MOE,2026,截至2026年6月17日,947,
s_de83b9ff768fe9e3aabc1682424de5e8,4133013283,浙江农林大学暨阳学院,浙江农林大学暨阳学院,浙江省,绍兴市,本科,浙江省教育厅,valid,pending,MOE,2026,截至2026年6月17日,982,民办
s_f963bf710198f37e2f5536cca0e69c80,4133014269,浙江农业商贸职业学院,浙江农业商贸职业学院,浙江省,绍兴市,专科,浙江省,valid,pending,MOE,2026,截至2026年6月17日,1045,
s_6c2f1f09cb039c588fc957d1efaa4daf,4133014089,浙江汽车职业技术学院,浙江汽车职业技术学院,浙江省,台州市,专科,浙江省教育厅,valid,pending,MOE,2026,截至2026年6月17日,1043,民办
s_693e5077d2f4e344e703fdceda6b1c64,4133012865,浙江商业职业技术学院,浙江商业职业技术学院,浙江省,杭州市,专科,浙江省,valid,pending,MOE,2026,截至2026年6月17日,1018,
s_afa0efc7dc3f5166fb370e49e812849f,4133010345,浙江师范大学,浙江师范大学,浙江省,金华市,本科,浙江省,valid,pending,MOE,2026,截至2026年6月17日,950,
s_dc760d16a2df56ad75869d26282e1c3d,4133013276,浙江师范大学行知学院,浙江师范大学行知学院,浙江省,金华市,本科,浙江省教育厅,valid,pending,MOE,2026,截至2026年6月17日,978,民办
s_62bd380c717c506c489195d9ec2107d7,4133011842,浙江树人学院,浙江树人学院,浙江省,杭州市,本科,浙江省教育厅,valid,pending,MOE,2026,截至2026年6月17日,970,民办
s_ced3c26f11cd1eb4e3dbda8922733481,4133011481,浙江水利水电学院,浙江水利水电学院,浙江省,杭州市,本科,浙江省,valid,pending,MOE,2026,截至2026年6月17日,964,
s_5c86da969c4bdea9ba12a51b13a544ad,4133014431,浙江特殊教育职业学院,浙江特殊教育职业学院,浙江省,杭州市,专科,浙江省,valid,pending,MOE,2026,截至2026年6月17日,1046,
s_02cb9fff298bb4a2ccccbcf1ce45f21c,4133013854,浙江体育职业技术学院,浙江体育职业技术学院,浙江省,杭州市,专科,浙江省,valid,pending,MOE,2026,截至2026年6月17日,1041,
s_22e2258d1ee1347f368043519c499074,4133012647,浙江同济科技职业学院,浙江同济科技职业学院,浙江省,杭州市,专科,浙江省,valid,pending,MOE,2026,截至2026年6月17日,1011,
s_e6a9174c61ed6e5efdaae8d6e6ade257,4133014275,浙江外国语学院,浙江外国语学院,浙江省,杭州市,本科,浙江省,valid,pending,MOE,2026,截至2026年6月17日,996,
s_47a7affee914116e07b0c8f4906eaaa4,4133010876,浙江万里学院,浙江万里学院,浙江省,宁波市,本科,浙江省,valid,pending,MOE,2026,截至2026年6月17日,961,
s_198f921d8c1149262fbe4edc4e7acd90,4133016207,浙江药科职业大学,浙江药科职业大学,浙江省,宁波市,本科,浙江省,valid,pending,MOE,2026,截至2026年6月17日,999,
s_8e54a374fb0d02302feaa12618886d55,4133012863,浙江艺术职业学院,浙江艺术职业学院,浙江省,杭州市,专科,浙江省,valid,pending,MOE,2026,截至2026年6月17日,1016,
s_6c303bfb24b7e5f2bbb16a3a20340ee0,4133014535,浙江音乐学院,浙江音乐学院,浙江省,杭州市,本科,浙江省,valid,pending,MOE,2026,截至2026年6月17日,997,
s_7b9dac93382eb0fde1c3fd026fbd1caf,4133013688,浙江邮电职业技术学院,浙江邮电职业技术学院,浙江省,绍兴市,专科,浙江省,valid,pending,MOE,2026,截至2026年6月17日,1037,
s_51343e4ba0971fe19b2c1568940bdad6,4133014703,浙江宇翔职业技术学院,浙江宇翔职业技术学院,浙江省,湖州市,专科,浙江省教育厅,valid,pending,MOE,2026,截至2026年6月17日,1048,民办
s_263d680ea0fa3d2799b60018a49e237e,4133012868,浙江育英职业技术学院,浙江育英职业技术学院,浙江省,杭州市,专科,浙江省教育厅,valid,pending,MOE,2026,截至2026年6月17日,1021,民办
s_7be55701fa17c1f7f22ba06c82a81d2b,4133012792,浙江越秀外国语学院,浙江越秀外国语学院,浙江省,绍兴市,本科,浙江省教育厅,valid,pending,MOE,2026,截至2026年6月17日,971,民办
s_91a259801bbcb9afb1cecc4428f78fe6,4133013027,浙江长征职业技术学院,浙江长征职业技术学院,浙江省,杭州市,专科,浙江省教育厅,valid,pending,MOE,2026,截至2026年6月17日,1034,民办
s_0c498c02788df09851db2e602ba6ff9f,4133010344,浙江中医药大学,浙江中医药大学,浙江省,杭州市,本科,浙江省,valid,pending,MOE,2026,截至2026年6月17日,949,
s_713276e6b778a23a29203e42db31617c,4133013285,浙江中医药大学滨江学院,浙江中医药大学滨江学院,浙江省,杭州市,本科,浙江省教育厅,valid,pending,MOE,2026,截至2026年6月17日,984,民办
s_d90d2ba99bcd6a38098146bdd2b891d0,4133016408,浙江舟山群岛新区旅游与健康职业学院,浙江舟山群岛新区旅游与健康职业学院,浙江省,舟山市,专科,浙江省,valid,pending,MOE,2026,截至2026年6月17日,1050,
s_3fd07fae96e7537ac8c7bfa23bfa5f42,4133010356,中国计量大学,中国计量大学,浙江省,杭州市,本科,浙江省,valid,pending,MOE,2026,截至2026年6月17日,960,
s_7a1473dd9ef253f39eae6128b4c13398,4133013292,中国计量大学现代科技学院,中国计量大学现代科技学院,浙江省,杭州市,本科,浙江省教育厅,valid,pending,MOE,2026,截至2026年6月17日,991,民办
s_3ac3376964fb58f1ab0484b2f67ffb87,4133010355,中国美术学院,中国美术学院,浙江省,杭州市,本科,浙江省,valid,pending,MOE,2026,截至2026年6月17日,959,
